YearMonth,Year,FiscalYearSA,LocationDescription,ProductName,EligibilityStatus,LitresIssued,TransactionCount
2009-01,2009,FY2008/09,CHP-006,DIESEL,Eligible - Mining,1175.40,1
2009-01,2009,FY2008/09,ST-265,HYDRAULIC,Ineligible,16.80,12
2014-01,2014,FY2013/14,ST-263,OCA-46SSYN,Ineligible,415.14,15
2014-01,2014,FY2013/14,ST-264,ENGINE,Eligible - Mining,0.29,5
2014-01,2014,FY2013/14,BULK137,DIESEL,Eligible - Mining,27040.00,106
2014-01,2014,FY2013/14,BULK137,DIESEL,Ineligible,16131.00,73
2014-01,2014,FY2013/14,ST-264,DYNATRANS,Ineligible,0.06,1
2014-01,2014,FY2013/14,ST-264,ENGINE,Ineligible,0.11,2
2014-01,2014,FY2013/14,ST-264,TRANSMISSION,Eligible - Mining,124.62,20
2014-01,2014,FY2013/14,ST-264,TRANSMISSION,Ineligible,1.37,7
2014-01,2014,FY2013/14,CON-141,DIESEL,Eligible - Mining,17.00,1
2014-01,2014,FY2013/14,ST-264,HYDRAULIC,Eligible - Mining,0.57,11
2014-01,2014,FY2013/14,ST-264,HYDRAULIC,Ineligible,0.48,7
2014-01,2014,FY2013/14,ST-263,OCA-46SSYN,Eligible - Mining,17.97,15
2014-01,2014,FY2013/14,ST-264,DYNATRANS,Eligible - Mining,0.17,3
2019-03,2019,FY2018/19,DB-269,DIESEL,Eligible - Mining,809.00,2
2019-04,2019,FY2019/20,DB-270,DIESEL,Eligible - Mining,1003.00,2
2019-04,2019,FY2019/20,DB-269,DIESEL,Eligible - Mining,729.00,3
2019-04,2019,FY2019/20,ST-264,HYDRAULIC,Eligible - Mining,0.06,1
2019-04,2019,FY2019/20,ST-264,COOLANT,Eligible - Mining,0.11,2
2019-04,2019,FY2019/20,Nitro+,DIESEL,Eligible - Mining,3224.00,1
2019-04,2019,FY2019/20,ST-264,ENGINE,Eligible - Mining,0.06,1
2019-04,2019,FY2019/20,ST-264,TRANSMISSION,Eligible - Mining,0.23,3
2019-05,2019,FY2019/20,DB-269,DIESEL,Eligible - Mining,14959.00,32
2019-05,2019,FY2019/20,DB-269,DIESEL,Ineligible,11093.00,21
2019-05,2019,FY2019/20,DB-270,DIESEL,Ineligible,14988.00,42
2019-05,2019,FY2019/20,Nitro+,ENGINE,Eligible - Mining,982.00,35
2019-05,2019,FY2019/20,Nitro+,TRANSMISSION,Eligible - Mining,362.00,16
2019-05,2019,FY2019/20,ST-264,HYDRAULIC,Eligible - Mining,0.65,9
2019-05,2019,FY2019/20,CON-074,DIESEL,Ineligible,4483.00,12
2019-05,2019,FY2019/20,DB-MCCA-100,DIESEL,Eligible - Mining,60784.00,135
2019-05,2019,FY2019/20,Nitro+,HYDRAULIC,Ineligible,20.00,1
2019-05,2019,FY2019/20,Nitro+,TRANSMISSION,Ineligible,51.00,2
2019-05,2019,FY2019/20,ST-264,COOLANT,Eligible - Mining,0.34,7
2019-05,2019,FY2019/20,ST-264,HYDRAULIC,Ineligible,0.11,2
2019-05,2019,FY2019/20,ST-264,TRANSMISSION,Eligible - Mining,267.79,32
2019-05,2019,FY2019/20,ST-264,TRANSMISSION,Ineligible,9.45,11
2019-05,2019,FY2019/20,Stores LDV,PETROL,Ineligible,284.72,14
2019-05,2019,FY2019/20,CMND-001,DIESEL,Eligible - Mining,22389.50,53
2019-05,2019,FY2019/20,Nitro+,DIESEL,Eligible - Mining,524449.93,233
2019-05,2019,FY2019/20,Nitro+,DIESEL,Ineligible,527813.97,73
2019-05,2019,FY2019/20,Nitro+,HYDRAULIC,Eligible - Mining,174.00,10
2019-05,2019,FY2019/20,ST-264,DYNATRANS,Eligible - Mining,0.17,4
2019-05,2019,FY2019/20,ST-264,DYNATRANS,Ineligible,0.37,5
2019-05,2019,FY2019/20,ST-264,ENGINE,Eligible - Mining,0.11,2
2019-05,2019,FY2019/20,ST-264,ENGINE,Ineligible,0.09,2
2019-05,2019,FY2019/20,Stores LDV,DIESEL,Eligible - Mining,3107.66,25
2019-05,2019,FY2019/20,CMND-001,DIESEL,Ineligible,55.30,1
2019-05,2019,FY2019/20,CON-074,DIESEL,Eligible - Mining,38144.00,92
2019-05,2019,FY2019/20,CON-141,DIESEL,Eligible - Mining,901.00,1
2019-05,2019,FY2019/20,DB-270,DIESEL,Eligible - Mining,56535.00,114
2019-05,2019,FY2019/20,DB-MCCA-100,DIESEL,Ineligible,2759.00,16
2019-05,2019,FY2019/20,North Concentrator,DIESEL,Eligible - Mining,1901.00,11
2019-05,2019,FY2019/20,North Concentrator,DIESEL,Ineligible,1422.00,16
2019-05,2019,FY2019/20,ST-264,COOLANT,Ineligible,0.31,5
2019-05,2019,FY2019/20,Stores LDV,DIESEL,Ineligible,4057.84,63
2019-05,2019,FY2019/20,Ultra City,DIESEL,Eligible - Mining,97536.80,76
2019-06,2019,FY2019/20,CMND-001,DIESEL,Ineligible,32421.20,108
2019-06,2019,FY2019/20,CON-141,DIESEL,Eligible - Mining,56577.00,137
2019-06,2019,FY2019/20,DB-270,DIESEL,Ineligible,17869.90,67
2019-06,2019,FY2019/20,DB-MCCA-100,DIESEL,Ineligible,10209.00,62
2019-06,2019,FY2019/20,Nitro+,DIESEL,Ineligible,115689.45,727
2019-06,2019,FY2019/20,Nitro+,ENGINE,Ineligible,21.00,1
2019-06,2019,FY2019/20,Nitro+,HYDRAULIC,Eligible - Mining,1086.00,45
2019-06,2019,FY2019/20,Nitro+,TRANSMISSION,Eligible - Mining,3215.00,99
2019-06,2019,FY2019/20,North Concentrator,DIESEL,Ineligible,6481.00,44
2019-06,2019,FY2019/20,ST-264,COOLANT,Ineligible,0.43,7
2019-06,2019,FY2019/20,ST-264,DYNATRANS,Eligible - Mining,2.27,42
2019-06,2019,FY2019/20,ST-264,ENGINE,Ineligible,0.28,6
2019-06,2019,FY2019/20,Ultra City,DIESEL,Eligible - Mining,734321.70,353
2019-06,2019,FY2019/20,Ultra City,DIESEL,Ineligible,119968.70,46
2019-06,2019,FY2019/20,DB-269,DIESEL,Eligible - Mining,185228.00,395
2019-06,2019,FY2019/20,DB-269,DIESEL,Ineligible,55241.00,147
2019-06,2019,FY2019/20,DB-270,DIESEL,Eligible - Mining,62525.30,252
2019-06,2019,FY2019/20,ST-263,OCA-46SSYN,Eligible - Mining,11.68,12
2019-06,2019,FY2019/20,ST-263,OCA-46SSYN,Ineligible,6.69,5
2019-06,2019,FY2019/20,ST-264,HYDRAULIC,Eligible - Mining,103.55,150
2019-06,2019,FY2019/20,Stores LDV,DIESEL,Ineligible,27838.02,375
2019-06,2019,FY2019/20,CON-141,DIESEL,Ineligible,5182.00,24
2019-06,2019,FY2019/20,DB-MCCA-100,DIESEL,Eligible - Mining,553909.00,1061
2019-06,2019,FY2019/20,Nitro+,ENGINE,Eligible - Mining,4397.00,167
2019-06,2019,FY2019/20,Nitro+,HYDRAULIC,Ineligible,58.00,4
2019-06,2019,FY2019/20,ST-264,COOLANT,Eligible - Mining,2.67,45
2019-06,2019,FY2019/20,ST-264,DYNATRANS,Ineligible,0.29,5
2019-06,2019,FY2019/20,ST-264,ENGINE,Eligible - Mining,2.16,40
2019-06,2019,FY2019/20,ST-264,TRANSMISSION,Ineligible,29.68,22
2019-06,2019,FY2019/20,Stores LDV,DIESEL,Eligible - Mining,14506.42,114
2019-06,2019,FY2019/20,CMND-001,DIESEL,Eligible - Mining,199673.30,453
2019-06,2019,FY2019/20,CON-074,DIESEL,Eligible - Mining,240567.00,758
2019-06,2019,FY2019/20,CON-074,DIESEL,Ineligible,41545.00,116
2019-06,2019,FY2019/20,Nitro+,DIESEL,Eligible - Mining,3210632.39,1738
2019-06,2019,FY2019/20,Nitro+,TRANSMISSION,Ineligible,117.00,7
2019-06,2019,FY2019/20,North Concentrator,DIESEL,Eligible - Mining,13788.00,89
2019-06,2019,FY2019/20,ST-264,HYDRAULIC,Ineligible,7.19,32
2019-06,2019,FY2019/20,ST-264,TRANSMISSION,Eligible - Mining,1167.02,213
2019-06,2019,FY2019/20,Stores LDV,PETROL,Eligible - Mining,172.54,5
2019-06,2019,FY2019/20,Stores LDV,PETROL,Ineligible,1919.12,72
2019-07,2019,FY2019/20,DB-269,DIESEL,Eligible - Mining,143880.00,305
2019-07,2019,FY2019/20,DB-269,DIESEL,Ineligible,50876.00,118
2019-07,2019,FY2019/20,DB-270,DIESEL,Ineligible,69738.30,219
2019-07,2019,FY2019/20,ST-263,OCA-46SSYN,Eligible - Mining,4.03,3
2019-07,2019,FY2019/20,ST-264,HYDRAULIC,Eligible - Mining,31.24,153
2019-07,2019,FY2019/20,Ultra City,DIESEL,Ineligible,222226.70,102
2019-07,2019,FY2019/20,CON-074,DIESEL,Ineligible,31647.00,81
2019-07,2019,FY2019/20,CON-141,DIESEL,Ineligible,4772.00,27
2019-07,2019,FY2019/20,DB-MCCA-100,DIESEL,Eligible - Mining,421288.00,811
2019-07,2019,FY2019/20,Nitro+,ENGINE,Eligible - Mining,3789.00,150
2019-07,2019,FY2019/20,Nitro+,HYDRAULIC,Ineligible,18.00,3
2019-07,2019,FY2019/20,ST-264,COOLANT,Eligible - Mining,4.49,80
2019-07,2019,FY2019/20,ST-264,HYDRAULIC,Ineligible,0.63,9
2019-07,2019,FY2019/20,ST-264,TRANSMISSION,Ineligible,5.97,12
2019-07,2019,FY2019/20,CHP-006,DIESEL,Ineligible,161.90,3
2019-07,2019,FY2019/20,CMND-001,DIESEL,Eligible - Mining,167886.00,391
2019-07,2019,FY2019/20,Nitro+,DIESEL,Eligible - Mining,3339728.89,1750
2019-07,2019,FY2019/20,Nitro+,DIESEL,Ineligible,204345.57,848
2019-07,2019,FY2019/20,Nitro+,TRANSMISSION,Ineligible,473.00,9
2019-07,2019,FY2019/20,North Concentrator,DIESEL,Eligible - Mining,9752.00,75
2019-07,2019,FY2019/20,ST-264,DYNATRANS,Eligible - Mining,6.24,51
2019-07,2019,FY2019/20,ST-264,DYNATRANS,Ineligible,0.37,7
2019-07,2019,FY2019/20,ST-264,ENGINE,Eligible - Mining,2.59,46
2019-07,2019,FY2019/20,ST-264,ENGINE,Ineligible,0.20,4
2019-07,2019,FY2019/20,ST-264,TRANSMISSION,Eligible - Mining,1285.36,227
2019-07,2019,FY2019/20,Stores LDV,DIESEL,Eligible - Mining,11104.82,127
2019-07,2019,FY2019/20,Stores LDV,PETROL,Eligible - Mining,104.05,2
2019-07,2019,FY2019/20,Stores LDV,PETROL,Ineligible,2900.86,110
2019-07,2019,FY2019/20,CMND-001,DIESEL,Ineligible,52400.40,183
2019-07,2019,FY2019/20,CON-074,DIESEL,Eligible - Mining,224915.00,729
2019-07,2019,FY2019/20,CON-141,DIESEL,Eligible - Mining,46276.00,101
2019-07,2019,FY2019/20,DB-270,DIESEL,Eligible - Mining,232478.80,509
2019-07,2019,FY2019/20,DB-MCCA-100,DIESEL,Ineligible,40669.00,159
2019-07,2019,FY2019/20,Nitro+,ENGINE,Ineligible,57.00,5
2019-07,2019,FY2019/20,Nitro+,HYDRAULIC,Eligible - Mining,1053.00,38
2019-07,2019,FY2019/20,Nitro+,TRANSMISSION,Eligible - Mining,3987.00,126
2019-07,2019,FY2019/20,North Concentrator,DIESEL,Ineligible,6111.00,68
2019-07,2019,FY2019/20,ST-264,COOLANT,Ineligible,0.43,8
2019-07,2019,FY2019/20,Stores LDV,DIESEL,Ineligible,22084.05,319
2019-07,2019,FY2019/20,Ultra City,DIESEL,Eligible - Mining,932469.70,408
2019-08,2019,FY2019/20,DB-269,DIESEL,Eligible - Mining,394235.00,773
2019-08,2019,FY2019/20,DB-270,DIESEL,Ineligible,14354.00,30
2019-08,2019,FY2019/20,DB-MCCA-126,DIESEL,Ineligible,44087.00,150
2019-08,2019,FY2019/20,Nitro+,DIESEL,Ineligible,84915.36,795
2019-08,2019,FY2019/20,Nitro+,TRANSMISSION,Eligible - Mining,5019.00,126
2019-08,2019,FY2019/20,ST-264,DYNATRANS,Eligible - Mining,6.49,78
2019-08,2019,FY2019/20,ST-264,ENGINE,Ineligible,0.23,3
2019-08,2019,FY2019/20,ST-264,HYDRAULIC,Eligible - Mining,57.89,183
2019-08,2019,FY2019/20,ST-264,TRANSMISSION,Eligible - Mining,2103.62,277
2019-08,2019,FY2019/20,Stores LDV,PETROL,Ineligible,2167.79,90
2019-08,2019,FY2019/20,Ultra City,DIESEL,Ineligible,308745.30,168
2019-08,2019,FY2019/20,CMND-001,DIESEL,Ineligible,40040.40,100
2019-08,2019,FY2019/20,DB-270,DIESEL,Eligible - Mining,59187.00,134
2019-08,2019,FY2019/20,Nitro+,HYDRAULIC,Eligible - Mining,2005.00,50
2019-08,2019,FY2019/20,Nitro+,HYDRAULIC,Ineligible,22.00,3
2019-08,2019,FY2019/20,North Concentrator,DIESEL,Ineligible,13097.00,106
2019-08,2019,FY2019/20,ST-264,COOLANT,Eligible - Mining,5.92,83
2019-08,2019,FY2019/20,ST-264,COOLANT,Ineligible,0.37,6
2019-08,2019,FY2019/20,ST-264,TRANSMISSION,Ineligible,174.11,10
2019-08,2019,FY2019/20,Stores LDV,DIESEL,Ineligible,26364.01,339
2019-08,2019,FY2019/20,Ultra City,DIESEL,Eligible - Mining,1604935.80,602
2019-08,2019,FY2019/20,CHP-006,DIESEL,Eligible - Mining,50950.60,132
2019-08,2019,FY2019/20,CHP-006,DIESEL,Ineligible,19710.20,45
2019-08,2019,FY2019/20,CMND-001,DIESEL,Eligible - Mining,110456.50,258
2019-08,2019,FY2019/20,DB-269,DIESEL,Ineligible,117626.00,314
2019-08,2019,FY2019/20,DB-MCCA-126,DIESEL,Eligible - Mining,362585.00,722
2019-08,2019,FY2019/20,Nitro+,DIESEL,Eligible - Mining,3455541.83,1748
2019-08,2019,FY2019/20,North Concentrator,DIESEL,Eligible - Mining,8710.00,60
2019-08,2019,FY2019/20,ST-264,DYNATRANS,Ineligible,0.20,2
2019-08,2019,FY2019/20,ST-264,ENGINE,Eligible - Mining,2.62,43
2019-08,2019,FY2019/20,Stores LDV,DIESEL,Eligible - Mining,9426.73,101
2019-08,2019,FY2019/20,Stores LDV,PETROL,Eligible - Mining,195.20,7
2019-08,2019,FY2019/20,CON-074,DIESEL,Eligible - Mining,228461.00,745
2019-08,2019,FY2019/20,CON-074,DIESEL,Ineligible,39415.00,119
2019-08,2019,FY2019/20,CON-141,DIESEL,Eligible - Mining,43234.00,94
2019-08,2019,FY2019/20,CON-141,DIESEL,Ineligible,5516.00,29
2019-08,2019,FY2019/20,Nitro+,ENGINE,Eligible - Mining,3942.00,167
2019-08,2019,FY2019/20,Nitro+,ENGINE,Ineligible,49.00,4
2019-08,2019,FY2019/20,Nitro+,TRANSMISSION,Ineligible,1134.00,12
2019-08,2019,FY2019/20,ST-264,HYDRAULIC,Ineligible,2.60,11
2019-09,2019,FY2019/20,CMND-001,DIESEL,Ineligible,39355.10,98
2019-09,2019,FY2019/20,North Concentrator,DIESEL,Ineligible,4834.00,46
2019-09,2019,FY2019/20,ST-264,COOLANT,Ineligible,0.23,5
2019-09,2019,FY2019/20,Stores LDV,DIESEL,Ineligible,21498.28,288
2019-09,2019,FY2019/20,Ultra City,DIESEL,Eligible - Mining,1471489.90,452
2019-09,2019,FY2019/20,CHP-006,DIESEL,Eligible - Mining,114649.90,318
2019-09,2019,FY2019/20,CMND-001,DIESEL,Eligible - Mining,126006.90,253
2019-09,2019,FY2019/20,DB-269,DIESEL,Ineligible,104308.00,289
2019-09,2019,FY2019/20,DB-MCCA-126,DIESEL,Eligible - Mining,462877.00,927
2019-09,2019,FY2019/20,Nitro+,DIESEL,Eligible - Mining,3271860.33,1698
2019-09,2019,FY2019/20,Nitro+,ENGINE,Eligible - Mining,3483.00,123
2019-09,2019,FY2019/20,ST-264,COOLANT,Eligible - Mining,3.95,71
2019-09,2019,FY2019/20,ST-264,DYNATRANS,Ineligible,0.17,3
2019-09,2019,FY2019/20,ST-264,ENGINE,Eligible - Mining,2.39,40
2019-09,2019,FY2019/20,ST-264,TRANSMISSION,Ineligible,11.28,13
2019-09,2019,FY2019/20,Stores LDV,DIESEL,Eligible - Mining,15144.64,103
2019-09,2019,FY2019/20,CHP-006,DIESEL,Ineligible,34398.30,101
2019-09,2019,FY2019/20,CON-074,DIESEL,Eligible - Mining,225168.00,726
2019-09,2019,FY2019/20,CON-074,DIESEL,Ineligible,26627.00,72
2019-09,2019,FY2019/20,CON-141,DIESEL,Eligible - Mining,59239.00,133
2019-09,2019,FY2019/20,CON-141,DIESEL,Ineligible,4869.00,25
2019-09,2019,FY2019/20,Nitro+,TRANSMISSION,Ineligible,228.00,4
2019-09,2019,FY2019/20,North Concentrator,DIESEL,Eligible - Mining,8933.00,57
2019-09,2019,FY2019/20,ST-264,HYDRAULIC,Ineligible,0.65,10
2019-09,2019,FY2019/20,ST-264,TRANSMISSION,Eligible - Mining,1248.56,212
2019-09,2019,FY2019/20,Stores LDV,PETROL,Eligible - Mining,127.56,7
2019-09,2019,FY2019/20,Stores LDV,PETROL,Ineligible,2371.44,58
2019-09,2019,FY2019/20,DB-269,DIESEL,Eligible - Mining,402065.00,826
2019-09,2019,FY2019/20,DB-MCCA-126,DIESEL,Ineligible,59756.00,199
2019-09,2019,FY2019/20,Nitro+,DIESEL,Ineligible,90486.82,750
2019-09,2019,FY2019/20,Nitro+,ENGINE,Ineligible,31.00,2
2019-09,2019,FY2019/20,Nitro+,HYDRAULIC,Eligible - Mining,656.00,43
2019-09,2019,FY2019/20,Nitro+,TRANSMISSION,Eligible - Mining,2995.00,112
2019-09,2019,FY2019/20,ST-264,DYNATRANS,Eligible - Mining,4.53,39
2019-09,2019,FY2019/20,ST-264,ENGINE,Ineligible,0.29,4
2019-09,2019,FY2019/20,ST-264,HYDRAULIC,Eligible - Mining,68.78,167
2019-09,2019,FY2019/20,Ultra City,DIESEL,Ineligible,413246.80,185
2019-10,2019,FY2019/20,DB-269,DIESEL,Eligible - Mining,206426.00,427
2019-10,2019,FY2019/20,DB-270,DIESEL,Ineligible,46293.00,111
2019-10,2019,FY2019/20,DB-338,DIESEL,Eligible - Mining,23822.00,49
2019-10,2019,FY2019/20,Nitro+,DIESEL,Ineligible,192659.20,811
2019-10,2019,FY2019/20,Nitro+,TRANSMISSION,Eligible - Mining,3053.00,119
2019-10,2019,FY2019/20,ST-264,DYNATRANS,Eligible - Mining,1.71,27
2019-10,2019,FY2019/20,ST-264,ENGINE,Ineligible,0.11,2
2019-10,2019,FY2019/20,ST-264,HYDRAULIC,Eligible - Mining,8.23,124
2019-10,2019,FY2019/20,ST-264,TRANSMISSION,Eligible - Mining,1280.58,295
2019-10,2019,FY2019/20,Stores LDV,PETROL,Ineligible,3138.99,74
2019-10,2019,FY2019/20,Ultra City,DIESEL,Ineligible,406161.70,230
2019-10,2019,FY2019/20,CHP-006,DIESEL,Eligible - Mining,104415.70,335
2019-10,2019,FY2019/20,CON-074,DIESEL,Eligible - Mining,217309.00,699
2019-10,2019,FY2019/20,CON-074,DIESEL,Ineligible,16479.00,51
2019-10,2019,FY2019/20,CON-141,DIESEL,Eligible - Mining,7503.00,17
2019-10,2019,FY2019/20,CON-141,DIESEL,Ineligible,366.00,9
2019-10,2019,FY2019/20,DB-MCCA-126,DIESEL,Ineligible,58567.00,182
2019-10,2019,FY2019/20,Nitro+,ENGINE,Eligible - Mining,3630.00,153
2019-10,2019,FY2019/20,Nitro+,ENGINE,Ineligible,72.00,4
2019-10,2019,FY2019/20,Nitro+,TRANSMISSION,Ineligible,105.00,10
2019-10,2019,FY2019/20,ST-264,HYDRAULIC,Ineligible,0.34,4
2019-10,2019,FY2019/20,CHP-006,DIESEL,Ineligible,19969.50,78
2019-10,2019,FY2019/20,CMND-001,DIESEL,Eligible - Mining,99106.00,225
2019-10,2019,FY2019/20,DB-269,DIESEL,Ineligible,31419.00,118
2019-10,2019,FY2019/20,DB-338,DIESEL,Ineligible,3982.00,17
2019-10,2019,FY2019/20,DB-MCCA-126,DIESEL,Eligible - Mining,387438.00,838
2019-10,2019,FY2019/20,Nitro+,DIESEL,Eligible - Mining,3100716.10,1534
2019-10,2019,FY2019/20,North Concentrator,DIESEL,Eligible - Mining,9189.00,70
2019-10,2019,FY2019/20,ST-264,DYNATRANS,Ineligible,0.06,1
2019-10,2019,FY2019/20,ST-264,ENGINE,Eligible - Mining,1.94,30
2019-10,2019,FY2019/20,Stores LDV,DIESEL,Eligible - Mining,11467.67,94
2019-10,2019,FY2019/20,Stores LDV,PETROL,Eligible - Mining,72.91,6
2019-10,2019,FY2019/20,BULK137,DIESEL,Eligible - Mining,3777.00,16
2019-10,2019,FY2019/20,BULK137,DIESEL,Ineligible,3137.00,7
2019-10,2019,FY2019/20,CMND-001,DIESEL,Ineligible,20219.50,62
2019-10,2019,FY2019/20,DB-270,DIESEL,Eligible - Mining,265744.00,503
2019-10,2019,FY2019/20,Nitro+,HYDRAULIC,Eligible - Mining,1230.00,46
2019-10,2019,FY2019/20,Nitro+,HYDRAULIC,Ineligible,38.00,1
2019-10,2019,FY2019/20,North Concentrator,DIESEL,Ineligible,11381.00,105
2019-10,2019,FY2019/20,ST-264,COOLANT,Eligible - Mining,3.44,60
2019-10,2019,FY2019/20,ST-264,COOLANT,Ineligible,0.20,3
2019-10,2019,FY2019/20,ST-264,TRANSMISSION,Ineligible,26.83,6
2019-10,2019,FY2019/20,Stores LDV,DIESEL,Ineligible,26903.24,342
2019-10,2019,FY2019/20,Ultra City,DIESEL,Eligible - Mining,1434660.40,591
2019-11,2019,FY2019/20,CHP-006,DIESEL,Eligible - Mining,102993.20,316
2019-11,2019,FY2019/20,CON-074,DIESEL,Eligible - Mining,181492.00,658
2019-11,2019,FY2019/20,DB-270,DIESEL,Ineligible,62242.00,102
2019-11,2019,FY2019/20,DB-MCCA-126,DIESEL,Eligible - Mining,415108.00,851
2019-11,2019,FY2019/20,DB-MCCA-126,DIESEL,Ineligible,72360.00,205
2019-11,2019,FY2019/20,Nitro+,ENGINE,Eligible - Mining,3628.00,127
2019-11,2019,FY2019/20,Nitro+,ENGINE,Ineligible,23.00,1
2019-11,2019,FY2019/20,Nitro+,TRANSMISSION,Eligible - Mining,3031.00,93
2019-11,2019,FY2019/20,ST-264,HYDRAULIC,Ineligible,0.26,4
2019-11,2019,FY2019/20,CHP-006,DIESEL,Ineligible,21874.80,71
2019-11,2019,FY2019/20,CMND-001,DIESEL,Eligible - Mining,6284.00,17
2019-11,2019,FY2019/20,DB-269,DIESEL,Ineligible,72967.00,238
2019-11,2019,FY2019/20,DB-338,DIESEL,Ineligible,503.20,6
2019-11,2019,FY2019/20,Nitro+,DIESEL,Eligible - Mining,2854617.80,1286
2019-11,2019,FY2019/20,North Concentrator,DIESEL,Eligible - Mining,8431.00,77
2019-11,2019,FY2019/20,ST-264,ENGINE,Eligible - Mining,3.02,49
2019-11,2019,FY2019/20,Stores LDV,DIESEL,Eligible - Mining,13279.41,96
2019-11,2019,FY2019/20,Stores LDV,DIESEL,Ineligible,25463.01,342
2019-11,2019,FY2019/20,Stores LDV,PETROL,Eligible - Mining,160.39,5
2019-11,2019,FY2019/20,BULK137,DIESEL,Eligible - Mining,47241.00,144
2019-11,2019,FY2019/20,CMND-001,DIESEL,Ineligible,1019.40,4
2019-11,2019,FY2019/20,DB-270,DIESEL,Eligible - Mining,384732.00,687
2019-11,2019,FY2019/20,Nitro+,HYDRAULIC,Eligible - Mining,956.00,27
2019-11,2019,FY2019/20,North Concentrator,DIESEL,Ineligible,6309.00,65
2019-11,2019,FY2019/20,ST-264,COOLANT,Eligible - Mining,3.19,52
2019-11,2019,FY2019/20,ST-264,COOLANT,Ineligible,0.31,6
2019-11,2019,FY2019/20,ST-264,DYNATRANS,Ineligible,0.17,2
2019-11,2019,FY2019/20,ST-264,TRANSMISSION,Ineligible,337.98,40
2019-11,2019,FY2019/20,Ultra City,DIESEL,Eligible - Mining,1592146.90,604
2019-11,2019,FY2019/20,BULK137,DIESEL,Ineligible,13229.00,36
2019-11,2019,FY2019/20,CON-074,DIESEL,Ineligible,19337.00,48
2019-11,2019,FY2019/20,DB-269,DIESEL,Eligible - Mining,301418.00,648
2019-11,2019,FY2019/20,DB-338,DIESEL,Eligible - Mining,8002.70,25
2019-11,2019,FY2019/20,Nitro+,DIESEL,Ineligible,86960.80,741
2019-11,2019,FY2019/20,Nitro+,TRANSMISSION,Ineligible,197.00,4
2019-11,2019,FY2019/20,ST-264,DYNATRANS,Eligible - Mining,3.16,51
2019-11,2019,FY2019/20,ST-264,ENGINE,Ineligible,0.29,5
2019-11,2019,FY2019/20,ST-264,HYDRAULIC,Eligible - Mining,6.95,111
2019-11,2019,FY2019/20,ST-264,TRANSMISSION,Eligible - Mining,437.06,208
2019-11,2019,FY2019/20,Stores LDV,PETROL,Ineligible,3396.20,96
2019-11,2019,FY2019/20,Ultra City,DIESEL,Ineligible,242815.20,123
2019-12,2019,FY2019/20,DB-270,DIESEL,Ineligible,53029.00,285
2019-12,2019,FY2019/20,DB-MCCA-126,DIESEL,Ineligible,12982.00,29
2019-12,2019,FY2019/20,Nitro+,DIESEL,Ineligible,86535.00,749
2019-12,2019,FY2019/20,Nitro+,HYDRAULIC,Eligible - Mining,612.00,27
2019-12,2019,FY2019/20,Nitro+,TRANSMISSION,Eligible - Mining,2478.00,74
2019-12,2019,FY2019/20,North Concentrator,DIESEL,Ineligible,8954.00,79
2019-12,2019,FY2019/20,ST-264,COOLANT,Ineligible,0.29,4
2019-12,2019,FY2019/20,ST-264,DYNATRANS,Eligible - Mining,3.33,51
2019-12,2019,FY2019/20,ST-264,ENGINE,Ineligible,0.29,4
2019-12,2019,FY2019/20,ST-264,HYDRAULIC,Eligible - Mining,6.83,112
2019-12,2019,FY2019/20,Ultra City,DIESEL,Ineligible,553294.00,207
2019-12,2019,FY2019/20,CHP-006,DIESEL,Ineligible,7134.30,19
2019-12,2019,FY2019/20,CON-074,DIESEL,Eligible - Mining,107398.00,359
2019-12,2019,FY2019/20,CON-074,DIESEL,Ineligible,23407.00,102
2019-12,2019,FY2019/20,DB-338,DIESEL,Eligible - Mining,90811.70,169
2019-12,2019,FY2019/20,Nitro+,TRANSMISSION,Ineligible,30.00,3
2019-12,2019,FY2019/20,North Concentrator,DIESEL,Eligible - Mining,7049.00,58
2019-12,2019,FY2019/20,ST-264,HYDRAULIC,Ineligible,0.37,6
2019-12,2019,FY2019/20,ST-264,TRANSMISSION,Eligible - Mining,2005.22,267
2019-12,2019,FY2019/20,Stores LDV,PETROL,Eligible - Mining,155.02,4
2019-12,2019,FY2019/20,Stores LDV,PETROL,Ineligible,2597.20,61
2019-12,2019,FY2019/20,CHP-006,DIESEL,Eligible - Mining,107938.20,338
2019-12,2019,FY2019/20,CMND-001,DIESEL,Eligible - Mining,136328.60,328
2019-12,2019,FY2019/20,DB-269,DIESEL,Ineligible,44545.00,167
2019-12,2019,FY2019/20,DB-338,DIESEL,Ineligible,7829.40,31
2019-12,2019,FY2019/20,DB-MCCA-126,DIESEL,Eligible - Mining,99184.00,203
2019-12,2019,FY2019/20,Nitro+,DIESEL,Eligible - Mining,2721751.50,1193
2019-12,2019,FY2019/20,Nitro+,ENGINE,Eligible - Mining,2888.00,103
2019-12,2019,FY2019/20,ST-264,COOLANT,Eligible - Mining,3.84,65
2019-12,2019,FY2019/20,ST-264,DYNATRANS,Ineligible,0.17,3
2019-12,2019,FY2019/20,ST-264,ENGINE,Eligible - Mining,2.47,44
2019-12,2019,FY2019/20,ST-264,TRANSMISSION,Ineligible,90.97,11
2019-12,2019,FY2019/20,Stores LDV,DIESEL,Eligible - Mining,12735.30,118
2019-12,2019,FY2019/20,BULK137,DIESEL,Eligible - Mining,29218.00,118
2019-12,2019,FY2019/20,BULK137,DIESEL,Ineligible,15950.00,85
2019-12,2019,FY2019/20,CMND-001,DIESEL,Ineligible,22781.70,56
2019-12,2019,FY2019/20,DB-269,DIESEL,Eligible - Mining,251161.00,489
2019-12,2019,FY2019/20,DB-270,DIESEL,Eligible - Mining,428388.00,633
2019-12,2019,FY2019/20,Stores LDV,DIESEL,Ineligible,25784.20,315
2019-12,2019,FY2019/20,Ultra City,DIESEL,Eligible - Mining,1425955.00,758
2020-01,2020,FY2019/20,CHP-006,DIESEL,Eligible - Mining,111766.00,327
2020-01,2020,FY2019/20,CHP-006,DIESEL,Ineligible,4929.90,19
2020-01,2020,FY2019/20,DB HIBS JV,DIESEL,Ineligible,7522.50,51
2020-01,2020,FY2019/20,DB-338,DIESEL,Eligible - Mining,30015.30,54
2020-01,2020,FY2019/20,DB-338,DIESEL,Ineligible,10376.70,38
2020-01,2020,FY2019/20,DB-MCCA-126,DIESEL,Ineligible,14108.00,36
2020-01,2020,FY2019/20,Nitro+,DIESEL,Eligible - Mining,2639523.90,1141
2020-01,2020,FY2019/20,Nitro+,TRANSMISSION,Ineligible,41.00,2
2020-01,2020,FY2019/20,ST-264,DYNATRANS,Eligible - Mining,2.70,41
2020-01,2020,FY2019/20,ST-264,ENGINE,Eligible - Mining,1.42,22
2020-01,2020,FY2019/20,ST-264,ENGINE,Ineligible,0.11,2
2020-01,2020,FY2019/20,Stores LDV,PETROL,Eligible - Mining,76.58,3
2020-01,2020,FY2019/20,Stores LDV,PETROL,Ineligible,3217.63,85
2020-01,2020,FY2019/20,BULK137,DIESEL,Ineligible,22879.00,58
2020-01,2020,FY2019/20,CMND-001,DIESEL,Eligible - Mining,205037.60,407
2020-01,2020,FY2019/20,CON-074,DIESEL,Ineligible,33420.00,121
2020-01,2020,FY2019/20,DB HIBS JV,DIESEL,Eligible - Mining,19867.80,141
2020-01,2020,FY2019/20,DB-MCCA-126,DIESEL,Eligible - Mining,181886.00,356
2020-01,2020,FY2019/20,Nitro+,ENGINE,Eligible - Mining,2890.00,110
2020-01,2020,FY2019/20,North Concentrator,DIESEL,Eligible - Mining,7095.00,47
2020-01,2020,FY2019/20,ST-264,COOLANT,Eligible - Mining,2.11,34
2020-01,2020,FY2019/20,ST-264,DYNATRANS,Ineligible,0.74,15
2020-01,2020,FY2019/20,ST-264,HYDRAULIC,Ineligible,2.56,44
2020-01,2020,FY2019/20,ST-264,TRANSMISSION,Ineligible,196.19,46
2020-01,2020,FY2019/20,Stores LDV,DIESEL,Eligible - Mining,15562.98,138
2020-01,2020,FY2019/20,DB-269,DIESEL,Eligible - Mining,257244.00,476
2020-01,2020,FY2019/20,DB-269,DIESEL,Ineligible,57704.00,220
2020-01,2020,FY2019/20,DB-270,DIESEL,Eligible - Mining,348527.00,629
2020-01,2020,FY2019/20,DB-270,DIESEL,Ineligible,44413.00,177
2020-01,2020,FY2019/20,Ultra City,DIESEL,Eligible - Mining,1329693.00,647
2020-01,2020,FY2019/20,Ultra City,DIESEL,Ineligible,541101.00,208
2020-01,2020,FY2019/20,BULK137,DIESEL,Eligible - Mining,37148.00,104
2020-01,2020,FY2019/20,CMND-001,DIESEL,Ineligible,32318.80,69
2020-01,2020,FY2019/20,CON-074,DIESEL,Eligible - Mining,99231.00,405
2020-01,2020,FY2019/20,Nitro+,DIESEL,Ineligible,128442.80,834
2020-01,2020,FY2019/20,Nitro+,ENGINE,Ineligible,1.00,1
2020-01,2020,FY2019/20,Nitro+,HYDRAULIC,Eligible - Mining,985.00,30
2020-01,2020,FY2019/20,Nitro+,TRANSMISSION,Eligible - Mining,2356.00,71
2020-01,2020,FY2019/20,North Concentrator,DIESEL,Ineligible,6402.00,53
2020-01,2020,FY2019/20,ST-264,COOLANT,Ineligible,0.71,14
2020-01,2020,FY2019/20,ST-264,HYDRAULIC,Eligible - Mining,6.55,95
2020-01,2020,FY2019/20,ST-264,TRANSMISSION,Eligible - Mining,1131.75,146
2020-01,2020,FY2019/20,Stores LDV,DIESEL,Ineligible,30914.96,351
2020-02,2020,FY2019/20,CMND-001,DIESEL,Ineligible,26945.80,65
2020-02,2020,FY2019/20,DB-270,DIESEL,Ineligible,56115.00,171
2020-02,2020,FY2019/20,Nitro+,ENGINE,Ineligible,1.00,1
2020-02,2020,FY2019/20,Nitro+,HYDRAULIC,Eligible - Mining,560.75,29
2020-02,2020,FY2019/20,Nitro+,TRANSMISSION,Eligible - Mining,1761.88,89
2020-02,2020,FY2019/20,North Concentrator,DIESEL,Ineligible,8396.00,61
2020-02,2020,FY2019/20,ST-264,COOLANT,Ineligible,0.68,11
2020-02,2020,FY2019/20,ST-264,DYNATRANS,Eligible - Mining,1.60,25
2020-02,2020,FY2019/20,ST-264,ENGINE,Ineligible,0.48,8
2020-02,2020,FY2019/20,ST-264,TRANSMISSION,Eligible - Mining,654.83,101
2020-02,2020,FY2019/20,Ultra City,DIESEL,Ineligible,511305.00,158
2020-02,2020,FY2019/20,CHP-006,DIESEL,Eligible - Mining,79283.20,232
2020-02,2020,FY2019/20,CHP-006,DIESEL,Ineligible,4919.90,14
2020-02,2020,FY2019/20,CON-074,DIESEL,Eligible - Mining,135659.00,591
2020-02,2020,FY2019/20,CON-074,DIESEL,Ineligible,50657.00,128
2020-02,2020,FY2019/20,DB HIBS JV,DIESEL,Ineligible,13820.40,64
2020-02,2020,FY2019/20,DB-338,DIESEL,Eligible - Mining,169347.50,288
2020-02,2020,FY2019/20,DB-338,DIESEL,Ineligible,30453.40,208
2020-02,2020,FY2019/20,DB-MCCA-126,DIESEL,Ineligible,40211.00,96
2020-02,2020,FY2019/20,Nitro+,DIESEL,Eligible - Mining,2415787.60,1206
2020-02,2020,FY2019/20,Nitro+,TRANSMISSION,Ineligible,14.22,2
2020-02,2020,FY2019/20,ST-264,HYDRAULIC,Eligible - Mining,4.47,70
2020-02,2020,FY2019/20,ST-264,HYDRAULIC,Ineligible,1.31,21
2020-02,2020,FY2019/20,Stores LDV,PETROL,Eligible - Mining,92.64,2
2020-02,2020,FY2019/20,Stores LDV,PETROL,Ineligible,2248.49,69
2020-02,2020,FY2019/20,CMND-001,DIESEL,Eligible - Mining,187795.60,450
2020-02,2020,FY2019/20,DB HIBS JV,DIESEL,Eligible - Mining,45665.20,309
2020-02,2020,FY2019/20,DB-270,DIESEL,Eligible - Mining,382193.00,757
2020-02,2020,FY2019/20,DB-MCCA-126,DIESEL,Eligible - Mining,242784.00,474
2020-02,2020,FY2019/20,Nitro+,ENGINE,Eligible - Mining,2086.62,94
2020-02,2020,FY2019/20,North Concentrator,DIESEL,Eligible - Mining,6670.00,60
2020-02,2020,FY2019/20,ST-264,COOLANT,Eligible - Mining,2.48,39
2020-02,2020,FY2019/20,ST-264,ENGINE,Eligible - Mining,1.74,30
2020-02,2020,FY2019/20,ST-264,TRANSMISSION,Ineligible,338.87,44
2020-02,2020,FY2019/20,BULK137,DIESEL,Eligible - Mining,3072.00,15
2020-02,2020,FY2019/20,BULK137,DIESEL,Ineligible,7139.00,18
2020-02,2020,FY2019/20,DB-269,DIESEL,Eligible - Mining,165206.00,349
2020-02,2020,FY2019/20,DB-269,DIESEL,Ineligible,27091.00,146
2020-02,2020,FY2019/20,Nitro+,DIESEL,Ineligible,124549.09,769
2020-02,2020,FY2019/20,ST-264,DYNATRANS,Ineligible,0.57,9
2020-02,2020,FY2019/20,Stores LDV,DIESEL,Eligible - Mining,9587.71,101
2020-02,2020,FY2019/20,Stores LDV,DIESEL,Ineligible,28016.35,330
2020-02,2020,FY2019/20,Ultra City,DIESEL,Eligible - Mining,1439013.00,597
2020-03,2020,FY2019/20,CHP-006,DIESEL,Eligible - Mining,63591.60,201
2020-03,2020,FY2019/20,CHP-006,DIESEL,Ineligible,1867.90,8
2020-03,2020,FY2019/20,CON-074,DIESEL,Eligible - Mining,123640.00,475
2020-03,2020,FY2019/20,CON-074,DIESEL,Ineligible,56865.00,162
2020-03,2020,FY2019/20,DB HIBS JV,DIESEL,Eligible - Mining,41773.70,225
2020-03,2020,FY2019/20,DB-MCCA-126,DIESEL,Ineligible,25471.00,95
2020-03,2020,FY2019/20,Nitro+,TRANSMISSION,Ineligible,28.00,2
2020-03,2020,FY2019/20,ST-264,HYDRAULIC,Eligible - Mining,5.38,85
2020-03,2020,FY2019/20,ST-264,HYDRAULIC,Ineligible,0.63,11
2020-03,2020,FY2019/20,Stores LDV,PETROL,Eligible - Mining,89.02,6
2020-03,2020,FY2019/20,Stores LDV,PETROL,Ineligible,3249.83,104
2020-03,2020,FY2019/20,DB HIBS JV,DIESEL,Ineligible,14011.50,59
2020-03,2020,FY2019/20,DB-269,DIESEL,Ineligible,38694.00,173
2020-03,2020,FY2019/20,DB-270,DIESEL,Eligible - Mining,216030.00,394
2020-03,2020,FY2019/20,DB-338,DIESEL,Ineligible,40096.30,155
2020-03,2020,FY2019/20,DB-MCCA-126,DIESEL,Eligible - Mining,251894.00,529
2020-03,2020,FY2019/20,Nitro+,DIESEL,Eligible - Mining,2680812.10,1166
2020-03,2020,FY2019/20,Nitro+,ENGINE,Eligible - Mining,2601.00,87
2020-03,2020,FY2019/20,North Concentrator,DIESEL,Eligible - Mining,7611.00,65
2020-03,2020,FY2019/20,ST-264,COOLANT,Eligible - Mining,4.30,69
2020-03,2020,FY2019/20,ST-264,ENGINE,Eligible - Mining,2.42,44
2020-03,2020,FY2019/20,ST-264,TRANSMISSION,Ineligible,403.19,23
2020-03,2020,FY2019/20,Ultra City,DIESEL,Eligible - Mining,1201153.00,430
2020-03,2020,FY2019/20,BULK137,DIESEL,Eligible - Mining,7804.00,24
2020-03,2020,FY2019/20,BULK137,DIESEL,Ineligible,5439.00,20
2020-03,2020,FY2019/20,CMND-001,DIESEL,Eligible - Mining,52007.80,117
2020-03,2020,FY2019/20,CMND-001,DIESEL,Ineligible,11436.80,27
2020-03,2020,FY2019/20,Nitro+,DIESEL,Ineligible,109532.70,726
2020-03,2020,FY2019/20,North Concentrator,DIESEL,Ineligible,8303.00,73
2020-03,2020,FY2019/20,ST-263,OCA-46SSYN,Eligible - Mining,128.20,38
2020-03,2020,FY2019/20,ST-264,COOLANT,Ineligible,0.40,8
2020-03,2020,FY2019/20,ST-264,DYNATRANS,Ineligible,0.34,5
2020-03,2020,FY2019/20,ST-265,HYDRAULIC,Eligible - Mining,190.00,30
2020-03,2020,FY2019/20,Stores LDV,DIESEL,Eligible - Mining,12515.61,100
2020-03,2020,FY2019/20,Stores LDV,DIESEL,Ineligible,21645.12,295
2020-03,2020,FY2019/20,DB-269,DIESEL,Eligible - Mining,241360.00,464
2020-03,2020,FY2019/20,DB-270,DIESEL,Ineligible,24169.00,56
2020-03,2020,FY2019/20,DB-338,DIESEL,Eligible - Mining,321609.70,620
2020-03,2020,FY2019/20,Nitro+,HYDRAULIC,Eligible - Mining,1274.00,44
2020-03,2020,FY2019/20,Nitro+,TRANSMISSION,Eligible - Mining,1600.00,65
2020-03,2020,FY2019/20,ST-264,DYNATRANS,Eligible - Mining,2.87,49
2020-03,2020,FY2019/20,ST-264,ENGINE,Ineligible,0.34,6
2020-03,2020,FY2019/20,ST-264,TRANSMISSION,Eligible - Mining,672.80,175
2020-03,2020,FY2019/20,Ultra City,DIESEL,Ineligible,541595.10,93
2020-04,2020,FY2020/21,BULK137,DIESEL,Ineligible,6768.00,23
2020-04,2020,FY2020/21,CON-074,DIESEL,Ineligible,19405.00,50
2020-04,2020,FY2020/21,DB-269,DIESEL,Eligible - Mining,254801.00,419
2020-04,2020,FY2020/21,DB-269,DIESEL,Ineligible,43026.00,161
2020-04,2020,FY2020/21,DB-338,DIESEL,Eligible - Mining,134365.40,195
2020-04,2020,FY2020/21,ST-264,DYNATRANS,Ineligible,0.31,6
2020-04,2020,FY2020/21,ST-264,HYDRAULIC,Ineligible,0.60,11
2020-04,2020,FY2020/21,ST-265,HYDRAULIC,Eligible - Mining,55.30,56
2020-04,2020,FY2020/21,Stores LDV,DIESEL,Eligible - Mining,4186.70,36
2020-04,2020,FY2020/21,Stores LDV,PETROL,Ineligible,1998.75,67
2020-04,2020,FY2020/21,DB HIBS JV,DIESEL,Eligible - Mining,15633.60,75
2020-04,2020,FY2020/21,DB-270,DIESEL,Eligible - Mining,54785.00,120
2020-04,2020,FY2020/21,DB-270,DIESEL,Ineligible,23101.00,31
2020-04,2020,FY2020/21,Nitro+,ENGINE,Eligible - Mining,2390.00,73
2020-04,2020,FY2020/21,Nitro+,TRANSMISSION,Eligible - Mining,2840.00,77
2020-04,2020,FY2020/21,Ultra City,DIESEL,Eligible - Mining,572745.00,231
2020-04,2020,FY2020/21,Ultra City,DIESEL,Ineligible,305734.90,64
2020-04,2020,FY2020/21,BULK137,DIESEL,Eligible - Mining,8093.00,19
2020-04,2020,FY2020/21,CMND-001,DIESEL,Ineligible,13546.90,52
2020-04,2020,FY2020/21,CON-074,DIESEL,Eligible - Mining,82477.00,251
2020-04,2020,FY2020/21,Nitro+,DIESEL,Ineligible,40935.84,459
2020-04,2020,FY2020/21,ST-264,HYDRAULIC,Eligible - Mining,2.99,49
2020-04,2020,FY2020/21,ST-265,HYDRAULIC,Ineligible,7.10,10
2020-04,2020,FY2020/21,Stores LDV,DIESEL,Ineligible,11661.95,180
2020-04,2020,FY2020/21,CMND-001,DIESEL,Eligible - Mining,90181.30,174
2020-04,2020,FY2020/21,DB HIBS JV,DIESEL,Ineligible,3373.30,14
2020-04,2020,FY2020/21,DB-338,DIESEL,Ineligible,11390.80,38
2020-04,2020,FY2020/21,Nitro+,DIESEL,Eligible - Mining,1876082.36,716
2020-04,2020,FY2020/21,Nitro+,HYDRAULIC,Eligible - Mining,395.00,18
2020-04,2020,FY2020/21,North Concentrator,DIESEL,Eligible - Mining,1780.00,14
2020-04,2020,FY2020/21,North Concentrator,DIESEL,Ineligible,6663.00,47
2020-04,2020,FY2020/21,ST-264,COOLANT,Eligible - Mining,1.28,21
2020-04,2020,FY2020/21,ST-264,COOLANT,Ineligible,0.46,8
2020-04,2020,FY2020/21,ST-264,DYNATRANS,Eligible - Mining,0.97,15
2020-04,2020,FY2020/21,ST-264,ENGINE,Eligible - Mining,1.05,17
2020-04,2020,FY2020/21,ST-264,ENGINE,Ineligible,0.17,3
2020-04,2020,FY2020/21,ST-264,TRANSMISSION,Eligible - Mining,933.92,144
2020-04,2020,FY2020/21,ST-264,TRANSMISSION,Ineligible,1.65,17
2020-05,2020,FY2020/21,DB-269,DIESEL,Eligible - Mining,276334.00,464
2020-05,2020,FY2020/21,DB-270,DIESEL,Eligible - Mining,108804.00,254
2020-05,2020,FY2020/21,DB-270,DIESEL,Ineligible,15770.00,62
2020-05,2020,FY2020/21,DB-MCCA-126,DIESEL,Eligible - Mining,97479.00,176
2020-05,2020,FY2020/21,Nitro+,TRANSMISSION,Eligible - Mining,4585.00,118
2020-05,2020,FY2020/21,Ultra City,DIESEL,Eligible - Mining,1105856.30,599
2020-05,2020,FY2020/21,Ultra City,DIESEL,Ineligible,783401.70,155
2020-05,2020,FY2020/21,BULK137,DIESEL,Eligible - Mining,25516.00,59
2020-05,2020,FY2020/21,CHP-006,DIESEL,Ineligible,551.70,1
2020-05,2020,FY2020/21,CMND-001,DIESEL,Ineligible,3884.40,20
2020-05,2020,FY2020/21,CON-074,DIESEL,Eligible - Mining,107048.00,393
2020-05,2020,FY2020/21,DB-MCCA-126,DIESEL,Ineligible,7754.00,27
2020-05,2020,FY2020/21,Nitro+,DIESEL,Ineligible,79737.39,766
2020-05,2020,FY2020/21,Nitro+,ENGINE,Ineligible,10.00,1
2020-05,2020,FY2020/21,North Concentrator,DIESEL,Ineligible,6223.00,48
2020-05,2020,FY2020/21,ST-264,COOLANT,Ineligible,0.63,10
2020-05,2020,FY2020/21,ST-264,HYDRAULIC,Eligible - Mining,2.14,34
2020-05,2020,FY2020/21,ST-265,HYDRAULIC,Ineligible,560.30,27
2020-05,2020,FY2020/21,Stores LDV,DIESEL,Ineligible,16710.56,250
2020-05,2020,FY2020/21,DB HIBS JV,DIESEL,Ineligible,11704.30,54
2020-05,2020,FY2020/21,DB-338,DIESEL,Eligible - Mining,383780.70,745
2020-05,2020,FY2020/21,DB-338,DIESEL,Ineligible,36480.80,145
2020-05,2020,FY2020/21,Nitro+,DIESEL,Eligible - Mining,3084760.91,1260
2020-05,2020,FY2020/21,Nitro+,HYDRAULIC,Eligible - Mining,665.00,30
2020-05,2020,FY2020/21,ST-264,DYNATRANS,Eligible - Mining,1.42,23
2020-05,2020,FY2020/21,ST-264,ENGINE,Eligible - Mining,0.54,8
2020-05,2020,FY2020/21,ST-264,ENGINE,Ineligible,0.17,3
2020-05,2020,FY2020/21,ST-264,TRANSMISSION,Eligible - Mining,792.34,98
2020-05,2020,FY2020/21,Stores LDV,PETROL,Ineligible,2596.05,79
2020-05,2020,FY2020/21,BULK137,DIESEL,Ineligible,10531.00,59
2020-05,2020,FY2020/21,CHP-006,DIESEL,Eligible - Mining,101456.50,319
2020-05,2020,FY2020/21,CMND-001,DIESEL,Eligible - Mining,32834.50,76
2020-05,2020,FY2020/21,CON-074,DIESEL,Ineligible,11886.00,36
2020-05,2020,FY2020/21,DB HIBS JV,DIESEL,Eligible - Mining,60411.10,307
2020-05,2020,FY2020/21,DB-269,DIESEL,Ineligible,37769.00,133
2020-05,2020,FY2020/21,Nitro+,ENGINE,Eligible - Mining,3864.00,127
2020-05,2020,FY2020/21,North Concentrator,DIESEL,Eligible - Mining,3279.00,23
2020-05,2020,FY2020/21,ST-264,COOLANT,Eligible - Mining,1.48,26
2020-05,2020,FY2020/21,ST-264,DYNATRANS,Ineligible,0.40,5
2020-05,2020,FY2020/21,ST-264,HYDRAULIC,Ineligible,1.03,18
2020-05,2020,FY2020/21,ST-264,TRANSMISSION,Ineligible,24.34,19
2020-05,2020,FY2020/21,ST-265,HYDRAULIC,Eligible - Mining,8974.40,126
2020-05,2020,FY2020/21,Stores LDV,DIESEL,Eligible - Mining,5964.71,48
2020-06,2020,FY2020/21,BULK137,DIESEL,Ineligible,41226.00,124
2020-06,2020,FY2020/21,CON-074,DIESEL,Ineligible,34904.00,114
2020-06,2020,FY2020/21,DB HIBS JV,DIESEL,Eligible - Mining,39590.30,252
2020-06,2020,FY2020/21,DB-269,DIESEL,Ineligible,31217.00,131
2020-06,2020,FY2020/21,Nitro+,ENGINE,Eligible - Mining,3683.00,145
2020-06,2020,FY2020/21,Nitro+,TRANSMISSION,Ineligible,1.00,1
2020-06,2020,FY2020/21,North Concentrator,DIESEL,Eligible - Mining,9907.00,78
2020-06,2020,FY2020/21,ST Epiroc CADS 246,DYNATRANS,Eligible - Mining,42.00,12
2020-06,2020,FY2020/21,ST-264,COOLANT,Eligible - Mining,2.28,38
2020-06,2020,FY2020/21,ST-264,DYNATRANS,Ineligible,0.11,2
2020-06,2020,FY2020/21,ST-264,HYDRAULIC,Ineligible,0.46,8
2020-06,2020,FY2020/21,ST-264,TRANSMISSION,Ineligible,0.74,10
2020-06,2020,FY2020/21,ST-265,HYDRAULIC,Eligible - Mining,11782.70,154
2020-06,2020,FY2020/21,Stores LDV,DIESEL,Eligible - Mining,5915.74,71
2020-06,2020,FY2020/21,DB-269,DIESEL,Eligible - Mining,216680.00,385
2020-06,2020,FY2020/21,DB-270,DIESEL,Eligible - Mining,113849.00,235
2020-06,2020,FY2020/21,DB-270,DIESEL,Ineligible,7265.00,29
2020-06,2020,FY2020/21,DB-MCCA-126,DIESEL,Eligible - Mining,368744.00,646
2020-06,2020,FY2020/21,Nitro+,TRANSMISSION,Eligible - Mining,2458.00,108
2020-06,2020,FY2020/21,ST-265,HYDRAULIC,Ineligible,817.80,7
2020-06,2020,FY2020/21,Ultra City,DIESEL,Eligible - Mining,1371552.40,648
2020-06,2020,FY2020/21,Ultra City,DIESEL,Ineligible,902274.50,193
2020-06,2020,FY2020/21,BULK137,DIESEL,Eligible - Mining,14018.00,34
2020-06,2020,FY2020/21,CON-074,DIESEL,Eligible - Mining,155206.00,511
2020-06,2020,FY2020/21,Nitro+,DIESEL,Ineligible,81616.91,924
2020-06,2020,FY2020/21,Nitro+,ENGINE,Ineligible,8.00,1
2020-06,2020,FY2020/21,Nitro+,HYDRAULIC,Eligible - Mining,1152.00,42
2020-06,2020,FY2020/21,North Concentrator,DIESEL,Ineligible,39784.00,141
2020-06,2020,FY2020/21,ST Epiroc CADS 246,ENGINE,Eligible - Mining,200.30,17
2020-06,2020,FY2020/21,ST-264,COOLANT,Ineligible,0.28,5
2020-06,2020,FY2020/21,ST-264,HYDRAULIC,Eligible - Mining,5.76,54
2020-06,2020,FY2020/21,ST-264,TRANSMISSION,Eligible - Mining,578.43,89
2020-06,2020,FY2020/21,Stores LDV,DIESEL,Ineligible,13691.71,194
2020-06,2020,FY2020/21,CHP-006,DIESEL,Eligible - Mining,91416.20,280
2020-06,2020,FY2020/21,DB HIBS JV,DIESEL,Ineligible,7030.40,52
2020-06,2020,FY2020/21,DB-338,DIESEL,Eligible - Mining,57682.00,307
2020-06,2020,FY2020/21,DB-338,DIESEL,Ineligible,5679.00,37
2020-06,2020,FY2020/21,DB-MCCA-126,DIESEL,Ineligible,29729.00,73
2020-06,2020,FY2020/21,Nitro+,DIESEL,Eligible - Mining,3691622.37,1560
2020-06,2020,FY2020/21,ST Epiroc CADS 246,HYDRAULIC,Eligible - Mining,70.10,4
2020-06,2020,FY2020/21,ST-264,DYNATRANS,Eligible - Mining,0.71,11
2020-06,2020,FY2020/21,ST-264,ENGINE,Eligible - Mining,1.00,16
2020-06,2020,FY2020/21,ST-264,ENGINE,Ineligible,0.11,1
2020-06,2020,FY2020/21,Stores LDV,PETROL,Ineligible,2437.50,69
2020-07,2020,FY2020/21,BULK137,DIESEL,Ineligible,9726.00,67
2020-07,2020,FY2020/21,DB-269,DIESEL,Eligible - Mining,347110.00,625
2020-07,2020,FY2020/21,DB-270,DIESEL,Eligible - Mining,166251.00,291
2020-07,2020,FY2020/21,ST-264,DYNATRANS,Ineligible,0.34,7
2020-07,2020,FY2020/21,ST-265,HYDRAULIC,Eligible - Mining,18147.60,182
2020-07,2020,FY2020/21,ST-265,HYDRAULIC,Ineligible,1861.50,20
2020-07,2020,FY2020/21,Stores LDV,DIESEL,Ineligible,19782.71,264
2020-07,2020,FY2020/21,Ultra City,DIESEL,Eligible - Mining,1628002.20,743
2020-07,2020,FY2020/21,Ultra City,DIESEL,Ineligible,700607.50,185
2020-07,2020,FY2020/21,BULK137,DIESEL,Eligible - Mining,28350.00,52
2020-07,2020,FY2020/21,CON-074,DIESEL,Eligible - Mining,176901.00,530
2020-07,2020,FY2020/21,DB-270,DIESEL,Ineligible,20302.00,55
2020-07,2020,FY2020/21,Nitro+,DIESEL,Ineligible,90483.50,978
2020-07,2020,FY2020/21,Nitro+,ENGINE,Ineligible,29.00,2
2020-07,2020,FY2020/21,Nitro+,HYDRAULIC,Eligible - Mining,1153.00,33
2020-07,2020,FY2020/21,Nitro+,TRANSMISSION,Eligible - Mining,3628.00,107
2020-07,2020,FY2020/21,North Concentrator,DIESEL,Ineligible,22657.00,121
2020-07,2020,FY2020/21,ST Epiroc CADS 246,ENGINE,Eligible - Mining,744.50,17
2020-07,2020,FY2020/21,ST-264,COOLANT,Ineligible,0.60,9
2020-07,2020,FY2020/21,ST-264,HYDRAULIC,Eligible - Mining,4.32,64
2020-07,2020,FY2020/21,ST-264,TRANSMISSION,Eligible - Mining,332.46,85
2020-07,2020,FY2020/21,CHP-006,DIESEL,Eligible - Mining,30812.30,77
2020-07,2020,FY2020/21,CON-074,DIESEL,Ineligible,18967.00,52
2020-07,2020,FY2020/21,DB HIBS JV,DIESEL,Ineligible,6931.50,47
2020-07,2020,FY2020/21,DB-338,DIESEL,Eligible - Mining,36719.00,260
2020-07,2020,FY2020/21,DB-338,DIESEL,Ineligible,836.00,47
2020-07,2020,FY2020/21,DB-MCCA-126,DIESEL,Ineligible,29902.00,80
2020-07,2020,FY2020/21,Nitro+,DIESEL,Eligible - Mining,4018709.80,1670
2020-07,2020,FY2020/21,Nitro+,TRANSMISSION,Ineligible,12.00,1
2020-07,2020,FY2020/21,ST Epiroc CADS 246,HYDRAULIC,Eligible - Mining,776.00,31
2020-07,2020,FY2020/21,ST-264,DYNATRANS,Eligible - Mining,2.33,30
2020-07,2020,FY2020/21,ST-264,ENGINE,Eligible - Mining,1.00,16
2020-07,2020,FY2020/21,ST-264,ENGINE,Ineligible,0.51,8
2020-07,2020,FY2020/21,Stores LDV,PETROL,Ineligible,2263.53,67
2020-07,2020,FY2020/21,DB HIBS JV,DIESEL,Eligible - Mining,49477.40,311
2020-07,2020,FY2020/21,DB-269,DIESEL,Ineligible,24156.00,88
2020-07,2020,FY2020/21,DB-MCCA-126,DIESEL,Eligible - Mining,400117.00,722
2020-07,2020,FY2020/21,Nitro+,ENGINE,Eligible - Mining,3712.00,160
2020-07,2020,FY2020/21,North Concentrator,DIESEL,Eligible - Mining,9654.00,64
2020-07,2020,FY2020/21,ST Epiroc CADS 246,DYNATRANS,Eligible - Mining,227.80,77
2020-07,2020,FY2020/21,ST-264,COOLANT,Eligible - Mining,2.47,37
2020-07,2020,FY2020/21,ST-264,HYDRAULIC,Ineligible,1.05,18
2020-07,2020,FY2020/21,ST-264,TRANSMISSION,Ineligible,327.82,21
2020-07,2020,FY2020/21,Stores LDV,DIESEL,Eligible - Mining,8843.57,99
2020-08,2020,FY2020/21,DB HIBS JV,DIESEL,Eligible - Mining,71300.90,464
2020-08,2020,FY2020/21,DB-269,DIESEL,Ineligible,18859.00,48
2020-08,2020,FY2020/21,DB-270,DIESEL,Eligible - Mining,126879.00,228
2020-08,2020,FY2020/21,DB-MCCA-126,DIESEL,Eligible - Mining,319198.00,573
2020-08,2020,FY2020/21,Nitro+,ENGINE,Eligible - Mining,3035.00,153
2020-08,2020,FY2020/21,North Concentrator,DIESEL,Eligible - Mining,11910.00,88
2020-08,2020,FY2020/21,ST-264,COOLANT,Eligible - Mining,3.96,49
2020-08,2020,FY2020/21,ST-264,ENGINE,Eligible - Mining,1.96,33
2020-08,2020,FY2020/21,ST-264,TRANSMISSION,Ineligible,0.31,5
2020-08,2020,FY2020/21,Ultra City,DIESEL,Eligible - Mining,1296030.50,572
2020-08,2020,FY2020/21,BULK137,DIESEL,Eligible - Mining,8659.00,32
2020-08,2020,FY2020/21,BULK137,DIESEL,Ineligible,36129.00,93
2020-08,2020,FY2020/21,DB-269,DIESEL,Eligible - Mining,265176.00,444
2020-08,2020,FY2020/21,Nitro+,DIESEL,Ineligible,93006.80,849
2020-08,2020,FY2020/21,ST Epiroc CADS 246,DYNATRANS,Eligible - Mining,0.60,1
2020-08,2020,FY2020/21,ST Epiroc CADS 246,ENGINE,Eligible - Mining,375.60,14
2020-08,2020,FY2020/21,ST-264,DYNATRANS,Ineligible,0.06,1
2020-08,2020,FY2020/21,ST-265,HYDRAULIC,Eligible - Mining,21879.80,205
2020-08,2020,FY2020/21,ST-265,HYDRAULIC,Ineligible,1825.10,25
2020-08,2020,FY2020/21,Stores LDV,DIESEL,Eligible - Mining,14960.47,121
2020-08,2020,FY2020/21,Stores LDV,DIESEL,Ineligible,18313.42,260
2020-08,2020,FY2020/21,DB-270,DIESEL,Ineligible,11408.00,31
2020-08,2020,FY2020/21,Nitro+,ENGINE,Ineligible,57.00,4
2020-08,2020,FY2020/21,Nitro+,HYDRAULIC,Eligible - Mining,649.00,42
2020-08,2020,FY2020/21,Nitro+,TRANSMISSION,Eligible - Mining,4366.00,119
2020-08,2020,FY2020/21,North Concentrator,DIESEL,Ineligible,16471.00,122
2020-08,2020,FY2020/21,ST-264,COOLANT,Ineligible,0.09,1
2020-08,2020,FY2020/21,ST-264,DYNATRANS,Eligible - Mining,2.42,41
2020-08,2020,FY2020/21,ST-264,ENGINE,Ineligible,0.14,2
2020-08,2020,FY2020/21,ST-264,TRANSMISSION,Eligible - Mining,1598.25,140
2020-08,2020,FY2020/21,Ultra City,DIESEL,Ineligible,891131.40,196
2020-08,2020,FY2020/21,CHP-006,DIESEL,Eligible - Mining,68289.10,221
2020-08,2020,FY2020/21,CHP-006,DIESEL,Ineligible,107.30,3
2020-08,2020,FY2020/21,CON-074,DIESEL,Eligible - Mining,131935.00,438
2020-08,2020,FY2020/21,CON-074,DIESEL,Ineligible,13969.00,37
2020-08,2020,FY2020/21,DB HIBS JV,DIESEL,Ineligible,13256.30,96
2020-08,2020,FY2020/21,DB-338,DIESEL,Eligible - Mining,279849.00,567
2020-08,2020,FY2020/21,DB-338,DIESEL,Ineligible,19815.00,75
2020-08,2020,FY2020/21,DB-MCCA-126,DIESEL,Ineligible,35435.00,81
2020-08,2020,FY2020/21,Nitro+,DIESEL,Eligible - Mining,4165784.50,1735
2020-08,2020,FY2020/21,Nitro+,TRANSMISSION,Ineligible,2.00,2
2020-08,2020,FY2020/21,ST Epiroc CADS 246,HYDRAULIC,Eligible - Mining,135.50,7
2020-08,2020,FY2020/21,ST-264,HYDRAULIC,Eligible - Mining,5.81,83
2020-08,2020,FY2020/21,ST-264,HYDRAULIC,Ineligible,0.23,4
2020-08,2020,FY2020/21,Stores LDV,PETROL,Eligible - Mining,145.06,11
2020-08,2020,FY2020/21,Stores LDV,PETROL,Ineligible,2153.55,76
2020-09,2020,FY2020/21,BULK137,DIESEL,Eligible - Mining,9647.00,31
2020-09,2020,FY2020/21,BULK137,DIESEL,Ineligible,43524.00,104
2020-09,2020,FY2020/21,Nitro+,DIESEL,Ineligible,69566.95,803
2020-09,2020,FY2020/21,North Concentrator,DIESEL,Ineligible,26171.00,117
2020-09,2020,FY2020/21,ST Epiroc CADS 246,ENGINE,Eligible - Mining,97.30,5
2020-09,2020,FY2020/21,ST-264,COOLANT,Eligible - Mining,1.17,22
2020-09,2020,FY2020/21,ST-264,COOLANT,Ineligible,0.20,3
2020-09,2020,FY2020/21,ST-264,DYNATRANS,Ineligible,0.11,2
2020-09,2020,FY2020/21,ST-264,TRANSMISSION,Ineligible,363.71,19
2020-09,2020,FY2020/21,ST-265,HYDRAULIC,Eligible - Mining,24335.20,253
2020-09,2020,FY2020/21,ST-265,HYDRAULIC,Ineligible,963.40,16
2020-09,2020,FY2020/21,Stores LDV,DIESEL,Eligible - Mining,10275.01,131
2020-09,2020,FY2020/21,Stores LDV,DIESEL,Ineligible,20640.69,322
2020-09,2020,FY2020/21,DB-269,DIESEL,Eligible - Mining,19013.00,63
2020-09,2020,FY2020/21,DB-270,DIESEL,Ineligible,14630.00,71
2020-09,2020,FY2020/21,DB-338,DIESEL,Eligible - Mining,542908.00,798
2020-09,2020,FY2020/21,Nitro+,HYDRAULIC,Eligible - Mining,1180.00,40
2020-09,2020,FY2020/21,Nitro+,TRANSMISSION,Eligible - Mining,4006.00,112
2020-09,2020,FY2020/21,ST-264,DYNATRANS,Eligible - Mining,1.51,22
2020-09,2020,FY2020/21,ST-264,ENGINE,Ineligible,0.17,3
2020-09,2020,FY2020/21,ST-264,TRANSMISSION,Eligible - Mining,1188.20,106
2020-09,2020,FY2020/21,Stores LDV,PETROL,Ineligible,2465.42,75
2020-09,2020,FY2020/21,Ultra City,DIESEL,Ineligible,720183.00,126
2020-09,2020,FY2020/21,CHP-006,DIESEL,Eligible - Mining,104843.00,290
2020-09,2020,FY2020/21,CON-074,DIESEL,Eligible - Mining,143483.00,445
2020-09,2020,FY2020/21,CON-074,DIESEL,Ineligible,12794.00,36
2020-09,2020,FY2020/21,DB HIBS JV,DIESEL,Eligible - Mining,62189.60,455
2020-09,2020,FY2020/21,DB-269,DIESEL,Ineligible,4.00,3
2020-09,2020,FY2020/21,DB-MCCA-126,DIESEL,Ineligible,36096.00,92
2020-09,2020,FY2020/21,ST-264,HYDRAULIC,Eligible - Mining,2.70,48
2020-09,2020,FY2020/21,ST-264,HYDRAULIC,Ineligible,0.34,5
2020-09,2020,FY2020/21,DB HIBS JV,DIESEL,Ineligible,13417.80,90
2020-09,2020,FY2020/21,DB-270,DIESEL,Eligible - Mining,405997.00,720
2020-09,2020,FY2020/21,DB-338,DIESEL,Ineligible,10214.00,43
2020-09,2020,FY2020/21,DB-MCCA-126,DIESEL,Eligible - Mining,361579.00,734
2020-09,2020,FY2020/21,Nitro+,DIESEL,Eligible - Mining,3877249.30,1665
2020-09,2020,FY2020/21,Nitro+,ENGINE,Eligible - Mining,3456.00,166
2020-09,2020,FY2020/21,North Concentrator,DIESEL,Eligible - Mining,11771.00,76
2020-09,2020,FY2020/21,ST-264,ENGINE,Eligible - Mining,1.51,25
2020-09,2020,FY2020/21,Ultra City,DIESEL,Eligible - Mining,1595450.30,747
2020-10,2020,FY2020/21,BULK137,DIESEL,Ineligible,48334.00,117
2020-10,2020,FY2020/21,CHP-006,DIESEL,Eligible - Mining,77799.30,246
2020-10,2020,FY2020/21,CON-074,DIESEL,Ineligible,14433.00,56
2020-10,2020,FY2020/21,DB-269,DIESEL,Eligible - Mining,112555.00,197
2020-10,2020,FY2020/21,DB-338,DIESEL,Eligible - Mining,538931.00,846
2020-10,2020,FY2020/21,Nitro+,HYDRAULIC,Ineligible,25.00,1
2020-10,2020,FY2020/21,Nitro+,TRANSMISSION,Ineligible,105.00,3
2020-10,2020,FY2020/21,ST-264,HYDRAULIC,Ineligible,0.11,2
2020-10,2020,FY2020/21,ST-265,HYDRAULIC,Eligible - Mining,33889.50,348
2020-10,2020,FY2020/21,Stores LDV,DIESEL,Eligible - Mining,16404.85,144
2020-10,2020,FY2020/21,Stores LDV,PETROL,Ineligible,2123.03,58
2020-10,2020,FY2020/21,Nitro+,HYDRAULIC,Eligible - Mining,1437.00,43
2020-10,2020,FY2020/21,North Concentrator,DIESEL,Eligible - Mining,8469.00,59
2020-10,2020,FY2020/21,North Concentrator,DIESEL,Ineligible,16473.00,108
2020-10,2020,FY2020/21,ST-264,COOLANT,Eligible - Mining,1.48,26
2020-10,2020,FY2020/21,ST-264,COOLANT,Ineligible,0.14,3
2020-10,2020,FY2020/21,ST-264,DYNATRANS,Eligible - Mining,1.25,23
2020-10,2020,FY2020/21,ST-264,ENGINE,Eligible - Mining,0.88,16
2020-10,2020,FY2020/21,ST-264,ENGINE,Ineligible,0.20,3
2020-10,2020,FY2020/21,ST-264,TRANSMISSION,Eligible - Mining,1105.00,88
2020-10,2020,FY2020/21,ST-264,TRANSMISSION,Ineligible,0.40,4
2020-10,2020,FY2020/21,BULK137,DIESEL,Eligible - Mining,7040.00,23
2020-10,2020,FY2020/21,CON-074,DIESEL,Eligible - Mining,153271.00,464
2020-10,2020,FY2020/21,DB HIBS JV,DIESEL,Ineligible,5983.30,61
2020-10,2020,FY2020/21,DB-338,DIESEL,Ineligible,25067.00,74
2020-10,2020,FY2020/21,DB-MCCA-126,DIESEL,Ineligible,35512.00,109
2020-10,2020,FY2020/21,Nitro+,DIESEL,Eligible - Mining,4110983.00,2109
2020-10,2020,FY2020/21,Nitro+,DIESEL,Ineligible,95750.19,920
2020-10,2020,FY2020/21,ST-264,HYDRAULIC,Eligible - Mining,2.82,45
2020-10,2020,FY2020/21,ST-265,HYDRAULIC,Ineligible,1996.60,13
2020-10,2020,FY2020/21,Stores LDV,DIESEL,Ineligible,20991.25,335
2020-10,2020,FY2020/21,Stores LDV,PETROL,Eligible - Mining,10.32,1
2020-10,2020,FY2020/21,Ultra City,DIESEL,Eligible - Mining,1359678.20,888
2020-10,2020,FY2020/21,DB HIBS JV,DIESEL,Eligible - Mining,65433.60,457
2020-10,2020,FY2020/21,DB-269,DIESEL,Ineligible,5329.00,28
2020-10,2020,FY2020/21,DB-270,DIESEL,Eligible - Mining,171490.00,341
2020-10,2020,FY2020/21,DB-270,DIESEL,Ineligible,3100.00,30
2020-10,2020,FY2020/21,DB-MCCA-126,DIESEL,Eligible - Mining,319993.00,660
2020-10,2020,FY2020/21,Nitro+,ENGINE,Eligible - Mining,4744.00,198
2020-10,2020,FY2020/21,Nitro+,ENGINE,Ineligible,1.00,1
2020-10,2020,FY2020/21,Nitro+,TRANSMISSION,Eligible - Mining,5431.00,142
2020-10,2020,FY2020/21,Ultra City,DIESEL,Ineligible,948624.50,212
2020-11,2020,FY2020/21,BULK137,DIESEL,Eligible - Mining,2615.00,10
2020-11,2020,FY2020/21,BULK137,DIESEL,Ineligible,55605.00,121
2020-11,2020,FY2020/21,Nitro+,DIESEL,Ineligible,177642.10,807
2020-11,2020,FY2020/21,Nitro+,HYDRAULIC,Eligible - Mining,1252.00,40
2020-11,2020,FY2020/21,North Concentrator,DIESEL,Eligible - Mining,9166.00,61
2020-11,2020,FY2020/21,North Concentrator,DIESEL,Ineligible,10243.00,61
2020-11,2020,FY2020/21,ST-264,COOLANT,Eligible - Mining,1.71,27
2020-11,2020,FY2020/21,ST-264,COOLANT,Ineligible,0.34,6
2020-11,2020,FY2020/21,ST-264,TRANSMISSION,Eligible - Mining,805.32,79
2020-11,2020,FY2020/21,ST-264,TRANSMISSION,Ineligible,285.37,15
2020-11,2020,FY2020/21,Stores LDV,DIESEL,Eligible - Mining,10292.72,101
2020-11,2020,FY2020/21,Stores LDV,DIESEL,Ineligible,19798.61,272
2020-11,2020,FY2020/21,DB HIBS JV,DIESEL,Ineligible,4942.30,19
2020-11,2020,FY2020/21,DB-270,DIESEL,Eligible - Mining,134877.00,273
2020-11,2020,FY2020/21,DB-338,DIESEL,Ineligible,2657.00,12
2020-11,2020,FY2020/21,DB-MCCA-126,DIESEL,Ineligible,35967.00,103
2020-11,2020,FY2020/21,Nitro+,DIESEL,Eligible - Mining,2986115.50,1432
2020-11,2020,FY2020/21,ST-264,ENGINE,Eligible - Mining,1.34,21
2020-11,2020,FY2020/21,ST-265,HYDRAULIC,Ineligible,151.30,6
2020-11,2020,FY2020/21,Ultra City,DIESEL,Eligible - Mining,1229452.20,605
2020-11,2020,FY2020/21,CON-074,DIESEL,Eligible - Mining,106927.00,315
2020-11,2020,FY2020/21,CON-074,DIESEL,Ineligible,8256.00,23
2020-11,2020,FY2020/21,DB HIBS JV,DIESEL,Eligible - Mining,25546.20,127
2020-11,2020,FY2020/21,DB-269,DIESEL,Ineligible,11692.00,51
2020-11,2020,FY2020/21,DB-MCCA-126,DIESEL,Eligible - Mining,340925.00,558
2020-11,2020,FY2020/21,Nitro+,ENGINE,Eligible - Mining,3755.00,145
2020-11,2020,FY2020/21,Nitro+,TRANSMISSION,Eligible - Mining,4498.00,103
2020-11,2020,FY2020/21,ST-264,HYDRAULIC,Eligible - Mining,3.05,41
2020-11,2020,FY2020/21,ST-264,HYDRAULIC,Ineligible,0.20,4
2020-11,2020,FY2020/21,CHP-006,DIESEL,Eligible - Mining,88608.70,295
2020-11,2020,FY2020/21,DB-269,DIESEL,Eligible - Mining,209570.00,384
2020-11,2020,FY2020/21,DB-270,DIESEL,Ineligible,7468.00,44
2020-11,2020,FY2020/21,DB-338,DIESEL,Eligible - Mining,40744.00,88
2020-11,2020,FY2020/21,Nitro+,HYDRAULIC,Ineligible,41.00,2
2020-11,2020,FY2020/21,Nitro+,TRANSMISSION,Ineligible,180.00,11
2020-11,2020,FY2020/21,ST-264,DYNATRANS,Eligible - Mining,1.57,16
2020-11,2020,FY2020/21,ST-264,ENGINE,Ineligible,0.26,4
2020-11,2020,FY2020/21,ST-265,HYDRAULIC,Eligible - Mining,26739.40,274
2020-11,2020,FY2020/21,Stores LDV,PETROL,Ineligible,962.32,27
2020-11,2020,FY2020/21,Ultra City,DIESEL,Ineligible,472586.00,146
2020-12,2020,FY2020/21,DB-269,DIESEL,Eligible - Mining,261346.00,482
2020-12,2020,FY2020/21,DB-270,DIESEL,Ineligible,14451.00,55
2020-12,2020,FY2020/21,DB-338,DIESEL,Eligible - Mining,30112.00,37
2020-12,2020,FY2020/21,Nitro+,HYDRAULIC,Ineligible,35.00,2
2020-12,2020,FY2020/21,Nitro+,TRANSMISSION,Eligible - Mining,5173.00,114
2020-12,2020,FY2020/21,ST-264,DYNATRANS,Eligible - Mining,1.45,21
2020-12,2020,FY2020/21,ST-264,ENGINE,Ineligible,0.17,3
2020-12,2020,FY2020/21,Stores LDV,PETROL,Ineligible,1869.10,51
2020-12,2020,FY2020/21,Ultra City,DIESEL,Ineligible,602350.70,178
2020-12,2020,FY2020/21,BULK137,DIESEL,Eligible - Mining,1398.00,2
2020-12,2020,FY2020/21,BULK137,DIESEL,Ineligible,20006.00,48
2020-12,2020,FY2020/21,Nitro+,DIESEL,Ineligible,178434.20,884
2020-12,2020,FY2020/21,Nitro+,HYDRAULIC,Eligible - Mining,1202.00,30
2020-12,2020,FY2020/21,North Concentrator,DIESEL,Eligible - Mining,8984.00,53
2020-12,2020,FY2020/21,North Concentrator,DIESEL,Ineligible,12473.00,65
2020-12,2020,FY2020/21,ST-264,COOLANT,Eligible - Mining,0.60,9
2020-12,2020,FY2020/21,ST-264,COOLANT,Ineligible,0.06,1
2020-12,2020,FY2020/21,ST-264,DYNATRANS,Ineligible,0.11,2
2020-12,2020,FY2020/21,ST-264,TRANSMISSION,Eligible - Mining,672.81,62
2020-12,2020,FY2020/21,ST-264,TRANSMISSION,Ineligible,0.23,4
2020-12,2020,FY2020/21,ST-265,HYDRAULIC,Eligible - Mining,26462.00,228
2020-12,2020,FY2020/21,ST-265,HYDRAULIC,Ineligible,452.00,6
2020-12,2020,FY2020/21,Stores LDV,DIESEL,Eligible - Mining,10486.95,111
2020-12,2020,FY2020/21,Stores LDV,DIESEL,Ineligible,24471.63,316
2020-12,2020,FY2020/21,CHP-006,DIESEL,Ineligible,1360.70,3
2020-12,2020,FY2020/21,DB HIBS JV,DIESEL,Ineligible,24067.40,72
2020-12,2020,FY2020/21,DB-270,DIESEL,Eligible - Mining,144114.00,280
2020-12,2020,FY2020/21,DB-338,DIESEL,Ineligible,8236.00,21
2020-12,2020,FY2020/21,DB-MCCA-126,DIESEL,Eligible - Mining,365462.00,644
2020-12,2020,FY2020/21,DB-MCCA-126,DIESEL,Ineligible,46440.00,137
2020-12,2020,FY2020/21,Nitro+,DIESEL,Eligible - Mining,3653756.40,1593
2020-12,2020,FY2020/21,ST-264,ENGINE,Eligible - Mining,1.16,24
2020-12,2020,FY2020/21,Stores LDV,PETROL,Eligible - Mining,160.96,14
2020-12,2020,FY2020/21,Ultra City,DIESEL,Eligible - Mining,1384841.20,744
2020-12,2020,FY2020/21,CHP-006,DIESEL,Eligible - Mining,107648.10,326
2020-12,2020,FY2020/21,CON-074,DIESEL,Eligible - Mining,56843.00,179
2020-12,2020,FY2020/21,CON-074,DIESEL,Ineligible,20604.00,59
2020-12,2020,FY2020/21,DB HIBS JV,DIESEL,Eligible - Mining,79593.30,363
2020-12,2020,FY2020/21,DB-269,DIESEL,Ineligible,23635.00,92
2020-12,2020,FY2020/21,Nitro+,ENGINE,Eligible - Mining,4744.00,176
2020-12,2020,FY2020/21,Nitro+,ENGINE,Ineligible,20.00,1
2020-12,2020,FY2020/21,Nitro+,TRANSMISSION,Ineligible,75.00,2
2020-12,2020,FY2020/21,ST-264,HYDRAULIC,Eligible - Mining,6.79,44
2020-12,2020,FY2020/21,ST-264,HYDRAULIC,Ineligible,0.23,4
2021-01,2021,FY2020/21,CHP-006,DIESEL,Eligible - Mining,43573.70,135
2021-01,2021,FY2020/21,DB-270,DIESEL,Ineligible,6379.00,32
2021-01,2021,FY2020/21,DB-MCCA-126,DIESEL,Eligible - Mining,356019.00,664
2021-01,2021,FY2020/21,DB-MCCA-126,DIESEL,Ineligible,43736.00,151
2021-01,2021,FY2020/21,Nitro+,TRANSMISSION,Eligible - Mining,2837.00,87
2021-01,2021,FY2020/21,ST-264,HYDRAULIC,Eligible - Mining,1.20,19
2021-01,2021,FY2020/21,Ultra City,DIESEL,Ineligible,964794.70,211
2021-01,2021,FY2020/21,BULK137,DIESEL,Ineligible,49288.00,142
2021-01,2021,FY2020/21,CON-074,DIESEL,Ineligible,24659.00,68
2021-01,2021,FY2020/21,DB HIBS JV,DIESEL,Eligible - Mining,68119.90,283
2021-01,2021,FY2020/21,Nitro+,HYDRAULIC,Ineligible,24.00,1
2021-01,2021,FY2020/21,Nitro+,TRANSMISSION,Ineligible,22.00,1
2021-01,2021,FY2020/21,ST-264,HYDRAULIC,Ineligible,1.34,21
2021-01,2021,FY2020/21,ST-264,TRANSMISSION,Eligible - Mining,457.79,40
2021-01,2021,FY2020/21,ST-264,TRANSMISSION,Ineligible,426.84,43
2021-01,2021,FY2020/21,DB-338,DIESEL,Eligible - Mining,309904.00,547
2021-01,2021,FY2020/21,DB-338,DIESEL,Ineligible,20408.00,76
2021-01,2021,FY2020/21,Nitro+,DIESEL,Eligible - Mining,3834270.90,1645
2021-01,2021,FY2020/21,Nitro+,DIESEL,Ineligible,180698.40,858
2021-01,2021,FY2020/21,Nitro+,HYDRAULIC,Eligible - Mining,455.00,14
2021-01,2021,FY2020/21,ST-264,DYNATRANS,Eligible - Mining,0.57,11
2021-01,2021,FY2020/21,ST-264,DYNATRANS,Ineligible,0.54,9
2021-01,2021,FY2020/21,ST-264,ENGINE,Eligible - Mining,1.05,14
2021-01,2021,FY2020/21,ST-264,ENGINE,Ineligible,0.51,8
2021-01,2021,FY2020/21,ST-265,HYDRAULIC,Eligible - Mining,23464.30,204
2021-01,2021,FY2020/21,Stores LDV,DIESEL,Eligible - Mining,7925.73,77
2021-01,2021,FY2020/21,Stores LDV,PETROL,Ineligible,2201.77,55
2021-01,2021,FY2020/21,BULK137,DIESEL,Eligible - Mining,10372.00,30
2021-01,2021,FY2020/21,CHP-006,DIESEL,Ineligible,0.20,1
2021-01,2021,FY2020/21,CON-074,DIESEL,Eligible - Mining,88731.00,273
2021-01,2021,FY2020/21,DB HIBS JV,DIESEL,Ineligible,8709.10,40
2021-01,2021,FY2020/21,DB-270,DIESEL,Eligible - Mining,157977.00,356
2021-01,2021,FY2020/21,Nitro+,ENGINE,Eligible - Mining,2869.00,100
2021-01,2021,FY2020/21,Nitro+,ENGINE,Ineligible,45.00,3
2021-01,2021,FY2020/21,North Concentrator,DIESEL,Eligible - Mining,8472.00,49
2021-01,2021,FY2020/21,North Concentrator,DIESEL,Ineligible,10514.00,72
2021-01,2021,FY2020/21,ST-265,HYDRAULIC,Ineligible,1953.80,6
2021-01,2021,FY2020/21,Stores LDV,DIESEL,Ineligible,20976.67,297
2021-01,2021,FY2020/21,Ultra City,DIESEL,Eligible - Mining,1087329.30,713
2021-02,2021,FY2020/21,BULK137,DIESEL,Eligible - Mining,18553.00,51
2021-02,2021,FY2020/21,CON-074,DIESEL,Eligible - Mining,113900.00,365
2021-02,2021,FY2020/21,DB-269,DIESEL,Ineligible,9.00,5
2021-02,2021,FY2020/21,DB-270,DIESEL,Eligible - Mining,80712.00,188
2021-02,2021,FY2020/21,DB-338,DIESEL,Ineligible,11635.70,70
2021-02,2021,FY2020/21,Nitro+,DIESEL,Eligible - Mining,3614170.00,1553
2021-02,2021,FY2020/21,North Concentrator,DIESEL,Eligible - Mining,6516.00,54
2021-02,2021,FY2020/21,ST-264,COOLANT,Eligible - Mining,0.17,3
2021-02,2021,FY2020/21,ST-265,HYDRAULIC,Ineligible,1049.80,7
2021-02,2021,FY2020/21,Stores LDV,DIESEL,Ineligible,22953.01,301
2021-02,2021,FY2020/21,Ultra City,DIESEL,Eligible - Mining,939536.50,652
2021-02,2021,FY2020/21,CHP-006,DIESEL,Eligible - Mining,19031.50,58
2021-02,2021,FY2020/21,CMND-004,DIESEL,Eligible - Mining,25332.00,51
2021-02,2021,FY2020/21,DB HIBS JV,DIESEL,Eligible - Mining,78326.20,333
2021-02,2021,FY2020/21,DB HIBS JV,DIESEL,Ineligible,7304.30,49
2021-02,2021,FY2020/21,DB-270,DIESEL,Ineligible,5123.00,49
2021-02,2021,FY2020/21,DB-MCCA-126,DIESEL,Eligible - Mining,298801.00,546
2021-02,2021,FY2020/21,DB-MCCA-126,DIESEL,Ineligible,28322.00,89
2021-02,2021,FY2020/21,ST-264,HYDRAULIC,Eligible - Mining,1.85,32
2021-02,2021,FY2020/21,Ultra City,DIESEL,Ineligible,896563.00,172
2021-02,2021,FY2020/21,BULK137,DIESEL,Ineligible,31724.00,96
2021-02,2021,FY2020/21,CMND-004,DIESEL,Ineligible,10.00,4
2021-02,2021,FY2020/21,CON-074,DIESEL,Ineligible,6395.00,24
2021-02,2021,FY2020/21,DB-269,DIESEL,Eligible - Mining,13.00,6
2021-02,2021,FY2020/21,DB-338,DIESEL,Eligible - Mining,433284.00,703
2021-02,2021,FY2020/21,ST-264,HYDRAULIC,Ineligible,0.20,4
2021-02,2021,FY2020/21,ST-264,TRANSMISSION,Eligible - Mining,1225.59,124
2021-02,2021,FY2020/21,Stores LDV,PETROL,Ineligible,2161.73,64
2021-02,2021,FY2020/21,Nitro+,DIESEL,Ineligible,66036.70,804
2021-02,2021,FY2020/21,North Concentrator,DIESEL,Ineligible,7693.00,74
2021-02,2021,FY2020/21,ST-264,COOLANT,Ineligible,2.20,3
2021-02,2021,FY2020/21,ST-264,DYNATRANS,Eligible - Mining,0.82,15
2021-02,2021,FY2020/21,ST-264,DYNATRANS,Ineligible,0.23,4
2021-02,2021,FY2020/21,ST-264,ENGINE,Eligible - Mining,0.94,15
2021-02,2021,FY2020/21,ST-264,ENGINE,Ineligible,0.28,4
2021-02,2021,FY2020/21,ST-264,TRANSMISSION,Ineligible,289.82,11
2021-02,2021,FY2020/21,ST-265,HYDRAULIC,Eligible - Mining,23677.00,171
2021-02,2021,FY2020/21,Stores LDV,DIESEL,Eligible - Mining,12901.10,115
2021-03,2021,FY2020/21,CHP-006,DIESEL,Eligible - Mining,87830.10,350
2021-03,2021,FY2020/21,CMND-004,DIESEL,Eligible - Mining,352946.00,612
2021-03,2021,FY2020/21,CON-074,DIESEL,Eligible - Mining,134371.00,401
2021-03,2021,FY2020/21,DB HIBS JV,DIESEL,Eligible - Mining,106020.50,502
2021-03,2021,FY2020/21,DB HIBS JV,DIESEL,Ineligible,10321.60,82
2021-03,2021,FY2020/21,DB-270,DIESEL,Ineligible,3606.00,47
2021-03,2021,FY2020/21,DB-MCCA-126,DIESEL,Eligible - Mining,452772.00,813
2021-03,2021,FY2020/21,DB-MCCA-126,DIESEL,Ineligible,38575.00,106
2021-03,2021,FY2020/21,ST-264,HYDRAULIC,Ineligible,0.20,4
2021-03,2021,FY2020/21,BULK137,DIESEL,Ineligible,23085.00,55
2021-03,2021,FY2020/21,CMND-004,DIESEL,Ineligible,6.00,3
2021-03,2021,FY2020/21,CON-074,DIESEL,Ineligible,7969.00,29
2021-03,2021,FY2020/21,DB-269,DIESEL,Eligible - Mining,14517.00,35
2021-03,2021,FY2020/21,DB-338,DIESEL,Eligible - Mining,424244.00,638
2021-03,2021,FY2020/21,Nitro+,DIESEL,Ineligible,79419.60,910
2021-03,2021,FY2020/21,ST-264,DYNATRANS,Eligible - Mining,0.88,14
2021-03,2021,FY2020/21,ST-264,ENGINE,Ineligible,0.17,3
2021-03,2021,FY2020/21,ST-264,HYDRAULIC,Eligible - Mining,1.97,26
2021-03,2021,FY2020/21,ST-264,TRANSMISSION,Eligible - Mining,1273.56,44
2021-03,2021,FY2020/21,Stores LDV,PETROL,Ineligible,3733.25,107
2021-03,2021,FY2020/21,Ultra City,DIESEL,Ineligible,971820.10,178
2021-03,2021,FY2020/21,BULK137,DIESEL,Eligible - Mining,21864.00,46
2021-03,2021,FY2020/21,DB-270,DIESEL,Eligible - Mining,120001.00,287
2021-03,2021,FY2020/21,North Concentrator,DIESEL,Ineligible,11304.00,108
2021-03,2021,FY2020/21,ST-264,COOLANT,Ineligible,0.11,2
2021-03,2021,FY2020/21,ST-264,TRANSMISSION,Ineligible,0.17,4
2021-03,2021,FY2020/21,ST-265,HYDRAULIC,Eligible - Mining,33467.60,242
2021-03,2021,FY2020/21,Ultra City,DIESEL,Eligible - Mining,1242656.10,724
2021-03,2021,FY2020/21,DB-269,DIESEL,Ineligible,175.00,4
2021-03,2021,FY2020/21,DB-338,DIESEL,Ineligible,9480.00,97
2021-03,2021,FY2020/21,Nitro+,DIESEL,Eligible - Mining,4235191.90,1991
2021-03,2021,FY2020/21,North Concentrator,DIESEL,Eligible - Mining,11005.00,65
2021-03,2021,FY2020/21,ST-264,COOLANT,Eligible - Mining,0.71,11
2021-03,2021,FY2020/21,ST-264,ENGINE,Eligible - Mining,0.31,5
2021-03,2021,FY2020/21,ST-265,HYDRAULIC,Ineligible,146.50,11
2021-03,2021,FY2020/21,Stores LDV,DIESEL,Eligible - Mining,17510.37,147
2021-03,2021,FY2020/21,Stores LDV,DIESEL,Ineligible,24587.17,344
2021-03,2021,FY2020/21,Stores LDV,PETROL,Eligible - Mining,49.33,8
2021-04,2021,FY2021/22,CHP-006,DIESEL,Eligible - Mining,102531.40,321
2021-04,2021,FY2021/22,CMND-004,DIESEL,Ineligible,2.00,1
2021-04,2021,FY2021/22,DB-269,DIESEL,Eligible - Mining,84858.00,207
2021-04,2021,FY2021/22,DB-270,DIESEL,Ineligible,4.00,2
2021-04,2021,FY2021/22,DB-338,DIESEL,Eligible - Mining,375242.00,591
2021-04,2021,FY2021/22,ST-264,DYNATRANS,Eligible - Mining,0.48,9
2021-04,2021,FY2021/22,ST-264,ENGINE,Ineligible,0.29,5
2021-04,2021,FY2021/22,Stores LDV,PETROL,Ineligible,3155.13,81
2021-04,2021,FY2021/22,Ultra City,DIESEL,Ineligible,982783.80,203
2021-04,2021,FY2021/22,BULK137,DIESEL,Eligible - Mining,22260.00,52
2021-04,2021,FY2021/22,BULK137,DIESEL,Ineligible,27451.00,63
2021-04,2021,FY2021/22,Nitro+,DIESEL,Ineligible,72178.70,852
2021-04,2021,FY2021/22,North Concentrator,DIESEL,Eligible - Mining,8248.00,57
2021-04,2021,FY2021/22,North Concentrator,DIESEL,Ineligible,8014.00,67
2021-04,2021,FY2021/22,ST-264,COOLANT,Eligible - Mining,0.94,13
2021-04,2021,FY2021/22,ST-264,COOLANT,Ineligible,0.23,4
2021-04,2021,FY2021/22,ST-264,DYNATRANS,Ineligible,0.06,1
2021-04,2021,FY2021/22,ST-264,TRANSMISSION,Eligible - Mining,134.37,27
2021-04,2021,FY2021/22,ST-264,TRANSMISSION,Ineligible,274.96,25
2021-04,2021,FY2021/22,ST-265,HYDRAULIC,Eligible - Mining,23956.10,176
2021-04,2021,FY2021/22,ST-265,HYDRAULIC,Ineligible,749.00,7
2021-04,2021,FY2021/22,Stores LDV,DIESEL,Eligible - Mining,13361.38,109
2021-04,2021,FY2021/22,Stores LDV,DIESEL,Ineligible,22088.50,323
2021-04,2021,FY2021/22,CHP-006,DIESEL,Ineligible,0.20,2
2021-04,2021,FY2021/22,CMND-004,DIESEL,Eligible - Mining,267083.00,521
2021-04,2021,FY2021/22,DB HIBS JV,DIESEL,Ineligible,9585.60,85
2021-04,2021,FY2021/22,DB-270,DIESEL,Eligible - Mining,13344.00,27
2021-04,2021,FY2021/22,DB-338,DIESEL,Ineligible,17339.00,84
2021-04,2021,FY2021/22,DB-MCCA-126,DIESEL,Eligible - Mining,455328.00,782
2021-04,2021,FY2021/22,DB-MCCA-126,DIESEL,Ineligible,29072.00,87
2021-04,2021,FY2021/22,Nitro+,DIESEL,Eligible - Mining,3612875.90,1678
2021-04,2021,FY2021/22,ST-264,ENGINE,Eligible - Mining,0.51,9
2021-04,2021,FY2021/22,Stores LDV,PETROL,Eligible - Mining,60.54,5
2021-04,2021,FY2021/22,Ultra City,DIESEL,Eligible - Mining,1166604.60,685
2021-04,2021,FY2021/22,CON-074,DIESEL,Eligible - Mining,103704.00,338
2021-04,2021,FY2021/22,CON-074,DIESEL,Ineligible,5654.00,26
2021-04,2021,FY2021/22,DB HIBS JV,DIESEL,Eligible - Mining,110772.60,490
2021-04,2021,FY2021/22,DB-269,DIESEL,Ineligible,1358.00,11
2021-04,2021,FY2021/22,ST-264,HYDRAULIC,Eligible - Mining,2.48,24
2021-04,2021,FY2021/22,ST-264,HYDRAULIC,Ineligible,0.26,5
2021-05,2021,FY2021/22,BULK137,DIESEL,Eligible - Mining,24168.00,53
2021-05,2021,FY2021/22,BULK137,DIESEL,Ineligible,21620.00,54
2021-05,2021,FY2021/22,Nitro+,DIESEL,Ineligible,75876.60,895
2021-05,2021,FY2021/22,North Concentrator,DIESEL,Ineligible,12374.00,91
2021-05,2021,FY2021/22,ST-250,ODT-30,Eligible - Mining,744.10,9
2021-05,2021,FY2021/22,ST-264,COOLANT,Eligible - Mining,0.17,2
2021-05,2021,FY2021/22,ST-265,HYDRAULIC,Eligible - Mining,21191.10,158
2021-05,2021,FY2021/22,ST-265,HYDRAULIC,Ineligible,1497.80,8
2021-05,2021,FY2021/22,Stores LDV,DIESEL,Eligible - Mining,15448.31,146
2021-05,2021,FY2021/22,Stores LDV,DIESEL,Ineligible,23980.53,351
2021-05,2021,FY2021/22,DB HIBS JV,DIESEL,Ineligible,6723.00,58
2021-05,2021,FY2021/22,DB-270,DIESEL,Eligible - Mining,103909.00,232
2021-05,2021,FY2021/22,DB-338,DIESEL,Ineligible,14919.00,68
2021-05,2021,FY2021/22,DB-MCCA-100,DIESEL,Ineligible,52.00,1
2021-05,2021,FY2021/22,DB-MCCA-126,DIESEL,Eligible - Mining,404509.00,735
2021-05,2021,FY2021/22,Nitro+,DIESEL,Eligible - Mining,3928745.70,1659
2021-05,2021,FY2021/22,North Concentrator,DIESEL,Eligible - Mining,8641.00,57
2021-05,2021,FY2021/22,ST-264,ENGINE,Eligible - Mining,0.11,2
2021-05,2021,FY2021/22,Ultra City,DIESEL,Eligible - Mining,1240484.60,676
2021-05,2021,FY2021/22,CHP-006,DIESEL,Eligible - Mining,86388.40,281
2021-05,2021,FY2021/22,CMND-004,DIESEL,Eligible - Mining,231035.00,394
2021-05,2021,FY2021/22,CMND-004,DIESEL,Ineligible,249.00,4
2021-05,2021,FY2021/22,CON-074,DIESEL,Eligible - Mining,117541.00,432
2021-05,2021,FY2021/22,CON-074,DIESEL,Ineligible,13179.00,50
2021-05,2021,FY2021/22,DB HIBS JV,DIESEL,Eligible - Mining,114847.40,511
2021-05,2021,FY2021/22,DB-269,DIESEL,Ineligible,2280.00,9
2021-05,2021,FY2021/22,DB-MCCA-100,DIESEL,Eligible - Mining,125.00,2
2021-05,2021,FY2021/22,DB-MCCA-126,DIESEL,Ineligible,40354.00,222
2021-05,2021,FY2021/22,Nitro+,TRANSMISSION,Ineligible,4.00,2
2021-05,2021,FY2021/22,ST-264,HYDRAULIC,Eligible - Mining,0.34,5
2021-05,2021,FY2021/22,Stores LDV,PETROL,Eligible - Mining,55.54,5
2021-05,2021,FY2021/22,DB-269,DIESEL,Eligible - Mining,110089.00,227
2021-05,2021,FY2021/22,DB-270,DIESEL,Ineligible,3848.00,17
2021-05,2021,FY2021/22,DB-338,DIESEL,Eligible - Mining,452675.00,657
2021-05,2021,FY2021/22,ST-264,DYNATRANS,Eligible - Mining,0.11,2
2021-05,2021,FY2021/22,ST-264,TRANSMISSION,Eligible - Mining,0.40,6
2021-05,2021,FY2021/22,Stores LDV,PETROL,Ineligible,3119.93,85
2021-05,2021,FY2021/22,Ultra City,DIESEL,Ineligible,928423.50,166
2021-06,2021,FY2021/22,DB-270,DIESEL,Ineligible,1317.00,17
2021-06,2021,FY2021/22,Nitro+,ENGINE,Ineligible,3.00,2
2021-06,2021,FY2021/22,Nitro+,HYDRAULIC,Eligible - Mining,295.00,38
2021-06,2021,FY2021/22,Nitro+,TRANSMISSION,Eligible - Mining,1292.00,160
2021-06,2021,FY2021/22,North Concentrator,DIESEL,Ineligible,13477.00,84
2021-06,2021,FY2021/22,Ultra City,DIESEL,Ineligible,1002569.40,201
2021-06,2021,FY2021/22,BULK137,DIESEL,Eligible - Mining,29829.00,59
2021-06,2021,FY2021/22,BULK137,DIESEL,Ineligible,29758.00,89
2021-06,2021,FY2021/22,DB-269,DIESEL,Eligible - Mining,101949.00,208
2021-06,2021,FY2021/22,Nitro+,DIESEL,Ineligible,78693.20,931
2021-06,2021,FY2021/22,Nitro+,HYDRAULIC,Ineligible,21.00,7
2021-06,2021,FY2021/22,ST-250,ODT-30,Eligible - Mining,1340.50,20
2021-06,2021,FY2021/22,ST-265,HYDRAULIC,Eligible - Mining,16918.00,126
2021-06,2021,FY2021/22,ST-265,HYDRAULIC,Ineligible,0.30,1
2021-06,2021,FY2021/22,Stores LDV,DIESEL,Eligible - Mining,11221.67,124
2021-06,2021,FY2021/22,Stores LDV,DIESEL,Ineligible,22009.26,358
2021-06,2021,FY2021/22,DB HIBS JV,DIESEL,Eligible - Mining,125082.00,585
2021-06,2021,FY2021/22,DB-269,DIESEL,Ineligible,1740.00,11
2021-06,2021,FY2021/22,DB-270,DIESEL,Eligible - Mining,105245.00,210
2021-06,2021,FY2021/22,DB-MCCA-126,DIESEL,Eligible - Mining,477984.00,824
2021-06,2021,FY2021/22,Nitro+,COOLANT,Eligible - Mining,6.00,6
2021-06,2021,FY2021/22,Nitro+,ENGINE,Eligible - Mining,454.00,47
2021-06,2021,FY2021/22,North Concentrator,DIESEL,Eligible - Mining,6309.00,40
2021-06,2021,FY2021/22,Ultra City,DIESEL,Eligible - Mining,1186239.80,625
2021-06,2021,FY2021/22,CHP-006,DIESEL,Eligible - Mining,76250.20,250
2021-06,2021,FY2021/22,CMND-004,DIESEL,Eligible - Mining,397986.00,688
2021-06,2021,FY2021/22,CMND-004,DIESEL,Ineligible,12.00,6
2021-06,2021,FY2021/22,CON-074,DIESEL,Eligible - Mining,70099.00,231
2021-06,2021,FY2021/22,CON-074,DIESEL,Ineligible,2177.00,13
2021-06,2021,FY2021/22,DB HIBS JV,DIESEL,Ineligible,9282.50,69
2021-06,2021,FY2021/22,DB-338,DIESEL,Eligible - Mining,391436.00,618
2021-06,2021,FY2021/22,DB-338,DIESEL,Ineligible,12189.00,112
2021-06,2021,FY2021/22,DB-MCCA-126,DIESEL,Ineligible,9727.00,44
2021-06,2021,FY2021/22,Nitro+,DIESEL,Eligible - Mining,3420014.10,1474
2021-06,2021,FY2021/22,Nitro+,TRANSMISSION,Ineligible,91.00,10
2021-06,2021,FY2021/22,Stores LDV,PETROL,Eligible - Mining,17.71,2
2021-06,2021,FY2021/22,Stores LDV,PETROL,Ineligible,2967.05,79
2021-07,2021,FY2021/22,BULK137,DIESEL,Ineligible,32568.00,79
2021-07,2021,FY2021/22,DB-269,DIESEL,Eligible - Mining,85928.00,161
2021-07,2021,FY2021/22,DB-270,DIESEL,Eligible - Mining,183748.00,334
2021-07,2021,FY2021/22,DB-270,DIESEL,Ineligible,5644.00,36
2021-07,2021,FY2021/22,Nitro+,HYDRAULIC,Ineligible,16.00,2
2021-07,2021,FY2021/22,ST-250,ODT-30,Ineligible,323.60,2
2021-07,2021,FY2021/22,ST-265,HYDRAULIC,Eligible - Mining,19485.10,153
2021-07,2021,FY2021/22,ST-265,HYDRAULIC,Ineligible,2613.70,23
2021-07,2021,FY2021/22,Stores LDV,DIESEL,Ineligible,24253.20,378
2021-07,2021,FY2021/22,Ultra City,DIESEL,Eligible - Mining,1347026.20,873
2021-07,2021,FY2021/22,Ultra City,DIESEL,Ineligible,997786.40,214
2021-07,2021,FY2021/22,DB HIBS JV,DIESEL,Eligible - Mining,107812.50,574
2021-07,2021,FY2021/22,DB-269,DIESEL,Ineligible,7999.00,37
2021-07,2021,FY2021/22,DB-MCCA-126,DIESEL,Eligible - Mining,356269.00,606
2021-07,2021,FY2021/22,Nitro+,COOLANT,Eligible - Mining,3.00,3
2021-07,2021,FY2021/22,Nitro+,ENGINE,Eligible - Mining,3667.00,198
2021-07,2021,FY2021/22,North Concentrator,DIESEL,Eligible - Mining,8569.00,65
2021-07,2021,FY2021/22,Stores LDV,DIESEL,Eligible - Mining,9777.37,89
2021-07,2021,FY2021/22,CHP-006,DIESEL,Eligible - Mining,80571.10,312
2021-07,2021,FY2021/22,CHP-006,DIESEL,Ineligible,64.10,2
2021-07,2021,FY2021/22,CMND-004,DIESEL,Eligible - Mining,408912.00,703
2021-07,2021,FY2021/22,CMND-004,DIESEL,Ineligible,19.00,7
2021-07,2021,FY2021/22,CON-074,DIESEL,Ineligible,17422.00,51
2021-07,2021,FY2021/22,DB HIBS JV,DIESEL,Ineligible,3958.50,29
2021-07,2021,FY2021/22,DB-338,DIESEL,Eligible - Mining,269702.00,488
2021-07,2021,FY2021/22,DB-338,DIESEL,Ineligible,17029.00,114
2021-07,2021,FY2021/22,DB-MCCA-126,DIESEL,Ineligible,7396.00,45
2021-07,2021,FY2021/22,Nitro+,DIESEL,Eligible - Mining,4272999.60,1837
2021-07,2021,FY2021/22,Nitro+,TRANSMISSION,Ineligible,19.00,2
2021-07,2021,FY2021/22,Stores LDV,PETROL,Ineligible,3194.87,87
2021-07,2021,FY2021/22,BULK137,DIESEL,Eligible - Mining,30174.00,59
2021-07,2021,FY2021/22,CON-074,DIESEL,Eligible - Mining,71651.00,241
2021-07,2021,FY2021/22,Nitro+,DIESEL,Ineligible,81855.80,874
2021-07,2021,FY2021/22,Nitro+,HYDRAULIC,Eligible - Mining,727.00,122
2021-07,2021,FY2021/22,Nitro+,TRANSMISSION,Eligible - Mining,3867.00,328
2021-07,2021,FY2021/22,North Concentrator,DIESEL,Ineligible,8947.00,66
2021-07,2021,FY2021/22,ST-250,ODT-30,Eligible - Mining,1611.60,30
2021-08,2021,FY2021/22,BULK137,DIESEL,Ineligible,13305.00,52
2021-08,2021,FY2021/22,CHP-006,DIESEL,Eligible - Mining,55419.30,201
2021-08,2021,FY2021/22,CON-074,DIESEL,Ineligible,18647.00,64
2021-08,2021,FY2021/22,DB HIBS JV,DIESEL,Eligible - Mining,104201.09,620
2021-08,2021,FY2021/22,DB-269,DIESEL,Ineligible,2160.00,12
2021-08,2021,FY2021/22,DB-MCCA-100,DIESEL,Eligible - Mining,3042.00,12
2021-08,2021,FY2021/22,Nitro+,ENGINE,Eligible - Mining,4126.00,180
2021-08,2021,FY2021/22,Nitro+,TRANSMISSION,Ineligible,20.00,2
2021-08,2021,FY2021/22,North Concentrator,DIESEL,Eligible - Mining,7229.00,50
2021-08,2021,FY2021/22,ST-265,HYDRAULIC,Eligible - Mining,20307.00,149
2021-08,2021,FY2021/22,Stores LDV,DIESEL,Eligible - Mining,10960.47,124
2021-08,2021,FY2021/22,CMND-004,DIESEL,Eligible - Mining,444119.00,783
2021-08,2021,FY2021/22,CMND-004,DIESEL,Ineligible,30.00,3
2021-08,2021,FY2021/22,DB HIBS JV,DIESEL,Ineligible,4653.40,69
2021-08,2021,FY2021/22,DB-338,DIESEL,Eligible - Mining,248459.00,413
2021-08,2021,FY2021/22,DB-338,DIESEL,Ineligible,5955.00,86
2021-08,2021,FY2021/22,DB-MCCA-100,DIESEL,Ineligible,609.00,23
2021-08,2021,FY2021/22,Nitro+,DIESEL,Eligible - Mining,3878579.20,1825
2021-08,2021,FY2021/22,Stores LDV,PETROL,Ineligible,3677.57,89
2021-08,2021,FY2021/22,BULK137,DIESEL,Eligible - Mining,54409.00,82
2021-08,2021,FY2021/22,CON-074,DIESEL,Eligible - Mining,70119.00,265
2021-08,2021,FY2021/22,DB-MCCA-126,DIESEL,Ineligible,4896.00,70
2021-08,2021,FY2021/22,Nitro+,DIESEL,Ineligible,76926.70,897
2021-08,2021,FY2021/22,Nitro+,ENGINE,Ineligible,10.00,1
2021-08,2021,FY2021/22,Nitro+,HYDRAULIC,Eligible - Mining,484.00,86
2021-08,2021,FY2021/22,North Concentrator,DIESEL,Ineligible,12762.00,109
2021-08,2021,FY2021/22,ST-250,ODT-30,Eligible - Mining,920.30,18
2021-08,2021,FY2021/22,ST-265,HYDRAULIC,Ineligible,146.00,7
2021-08,2021,FY2021/22,Stores LDV,DIESEL,Ineligible,23640.27,355
2021-08,2021,FY2021/22,DB-269,DIESEL,Eligible - Mining,79836.00,138
2021-08,2021,FY2021/22,DB-270,DIESEL,Eligible - Mining,210885.00,405
2021-08,2021,FY2021/22,DB-270,DIESEL,Ineligible,7180.00,54
2021-08,2021,FY2021/22,DB-MCCA-126,DIESEL,Eligible - Mining,192514.00,361
2021-08,2021,FY2021/22,Nitro+,COOLANT,Eligible - Mining,4.00,3
2021-08,2021,FY2021/22,Nitro+,TRANSMISSION,Eligible - Mining,3801.00,341
2021-08,2021,FY2021/22,Ultra City,DIESEL,Eligible - Mining,1150222.80,765
2021-08,2021,FY2021/22,Ultra City,DIESEL,Ineligible,933385.00,191
2021-09,2021,FY2021/22,DB HIBS JV,DIESEL,Ineligible,8711.00,79
2021-09,2021,FY2021/22,DB-338,DIESEL,Eligible - Mining,251037.00,423
2021-09,2021,FY2021/22,DB-338,DIESEL,Ineligible,10277.00,53
2021-09,2021,FY2021/22,Nitro+,DIESEL,Eligible - Mining,3853646.00,1819
2021-09,2021,FY2021/22,Nitro+,HYDRAULIC,Eligible - Mining,1119.00,65
2021-09,2021,FY2021/22,North Concentrator,DIESEL,Eligible - Mining,7684.00,55
2021-09,2021,FY2021/22,BULK137,DIESEL,Eligible - Mining,48910.00,85
2021-09,2021,FY2021/22,CHP-006,DIESEL,Ineligible,0.10,1
2021-09,2021,FY2021/22,CMND-004,DIESEL,Eligible - Mining,433921.00,768
2021-09,2021,FY2021/22,CON-074,DIESEL,Eligible - Mining,48890.00,209
2021-09,2021,FY2021/22,DB-MCCA-126,DIESEL,Ineligible,14094.00,82
2021-09,2021,FY2021/22,Nitro+,DIESEL,Ineligible,82551.81,909
2021-09,2021,FY2021/22,Nitro+,ENGINE,Ineligible,14.00,2
2021-09,2021,FY2021/22,North Concentrator,DIESEL,Ineligible,10153.00,78
2021-09,2021,FY2021/22,ST-250,ODT-30,Eligible - Mining,18200.10,161
2021-09,2021,FY2021/22,Stores LDV,DIESEL,Ineligible,22982.87,356
2021-09,2021,FY2021/22,Stores LDV,PETROL,Eligible - Mining,22.26,1
2021-09,2021,FY2021/22,DB-269,DIESEL,Eligible - Mining,68905.00,111
2021-09,2021,FY2021/22,DB-270,DIESEL,Eligible - Mining,171770.00,337
2021-09,2021,FY2021/22,DB-270,DIESEL,Ineligible,2967.00,81
2021-09,2021,FY2021/22,DB-MCCA-126,DIESEL,Eligible - Mining,333515.00,631
2021-09,2021,FY2021/22,Nitro+,COOLANT,Eligible - Mining,2.00,2
2021-09,2021,FY2021/22,Nitro+,ENGINE,Eligible - Mining,3481.00,157
2021-09,2021,FY2021/22,Nitro+,HYDRAULIC,Ineligible,15.00,1
2021-09,2021,FY2021/22,Nitro+,TRANSMISSION,Eligible - Mining,5020.00,283
2021-09,2021,FY2021/22,Ultra City,DIESEL,Eligible - Mining,1163377.50,780
2021-09,2021,FY2021/22,Ultra City,DIESEL,Ineligible,934428.20,179
2021-09,2021,FY2021/22,BULK137,DIESEL,Ineligible,9291.00,37
2021-09,2021,FY2021/22,CHP-006,DIESEL,Eligible - Mining,41261.70,138
2021-09,2021,FY2021/22,CMND-004,DIESEL,Ineligible,321.00,10
2021-09,2021,FY2021/22,CON-074,DIESEL,Ineligible,9481.00,35
2021-09,2021,FY2021/22,DB HIBS JV,DIESEL,Eligible - Mining,110847.60,643
2021-09,2021,FY2021/22,DB-269,DIESEL,Ineligible,1646.00,16
2021-09,2021,FY2021/22,Nitro+,TRANSMISSION,Ineligible,8.00,3
2021-09,2021,FY2021/22,ST-250,ODT-30,Ineligible,1574.90,17
2021-09,2021,FY2021/22,ST-265,HYDRAULIC,Eligible - Mining,6306.20,52
2021-09,2021,FY2021/22,Stores LDV,DIESEL,Eligible - Mining,17574.65,141
2021-09,2021,FY2021/22,Stores LDV,PETROL,Ineligible,2415.13,57
2021-10,2021,FY2021/22,BULK137,DIESEL,Ineligible,5854.00,23
2021-10,2021,FY2021/22,CHP-006,DIESEL,Eligible - Mining,119777.50,345
2021-10,2021,FY2021/22,CMND-004,DIESEL,Ineligible,428.00,3
2021-10,2021,FY2021/22,CON-074,DIESEL,Ineligible,5770.00,29
2021-10,2021,FY2021/22,DB-269,DIESEL,Eligible - Mining,318950.00,652
2021-10,2021,FY2021/22,DB-338,DIESEL,Eligible - Mining,135406.00,206
2021-10,2021,FY2021/22,Nitro+,TRANSMISSION,Ineligible,33.00,3
2021-10,2021,FY2021/22,ST-250,ODT-30,Ineligible,129.30,8
2021-10,2021,FY2021/22,Stores LDV,PETROL,Ineligible,3305.11,78
2021-10,2021,FY2021/22,Ultra City,DIESEL,Ineligible,654095.80,132
2021-10,2021,FY2021/22,CON-074,DIESEL,Eligible - Mining,82560.00,322
2021-10,2021,FY2021/22,DB HIBS JV,DIESEL,Eligible - Mining,118752.20,638
2021-10,2021,FY2021/22,DB-269,DIESEL,Ineligible,14118.00,106
2021-10,2021,FY2021/22,DB-270,DIESEL,Ineligible,3642.00,20
2021-10,2021,FY2021/22,DB-MCCA-126,DIESEL,Eligible - Mining,316217.00,586
2021-10,2021,FY2021/22,Nitro+,COOLANT,Eligible - Mining,36.00,23
2021-10,2021,FY2021/22,Nitro+,ENGINE,Eligible - Mining,4470.00,233
2021-10,2021,FY2021/22,Nitro+,ENGINE,Ineligible,1.00,1
2021-10,2021,FY2021/22,Nitro+,TRANSMISSION,Eligible - Mining,6144.00,504
2021-10,2021,FY2021/22,CHP-006,DIESEL,Ineligible,136.20,1
2021-10,2021,FY2021/22,CMND-004,DIESEL,Eligible - Mining,149062.00,269
2021-10,2021,FY2021/22,DB HIBS JV,DIESEL,Ineligible,7096.60,62
2021-10,2021,FY2021/22,DB-270,DIESEL,Eligible - Mining,100264.00,164
2021-10,2021,FY2021/22,DB-338,DIESEL,Ineligible,4305.00,23
2021-10,2021,FY2021/22,DB-MCCA-126,DIESEL,Ineligible,8804.00,72
2021-10,2021,FY2021/22,Nitro+,DIESEL,Eligible - Mining,4487458.20,2109
2021-10,2021,FY2021/22,Stores LDV,DIESEL,Ineligible,25541.53,364
2021-10,2021,FY2021/22,Stores LDV,PETROL,Eligible - Mining,25.47,1
2021-10,2021,FY2021/22,Ultra City,DIESEL,Eligible - Mining,1353485.60,792
2021-10,2021,FY2021/22,BULK137,DIESEL,Eligible - Mining,36557.00,61
2021-10,2021,FY2021/22,Nitro+,DIESEL,Ineligible,68875.60,828
2021-10,2021,FY2021/22,Nitro+,HYDRAULIC,Eligible - Mining,921.00,101
2021-10,2021,FY2021/22,North Concentrator,DIESEL,Eligible - Mining,8952.00,62
2021-10,2021,FY2021/22,North Concentrator,DIESEL,Ineligible,13030.00,98
2021-10,2021,FY2021/22,ST-250,ODT-30,Eligible - Mining,10493.20,160
2021-10,2021,FY2021/22,Stores LDV,DIESEL,Eligible - Mining,13125.51,136
2021-11,2021,FY2021/22,DB HIBS JV,DIESEL,Eligible - Mining,112319.40,654
2021-11,2021,FY2021/22,DB-269,DIESEL,Ineligible,7823.00,73
2021-11,2021,FY2021/22,DB-270,DIESEL,Eligible - Mining,208876.00,384
2021-11,2021,FY2021/22,DB-270,DIESEL,Ineligible,6130.00,73
2021-11,2021,FY2021/22,DB-MCCA-126,DIESEL,Eligible - Mining,90775.00,159
2021-11,2021,FY2021/22,Nitro+,COOLANT,Eligible - Mining,12.00,12
2021-11,2021,FY2021/22,Nitro+,ENGINE,Eligible - Mining,3579.00,210
2021-11,2021,FY2021/22,Nitro+,ENGINE,Ineligible,1.00,1
2021-11,2021,FY2021/22,Nitro+,TRANSMISSION,Eligible - Mining,4041.00,368
2021-11,2021,FY2021/22,Ultra City,DIESEL,Eligible - Mining,1242456.90,888
2021-11,2021,FY2021/22,Ultra City,DIESEL,Ineligible,649620.40,160
2021-11,2021,FY2021/22,BULK137,DIESEL,Eligible - Mining,32500.00,53
2021-11,2021,FY2021/22,CHP-006,DIESEL,Ineligible,689.00,6
2021-11,2021,FY2021/22,CMND-004,DIESEL,Eligible - Mining,253393.00,480
2021-11,2021,FY2021/22,CON-074,DIESEL,Eligible - Mining,53510.00,200
2021-11,2021,FY2021/22,DB HIBS JV,DIESEL,Ineligible,8653.90,72
2021-11,2021,FY2021/22,DB-338,DIESEL,Ineligible,5642.00,21
2021-11,2021,FY2021/22,DB-MCCA-126,DIESEL,Ineligible,2514.00,57
2021-11,2021,FY2021/22,Nitro+,DIESEL,Eligible - Mining,3683298.30,1827
2021-11,2021,FY2021/22,Nitro+,DIESEL,Ineligible,76548.90,908
2021-11,2021,FY2021/22,ST-250,ODT-30,Eligible - Mining,18207.70,224
2021-11,2021,FY2021/22,Stores LDV,DIESEL,Ineligible,29496.30,404
2021-11,2021,FY2021/22,DB-MCCA-100,DIESEL,Ineligible,473.70,2
2021-11,2021,FY2021/22,Nitro+,HYDRAULIC,Eligible - Mining,387.00,54
2021-11,2021,FY2021/22,North Concentrator,DIESEL,Eligible - Mining,5953.00,40
2021-11,2021,FY2021/22,North Concentrator,DIESEL,Ineligible,14596.00,101
2021-11,2021,FY2021/22,BULK137,DIESEL,Ineligible,3821.00,18
2021-11,2021,FY2021/22,CHP-006,DIESEL,Eligible - Mining,82550.30,264
2021-11,2021,FY2021/22,CMND-004,DIESEL,Ineligible,679.00,3
2021-11,2021,FY2021/22,CON-074,DIESEL,Ineligible,2623.00,14
2021-11,2021,FY2021/22,DB-269,DIESEL,Eligible - Mining,249831.00,442
2021-11,2021,FY2021/22,DB-338,DIESEL,Eligible - Mining,142686.00,227
2021-11,2021,FY2021/22,Nitro+,HYDRAULIC,Ineligible,1.00,1
2021-11,2021,FY2021/22,Nitro+,TRANSMISSION,Ineligible,19.00,4
2021-11,2021,FY2021/22,ST-250,ODT-30,Ineligible,275.40,25
2021-11,2021,FY2021/22,Stores LDV,DIESEL,Eligible - Mining,13757.35,162
2021-11,2021,FY2021/22,Stores LDV,PETROL,Ineligible,2695.97,70
2021-12,2021,FY2021/22,DB-269,DIESEL,Eligible - Mining,283188.00,424
2021-12,2021,FY2021/22,DB-338,DIESEL,Eligible - Mining,609922.69,980
2021-12,2021,FY2021/22,Nitro+,HYDRAULIC,Eligible - Mining,477.00,35
2021-12,2021,FY2021/22,Nitro+,TRANSMISSION,Eligible - Mining,5645.00,484
2021-12,2021,FY2021/22,Stores LDV,PETROL,Ineligible,2458.11,56
2021-12,2021,FY2021/22,Ultra City,DIESEL,Ineligible,986153.50,190
2021-12,2021,FY2021/22,CHP-006,DIESEL,Eligible - Mining,59039.79,323
2021-12,2021,FY2021/22,CMND-004,DIESEL,Eligible - Mining,4301.00,13
2021-12,2021,FY2021/22,CON-074,DIESEL,Eligible - Mining,36668.80,152
2021-12,2021,FY2021/22,CON-074,DIESEL,Ineligible,194.10,4
2021-12,2021,FY2021/22,DB CSK001,DSL,Eligible - Mining,51027.00,196
2021-12,2021,FY2021/22,DB HIBS JV,DIESEL,Eligible - Mining,93906.20,528
2021-12,2021,FY2021/22,DB Kamo Jou,DSL,Eligible - Mining,226.00,11
2021-12,2021,FY2021/22,DB Kamo Jou,DSL,Ineligible,46.00,4
2021-12,2021,FY2021/22,DB-269,DIESEL,Ineligible,41367.00,63
2021-12,2021,FY2021/22,DB-MCCA-100,DIESEL,Eligible - Mining,4515.90,8
2021-12,2021,FY2021/22,DB-MCCA-126,DIESEL,Ineligible,121.60,27
2021-12,2021,FY2021/22,Nitro+,ENGINE,Ineligible,1.00,1
2021-12,2021,FY2021/22,Nitro+,TRANSMISSION,Ineligible,87.00,7
2021-12,2021,FY2021/22,Stores LDV,PETROL,Eligible - Mining,9.03,2
2021-12,2021,FY2021/22,DB CSK001,DSL,Ineligible,370.00,4
2021-12,2021,FY2021/22,DB HIBS JV,DIESEL,Ineligible,4852.50,58
2021-12,2021,FY2021/22,DB-338,DIESEL,Ineligible,19297.10,116
2021-12,2021,FY2021/22,DB-MCCA-126,DIESEL,Eligible - Mining,108000.80,210
2021-12,2021,FY2021/22,Nitro+,COOLANT,Eligible - Mining,3.00,3
2021-12,2021,FY2021/22,Nitro+,DIESEL,Eligible - Mining,4006663.50,1891
2021-12,2021,FY2021/22,Nitro+,ENGINE,Eligible - Mining,4395.00,303
2021-12,2021,FY2021/22,Ultra City,DIESEL,Eligible - Mining,978846.90,830
2021-12,2021,FY2021/22,BULK137,DIESEL,Eligible - Mining,35741.00,67
2021-12,2021,FY2021/22,BULK137,DIESEL,Ineligible,3549.00,25
2021-12,2021,FY2021/22,Nitro+,DIESEL,Ineligible,69460.70,916
2021-12,2021,FY2021/22,North Concentrator,DIESEL,Eligible - Mining,3663.00,24
2021-12,2021,FY2021/22,North Concentrator,DIESEL,Ineligible,17133.00,124
2021-12,2021,FY2021/22,ST-250,ODT-30,Eligible - Mining,21887.40,273
2021-12,2021,FY2021/22,ST-250,ODT-30,Ineligible,823.40,25
2021-12,2021,FY2021/22,Stores LDV,DIESEL,Eligible - Mining,12399.87,116
2021-12,2021,FY2021/22,Stores LDV,DIESEL,Ineligible,23378.33,349
2022-01,2022,FY2021/22,BULK137,DIESEL,Eligible - Mining,27705.00,71
2022-01,2022,FY2021/22,BULK137,DIESEL,Ineligible,4258.00,29
2022-01,2022,FY2021/22,DB-269,DIESEL,Eligible - Mining,236249.00,391
2022-01,2022,FY2021/22,Nitro+,DIESEL,Ineligible,80376.70,945
2022-01,2022,FY2021/22,Nitro+,HYDRAULIC,Ineligible,6.00,2
2022-01,2022,FY2021/22,ST-250,ODT-30,Eligible - Mining,12965.40,195
2022-01,2022,FY2021/22,ST-250,ODT-30,Ineligible,629.80,9
2022-01,2022,FY2021/22,Stores LDV,DIESEL,Eligible - Mining,12514.37,134
2022-01,2022,FY2021/22,Stores LDV,DIESEL,Ineligible,21370.47,320
2022-01,2022,FY2021/22,DB-270,DIESEL,Ineligible,1058.00,9
2022-01,2022,FY2021/22,Nitro+,ENGINE,Ineligible,1.00,1
2022-01,2022,FY2021/22,Nitro+,HYDRAULIC,Eligible - Mining,697.00,52
2022-01,2022,FY2021/22,Nitro+,TRANSMISSION,Eligible - Mining,7741.00,554
2022-01,2022,FY2021/22,North Concentrator,DIESEL,Ineligible,13803.00,110
2022-01,2022,FY2021/22,Ultra City,DIESEL,Ineligible,1106123.00,196
2022-01,2022,FY2021/22,CHP-006,DIESEL,Eligible - Mining,6850.30,36
2022-01,2022,FY2021/22,CON-074,DIESEL,Eligible - Mining,35982.90,121
2022-01,2022,FY2021/22,CON-074,DIESEL,Ineligible,179.20,3
2022-01,2022,FY2021/22,DB CSK001,DSL,Eligible - Mining,309552.00,716
2022-01,2022,FY2021/22,DB Kamo Jou,DSL,Eligible - Mining,105993.00,207
2022-01,2022,FY2021/22,DB Kamo Jou,DSL,Ineligible,3492.00,35
2022-01,2022,FY2021/22,DB-338,DIESEL,Eligible - Mining,378715.00,562
2022-01,2022,FY2021/22,DB-MCCA-126,DIESEL,Ineligible,119.00,10
2022-01,2022,FY2021/22,Nitro+,TRANSMISSION,Ineligible,12.00,4
2022-01,2022,FY2021/22,Stores LDV,PETROL,Eligible - Mining,53.93,1
2022-01,2022,FY2021/22,Stores LDV,PETROL,Ineligible,3083.54,78
2022-01,2022,FY2021/22,DB CSK001,DSL,Ineligible,3694.00,15
2022-01,2022,FY2021/22,DB HIBS JV,DIESEL,Eligible - Mining,134014.39,678
2022-01,2022,FY2021/22,DB HIBS JV,DIESEL,Ineligible,5715.10,61
2022-01,2022,FY2021/22,DB-269,DIESEL,Ineligible,10285.00,53
2022-01,2022,FY2021/22,DB-270,DIESEL,Eligible - Mining,43401.00,85
2022-01,2022,FY2021/22,DB-338,DIESEL,Ineligible,4259.50,70
2022-01,2022,FY2021/22,DB-MCCA-126,DIESEL,Eligible - Mining,51095.10,92
2022-01,2022,FY2021/22,Nitro+,COOLANT,Eligible - Mining,9.00,7
2022-01,2022,FY2021/22,Nitro+,DIESEL,Eligible - Mining,3977317.20,1907
2022-01,2022,FY2021/22,Nitro+,ENGINE,Eligible - Mining,4019.00,276
2022-01,2022,FY2021/22,North Concentrator,DIESEL,Eligible - Mining,4441.00,22
2022-01,2022,FY2021/22,Ultra City,DIESEL,Eligible - Mining,841363.40,806
2022-02,2022,FY2021/22,BULK137,DIESEL,Eligible - Mining,48887.00,78
2022-02,2022,FY2021/22,DB Kamo Jou,DSL,Eligible - Mining,146897.00,289
2022-02,2022,FY2021/22,DB-MCCA-126,DIESEL,Ineligible,361.50,1
2022-02,2022,FY2021/22,Nitro+,DIESEL,Ineligible,68450.00,873
2022-02,2022,FY2021/22,ST-250,ODT-30,Eligible - Mining,11378.10,169
2022-02,2022,FY2021/22,Stores LDV,DIESEL,Ineligible,21875.07,316
2022-02,2022,FY2021/22,DB CSK001,DSL,Ineligible,1291.00,3
2022-02,2022,FY2021/22,DB HIBS JV,DIESEL,Ineligible,10302.70,78
2022-02,2022,FY2021/22,DB-338,DIESEL,Ineligible,5712.70,64
2022-02,2022,FY2021/22,Nitro+,DIESEL,Eligible - Mining,3564664.10,1700
2022-02,2022,FY2021/22,Nitro+,HYDRAULIC,Eligible - Mining,258.00,23
2022-02,2022,FY2021/22,North Concentrator,DIESEL,Eligible - Mining,4174.00,27
2022-02,2022,FY2021/22,North Concentrator,DIESEL,Ineligible,12856.00,108
2022-02,2022,FY2021/22,BULK137,DIESEL,Ineligible,9604.00,42
2022-02,2022,FY2021/22,DB CSK001,DSL,Eligible - Mining,396593.00,741
2022-02,2022,FY2021/22,DB Kamo Jou,DSL,Ineligible,3883.00,29
2022-02,2022,FY2021/22,DB-269,DIESEL,Eligible - Mining,57803.00,100
2022-02,2022,FY2021/22,DB-338,DIESEL,Eligible - Mining,484944.70,704
2022-02,2022,FY2021/22,Nitro+,HYDRAULIC,Ineligible,14.00,2
2022-02,2022,FY2021/22,Nitro+,TRANSMISSION,Ineligible,5.00,2
2022-02,2022,FY2021/22,ST-250,ODT-30,Ineligible,1890.10,27
2022-02,2022,FY2021/22,Stores LDV,DIESEL,Eligible - Mining,13057.43,147
2022-02,2022,FY2021/22,Stores LDV,PETROL,Ineligible,2829.04,65
2022-02,2022,FY2021/22,DB HIBS JV,DIESEL,Eligible - Mining,129515.90,687
2022-02,2022,FY2021/22,DB-269,DIESEL,Ineligible,1590.00,13
2022-02,2022,FY2021/22,DB-270,DIESEL,Eligible - Mining,80319.00,185
2022-02,2022,FY2021/22,DB-270,DIESEL,Ineligible,4449.00,26
2022-02,2022,FY2021/22,DB-MCCA-126,DIESEL,Eligible - Mining,65489.30,130
2022-02,2022,FY2021/22,Nitro+,COOLANT,Eligible - Mining,2.00,2
2022-02,2022,FY2021/22,Nitro+,ENGINE,Eligible - Mining,2.00,1
2022-02,2022,FY2021/22,Nitro+,ENGINE,Ineligible,2.00,1
2022-02,2022,FY2021/22,Nitro+,TRANSMISSION,Eligible - Mining,5460.00,527
2022-02,2022,FY2021/22,Ultra City,DIESEL,Eligible - Mining,658766.60,762
2022-02,2022,FY2021/22,Ultra City,DIESEL,Ineligible,1191367.70,197
2022-03,2022,FY2021/22,DB CSK001,DSL,Ineligible,3271.00,5
2022-03,2022,FY2021/22,DB HIBS JV,DIESEL,Ineligible,7063.60,86
2022-03,2022,FY2021/22,DB-338,DIESEL,Eligible - Mining,313401.90,441
2022-03,2022,FY2021/22,DB-338,DIESEL,Ineligible,5692.30,56
2022-03,2022,FY2021/22,Nitro+,DIESEL,Eligible - Mining,3757248.40,1891
2022-03,2022,FY2021/22,Stores LDV,PETROL,Eligible - Mining,12.15,2
2022-03,2022,FY2021/22,Stores LDV,PETROL,Ineligible,2734.64,61
2022-03,2022,FY2021/22,BULK137,DIESEL,Ineligible,206.00,2
2022-03,2022,FY2021/22,DB CSK001,DSL,Eligible - Mining,377570.00,679
2022-03,2022,FY2021/22,DB CSK002,DSL,Eligible - Mining,170182.00,367
2022-03,2022,FY2021/22,DB CSK002,DSL,Ineligible,1745.30,5
2022-03,2022,FY2021/22,DB HIBS JV,DIESEL,Eligible - Mining,118113.20,687
2022-03,2022,FY2021/22,DB Kamo Jou,DSL,Ineligible,12057.00,62
2022-03,2022,FY2021/22,Nitro+,ENGINE,Eligible - Mining,8.00,4
2022-03,2022,FY2021/22,Nitro+,TRANSMISSION,Ineligible,21.00,8
2022-03,2022,FY2021/22,North Concentrator,DIESEL,Eligible - Mining,5595.00,38
2022-03,2022,FY2021/22,ST-250,ODT-30,Ineligible,1530.50,13
2022-03,2022,FY2021/22,Stores LDV,DIESEL,Eligible - Mining,14050.31,144
2022-03,2022,FY2021/22,DB-269,DIESEL,Eligible - Mining,96283.00,156
2022-03,2022,FY2021/22,DB-269,DIESEL,Ineligible,6624.00,32
2022-03,2022,FY2021/22,DB-270,DIESEL,Eligible - Mining,357102.00,509
2022-03,2022,FY2021/22,DB-270,DIESEL,Ineligible,8366.00,53
2022-03,2022,FY2021/22,DB-MCCA-126,DIESEL,Eligible - Mining,86834.00,154
2022-03,2022,FY2021/22,Nitro+,COOLANT,Eligible - Mining,1.00,1
2022-03,2022,FY2021/22,Nitro+,TRANSMISSION,Eligible - Mining,6007.00,552
2022-03,2022,FY2021/22,Ultra City,DIESEL,Eligible - Mining,1095032.10,910
2022-03,2022,FY2021/22,Ultra City,DIESEL,Ineligible,1210462.70,230
2022-03,2022,FY2021/22,BULK137,DIESEL,Eligible - Mining,1441.00,2
2022-03,2022,FY2021/22,DB Kamo Jou,DSL,Eligible - Mining,253552.00,522
2022-03,2022,FY2021/22,DB-MCCA-126,DIESEL,Ineligible,1186.60,17
2022-03,2022,FY2021/22,Nitro+,DIESEL,Ineligible,93355.30,1000
2022-03,2022,FY2021/22,Nitro+,HYDRAULIC,Eligible - Mining,316.00,29
2022-03,2022,FY2021/22,North Concentrator,DIESEL,Ineligible,15697.00,110
2022-03,2022,FY2021/22,ST-250,ODT-30,Eligible - Mining,8276.30,158
2022-03,2022,FY2021/22,Stores LDV,DIESEL,Ineligible,22928.97,398
2022-04,2022,FY2022/23,CON-074,DIESEL,Ineligible,8141.70,32
2022-04,2022,FY2022/23,DB CSK002,DSL,Ineligible,3392.70,4
2022-04,2022,FY2022/23,DB HIBS JV,DIESEL,Eligible - Mining,109880.30,645
2022-04,2022,FY2022/23,DB Kamo Jou,DSL,Ineligible,12827.00,45
2022-04,2022,FY2022/23,DB-269,DIESEL,Ineligible,29278.00,92
2022-04,2022,FY2022/23,Nitro+,COOLANT,Eligible - Mining,1.00,1
2022-04,2022,FY2022/23,Nitro+,ENGINE,Eligible - Mining,26.00,13
2022-04,2022,FY2022/23,Nitro+,TRANSMISSION,Ineligible,52.00,3
2022-04,2022,FY2022/23,North Concentrator,DIESEL,Eligible - Mining,4572.00,37
2022-04,2022,FY2022/23,ST-250,ODT-30,Ineligible,0.10,1
2022-04,2022,FY2022/23,Stores LDV,DIESEL,Eligible - Mining,11389.33,121
2022-04,2022,FY2022/23,BULK137,DIESEL,Ineligible,2589.00,7
2022-04,2022,FY2022/23,DB-269,DIESEL,Eligible - Mining,161445.00,227
2022-04,2022,FY2022/23,DB-270,DIESEL,Eligible - Mining,174640.00,244
2022-04,2022,FY2022/23,DB-270,DIESEL,Ineligible,6059.00,31
2022-04,2022,FY2022/23,DB-MCCA-126,DIESEL,Eligible - Mining,62813.00,125
2022-04,2022,FY2022/23,Nitro+,HYDRAULIC,Eligible - Mining,380.00,28
2022-04,2022,FY2022/23,Nitro+,HYDRAULIC,Ineligible,41.00,1
2022-04,2022,FY2022/23,Ultra City,DIESEL,Eligible - Mining,937757.70,871
2022-04,2022,FY2022/23,Ultra City,DIESEL,Ineligible,1124201.70,194
2022-04,2022,FY2022/23,CON-074,DIESEL,Eligible - Mining,63949.49,200
2022-04,2022,FY2022/23,DB CSK002,DSL,Eligible - Mining,267475.89,599
2022-04,2022,FY2022/23,DB Kamo Jou,DSL,Eligible - Mining,104843.00,202
2022-04,2022,FY2022/23,Nitro+,DIESEL,Ineligible,83734.90,907
2022-04,2022,FY2022/23,Nitro+,TRANSMISSION,Eligible - Mining,3159.00,449
2022-04,2022,FY2022/23,North Concentrator,DIESEL,Ineligible,12842.00,83
2022-04,2022,FY2022/23,ST-250,ODT-30,Eligible - Mining,17841.30,245
2022-04,2022,FY2022/23,Stores LDV,DIESEL,Ineligible,20269.09,337
2022-04,2022,FY2022/23,Stores LDV,PETROL,Ineligible,1884.85,40
2022-04,2022,FY2022/23,DB CSK001,DSL,Eligible - Mining,190626.00,426
2022-04,2022,FY2022/23,DB CSK001,DSL,Ineligible,2792.00,8
2022-04,2022,FY2022/23,DB HIBS JV,DIESEL,Ineligible,7959.80,79
2022-04,2022,FY2022/23,DB-338,DIESEL,Eligible - Mining,423745.50,548
2022-04,2022,FY2022/23,DB-338,DIESEL,Ineligible,15594.20,97
2022-04,2022,FY2022/23,DB-MCCA-126,DIESEL,Ineligible,940.00,39
2022-04,2022,FY2022/23,Nitro+,DIESEL,Eligible - Mining,3927050.90,1901
2022-05,2022,FY2022/23,DB CSK002,DIESEL,Eligible - Mining,557.30,6
2022-05,2022,FY2022/23,DB-269,DIESEL,Eligible - Mining,299705.00,399
2022-05,2022,FY2022/23,DB-270,DIESEL,Eligible - Mining,354388.00,528
2022-05,2022,FY2022/23,Nitro+,HYDRAULIC,Eligible - Mining,482.00,28
2022-05,2022,FY2022/23,ST-250,ODT-30,Ineligible,524.50,4
2022-05,2022,FY2022/23,Stores LDV,DIESEL,Ineligible,24973.41,388
2022-05,2022,FY2022/23,Ultra City,DIESEL,Eligible - Mining,1468692.10,1036
2022-05,2022,FY2022/23,Ultra City,DIESEL,Ineligible,1013947.00,182
2022-05,2022,FY2022/23,BULK137,DIESEL,Eligible - Mining,13032.00,27
2022-05,2022,FY2022/23,BULK137,DIESEL,Ineligible,5873.00,19
2022-05,2022,FY2022/23,CON-074,DIESEL,Eligible - Mining,65947.29,196
2022-05,2022,FY2022/23,DB CSK002,DSL,Eligible - Mining,356663.80,738
2022-05,2022,FY2022/23,DB-270,DIESEL,Ineligible,8816.00,61
2022-05,2022,FY2022/23,Nitro+,DIESEL,Ineligible,92796.30,995
2022-05,2022,FY2022/23,North Concentrator,DIESEL,Ineligible,14651.00,102
2022-05,2022,FY2022/23,ST-250,ODT-30,Eligible - Mining,15737.20,261
2022-05,2022,FY2022/23,Stores LDV,PETROL,Ineligible,1822.42,39
2022-05,2022,FY2022/23,CON-074,DIESEL,Ineligible,13625.20,45
2022-05,2022,FY2022/23,DB CSK001,DSL,Eligible - Mining,204518.00,457
2022-05,2022,FY2022/23,DB HIBS JV,DIESEL,Ineligible,5252.50,53
2022-05,2022,FY2022/23,DB Kamo Jou,DSL,Eligible - Mining,70542.00,160
2022-05,2022,FY2022/23,DB Kamo Jou,DSL,Ineligible,1779.00,16
2022-05,2022,FY2022/23,DB-338,DIESEL,Eligible - Mining,209224.40,319
2022-05,2022,FY2022/23,DB-338,DIESEL,Ineligible,3460.70,26
2022-05,2022,FY2022/23,DB-MCCA-126,DIESEL,Ineligible,640.00,33
2022-05,2022,FY2022/23,Nitro+,DIESEL,Eligible - Mining,4172428.90,2016
2022-05,2022,FY2022/23,Nitro+,TRANSMISSION,Eligible - Mining,3124.00,354
2022-05,2022,FY2022/23,Nitro+,TRANSMISSION,Ineligible,14.00,9
2022-05,2022,FY2022/23,DB CSK001,DSL,Ineligible,793.00,7
2022-05,2022,FY2022/23,DB CSK002,DSL,Ineligible,0.10,1
2022-05,2022,FY2022/23,DB HIBS JV,DIESEL,Eligible - Mining,105299.80,688
2022-05,2022,FY2022/23,DB-269,DIESEL,Ineligible,13527.00,67
2022-05,2022,FY2022/23,DB-MCCA-126,DIESEL,Eligible - Mining,149614.00,299
2022-05,2022,FY2022/23,Nitro+,ENGINE,Eligible - Mining,6.00,3
2022-05,2022,FY2022/23,North Concentrator,DIESEL,Eligible - Mining,4391.00,31
2022-05,2022,FY2022/23,Stores LDV,DIESEL,Eligible - Mining,14257.98,127
2022-06,2022,FY2022/23,BULK137,DIESEL,Eligible - Mining,8136.00,12
2022-06,2022,FY2022/23,CON-074,DIESEL,Eligible - Mining,77630.00,223
2022-06,2022,FY2022/23,DB CSK002,DIESEL,Eligible - Mining,278549.19,572
2022-06,2022,FY2022/23,DB HIBS JV,DIESEL,Ineligible,9725.50,74
2022-06,2022,FY2022/23,DB Kamo Jou,DSL,Eligible - Mining,40912.00,71
2022-06,2022,FY2022/23,DB-338,DIESEL,Ineligible,8036.70,48
2022-06,2022,FY2022/23,DB-MCCA-126,DIESEL,Ineligible,2983.00,11
2022-06,2022,FY2022/23,Nitro+,DIESEL,Eligible - Mining,3801243.80,1940
2022-06,2022,FY2022/23,Nitro+,DIESEL,Ineligible,89136.63,1074
2022-06,2022,FY2022/23,Nitro+,HYDRAULIC,Eligible - Mining,198.00,23
2022-06,2022,FY2022/23,Nitro+,TRANSMISSION,Eligible - Mining,2764.00,524
2022-06,2022,FY2022/23,ST-250,ODT-30,Eligible - Mining,20374.10,288
2022-06,2022,FY2022/23,Stores LDV,DIESEL,Ineligible,17884.46,259
2022-06,2022,FY2022/23,Stores LDV,PETROL,Eligible - Mining,20.74,10
2022-06,2022,FY2022/23,Ultra City,DIESEL,Eligible - Mining,1161363.00,958
2022-06,2022,FY2022/23,DB CSK001,DSL,Eligible - Mining,431774.00,890
2022-06,2022,FY2022/23,DB CSK001,DSL,Ineligible,24.00,12
2022-06,2022,FY2022/23,DB CSK002,DSL,Eligible - Mining,2475.40,8
2022-06,2022,FY2022/23,North Concentrator,DIESEL,Eligible - Mining,4173.00,29
2022-06,2022,FY2022/23,North Concentrator,DIESEL,Ineligible,22195.00,149
2022-06,2022,FY2022/23,Stores LDV,PETROL,Ineligible,1651.50,32
2022-06,2022,FY2022/23,CON-074,DIESEL,Ineligible,11300.10,41
2022-06,2022,FY2022/23,DB Kamo Jou,DSL,Ineligible,3897.00,14
2022-06,2022,FY2022/23,DB-269,DIESEL,Eligible - Mining,384775.00,521
2022-06,2022,FY2022/23,DB-338,DIESEL,Eligible - Mining,282076.50,442
2022-06,2022,FY2022/23,Nitro+,HYDRAULIC,Ineligible,27.00,1
2022-06,2022,FY2022/23,Nitro+,TRANSMISSION,Ineligible,8.00,4
2022-06,2022,FY2022/23,ST-250,ODT-30,Ineligible,496.90,9
2022-06,2022,FY2022/23,Stores LDV,DIESEL,Eligible - Mining,11822.60,120
2022-06,2022,FY2022/23,BULK137,DIESEL,Ineligible,4355.00,13
2022-06,2022,FY2022/23,DB HIBS JV,DIESEL,Eligible - Mining,112924.50,625
2022-06,2022,FY2022/23,DB-269,DIESEL,Ineligible,28952.00,98
2022-06,2022,FY2022/23,DB-270,DIESEL,Eligible - Mining,79191.00,102
2022-06,2022,FY2022/23,DB-270,DIESEL,Ineligible,1380.00,9
2022-06,2022,FY2022/23,DB-MCCA-126,DIESEL,Eligible - Mining,100129.00,211
2022-06,2022,FY2022/23,Nitro+,ENGINE,Eligible - Mining,4.00,2
2022-06,2022,FY2022/23,Ultra City,DIESEL,Ineligible,1079075.00,234
2022-07,2022,FY2022/23,DB CSK001,DSL,Eligible - Mining,702748.00,1382
2022-07,2022,FY2022/23,DB CSK001,DSL,Ineligible,6962.00,22
2022-07,2022,FY2022/23,DB HIBS JV,DIESEL,Ineligible,10450.80,83
2022-07,2022,FY2022/23,DB-338,DIESEL,Eligible - Mining,358738.39,480
2022-07,2022,FY2022/23,DB-338,DIESEL,Ineligible,11686.90,63
2022-07,2022,FY2022/23,Nitro+,DIESEL,Eligible - Mining,3681252.20,1870
2022-07,2022,FY2022/23,North Concentrator,DIESEL,Eligible - Mining,3360.00,20
2022-07,2022,FY2022/23,CON-074,DIESEL,Ineligible,9185.00,26
2022-07,2022,FY2022/23,DB HIBS JV,DIESEL,Eligible - Mining,90059.50,553
2022-07,2022,FY2022/23,DB Kamo Jou,DSL,Ineligible,3084.00,25
2022-07,2022,FY2022/23,DB-269,DIESEL,Ineligible,31461.00,80
2022-07,2022,FY2022/23,Nitro+,COOLANT,Eligible - Mining,1.00,1
2022-07,2022,FY2022/23,Nitro+,TRANSMISSION,Ineligible,42.00,8
2022-07,2022,FY2022/23,ST-250,ODT-30,Ineligible,1167.80,24
2022-07,2022,FY2022/23,Stores LDV,DIESEL,Eligible - Mining,10380.44,120
2022-07,2022,FY2022/23,BULK137,DIESEL,Ineligible,26147.00,58
2022-07,2022,FY2022/23,DB CSK002,DIESEL,Ineligible,774.50,3
2022-07,2022,FY2022/23,DB-269,DIESEL,Eligible - Mining,404661.00,566
2022-07,2022,FY2022/23,DB-MCCA-126,DIESEL,Eligible - Mining,76943.00,173
2022-07,2022,FY2022/23,Nitro+,ENGINE,Eligible - Mining,10.00,6
2022-07,2022,FY2022/23,Nitro+,HYDRAULIC,Ineligible,51.00,2
2022-07,2022,FY2022/23,Ultra City,DIESEL,Eligible - Mining,1035863.20,826
2022-07,2022,FY2022/23,Ultra City,DIESEL,Ineligible,1208888.80,262
2022-07,2022,FY2022/23,BULK137,DIESEL,Eligible - Mining,21329.00,41
2022-07,2022,FY2022/23,CON-074,DIESEL,Eligible - Mining,70474.20,205
2022-07,2022,FY2022/23,DB CSK002,DIESEL,Eligible - Mining,240604.40,504
2022-07,2022,FY2022/23,DB Kamo Jou,DSL,Eligible - Mining,33795.00,64
2022-07,2022,FY2022/23,DB-MCCA-126,DIESEL,Ineligible,16193.00,38
2022-07,2022,FY2022/23,Nitro+,COOLANT,Ineligible,1.00,1
2022-07,2022,FY2022/23,Nitro+,DIESEL,Ineligible,136356.24,1205
2022-07,2022,FY2022/23,Nitro+,HYDRAULIC,Eligible - Mining,561.00,35
2022-07,2022,FY2022/23,Nitro+,TRANSMISSION,Eligible - Mining,3094.00,362
2022-07,2022,FY2022/23,North Concentrator,DIESEL,Ineligible,20974.00,133
2022-07,2022,FY2022/23,ST-250,ODT-30,Eligible - Mining,12848.60,194
2022-07,2022,FY2022/23,Stores LDV,DIESEL,Ineligible,9209.34,178
2022-07,2022,FY2022/23,Stores LDV,PETROL,Ineligible,787.58,17
2022-08,2022,FY2022/23,DB CSK001,DSL,Ineligible,7556.00,12
2022-08,2022,FY2022/23,DB HIBS JV,DIESEL,Ineligible,11055.90,96
2022-08,2022,FY2022/23,DB-270,DIESEL,Eligible - Mining,11959.00,34
2022-08,2022,FY2022/23,DB-338,DIESEL,Ineligible,17230.00,69
2022-08,2022,FY2022/23,DB-MCCA-126,DIESEL,Eligible - Mining,81927.00,200
2022-08,2022,FY2022/23,DB-MCCA-126,DIESEL,Ineligible,9244.00,24
2022-08,2022,FY2022/23,Nitro+,DIESEL,Eligible - Mining,2777729.40,1395
2022-08,2022,FY2022/23,Nitro+,HYDRAULIC,Eligible - Mining,434.00,45
2022-08,2022,FY2022/23,Ultra City,DIESEL,Eligible - Mining,841847.50,651
2022-08,2022,FY2022/23,BULK137,DIESEL,Eligible - Mining,6118.00,9
2022-08,2022,FY2022/23,DB CSK002,DIESEL,Eligible - Mining,8205138.70,439
2022-08,2022,FY2022/23,Nitro+,DIESEL,Ineligible,410333.00,865
2022-08,2022,FY2022/23,North Concentrator,DIESEL,Eligible - Mining,3924.00,24
2022-08,2022,FY2022/23,North Concentrator,DIESEL,Ineligible,19969.00,133
2022-08,2022,FY2022/23,ST-250,ODT-30,Eligible - Mining,10389.60,168
2022-08,2022,FY2022/23,ST-250,ODT-30,Ineligible,0.10,1
2022-08,2022,FY2022/23,Stores LDV,DIESEL,Eligible - Mining,12098.11,107
2022-08,2022,FY2022/23,Stores LDV,DIESEL,Ineligible,11288.72,175
2022-08,2022,FY2022/23,Stores LDV,PETROL,Ineligible,644.01,14
2022-08,2022,FY2022/23,BULK137,DIESEL,Ineligible,4300.00,13
2022-08,2022,FY2022/23,DB CSK001,DSL,Eligible - Mining,566008.00,1138
2022-08,2022,FY2022/23,DB CSK002,DIESEL,Ineligible,2981.10,4
2022-08,2022,FY2022/23,DB-269,DIESEL,Eligible - Mining,282237.00,361
2022-08,2022,FY2022/23,DB-270,DIESEL,Ineligible,774.00,7
2022-08,2022,FY2022/23,DB-338,DIESEL,Eligible - Mining,308895.40,402
2022-08,2022,FY2022/23,Ultra City,DIESEL,Ineligible,1006898.50,226
2022-08,2022,FY2022/23,CON-074,DIESEL,Eligible - Mining,62078.00,186
2022-08,2022,FY2022/23,CON-074,DIESEL,Ineligible,20231.40,63
2022-08,2022,FY2022/23,DB HIBS JV,DIESEL,Eligible - Mining,56992.20,386
2022-08,2022,FY2022/23,DB Kamo Jou,DSL,Eligible - Mining,45680.00,79
2022-08,2022,FY2022/23,DB Kamo Jou,DSL,Ineligible,3314.00,9
2022-08,2022,FY2022/23,DB-269,DIESEL,Ineligible,24302.00,74
2022-08,2022,FY2022/23,Nitro+,COOLANT,Eligible - Mining,1.00,1
2022-08,2022,FY2022/23,Nitro+,ENGINE,Eligible - Mining,6.00,3
2022-08,2022,FY2022/23,Nitro+,TRANSMISSION,Eligible - Mining,2275.00,296
2022-08,2022,FY2022/23,Nitro+,TRANSMISSION,Ineligible,35.00,8
