DateKey	FullDate	Year	Quarter	MonthNumber	MonthName	YearMonth	DayOfMonth	DayName	IsWeekend	FiscalYearSA	SeasonSouthernAfrica
20090101	2009-01-01	2009	1	1	January	2009-01	1	Thursday	0	FY2008/09	Summer
20090102	2009-01-02	2009	1	1	January	2009-01	2	Friday	0	FY2008/09	Summer
20090103	2009-01-03	2009	1	1	January	2009-01	3	Saturday	1	FY2008/09	Summer
20090104	2009-01-04	2009	1	1	January	2009-01	4	Sunday	1	FY2008/09	Summer
20090105	2009-01-05	2009	1	1	January	2009-01	5	Monday	0	FY2008/09	Summer
20090106	2009-01-06	2009	1	1	January	2009-01	6	Tuesday	0	FY2008/09	Summer
20090107	2009-01-07	2009	1	1	January	2009-01	7	Wednesday	0	FY2008/09	Summer
20090108	2009-01-08	2009	1	1	January	2009-01	8	Thursday	0	FY2008/09	Summer
20090109	2009-01-09	2009	1	1	January	2009-01	9	Friday	0	FY2008/09	Summer
20090110	2009-01-10	2009	1	1	January	2009-01	10	Saturday	1	FY2008/09	Summer
20090111	2009-01-11	2009	1	1	January	2009-01	11	Sunday	1	FY2008/09	Summer
20090112	2009-01-12	2009	1	1	January	2009-01	12	Monday	0	FY2008/09	Summer
20090113	2009-01-13	2009	1	1	January	2009-01	13	Tuesday	0	FY2008/09	Summer
20090114	2009-01-14	2009	1	1	January	2009-01	14	Wednesday	0	FY2008/09	Summer
20090115	2009-01-15	2009	1	1	January	2009-01	15	Thursday	0	FY2008/09	Summer
20090116	2009-01-16	2009	1	1	January	2009-01	16	Friday	0	FY2008/09	Summer
20090117	2009-01-17	2009	1	1	January	2009-01	17	Saturday	1	FY2008/09	Summer
20090118	2009-01-18	2009	1	1	January	2009-01	18	Sunday	1	FY2008/09	Summer
20090119	2009-01-19	2009	1	1	January	2009-01	19	Monday	0	FY2008/09	Summer
20090120	2009-01-20	2009	1	1	January	2009-01	20	Tuesday	0	FY2008/09	Summer
20090121	2009-01-21	2009	1	1	January	2009-01	21	Wednesday	0	FY2008/09	Summer
20090122	2009-01-22	2009	1	1	January	2009-01	22	Thursday	0	FY2008/09	Summer
20090123	2009-01-23	2009	1	1	January	2009-01	23	Friday	0	FY2008/09	Summer
20090124	2009-01-24	2009	1	1	January	2009-01	24	Saturday	1	FY2008/09	Summer
20090125	2009-01-25	2009	1	1	January	2009-01	25	Sunday	1	FY2008/09	Summer
20090126	2009-01-26	2009	1	1	January	2009-01	26	Monday	0	FY2008/09	Summer
20090127	2009-01-27	2009	1	1	January	2009-01	27	Tuesday	0	FY2008/09	Summer
20090128	2009-01-28	2009	1	1	January	2009-01	28	Wednesday	0	FY2008/09	Summer
20090129	2009-01-29	2009	1	1	January	2009-01	29	Thursday	0	FY2008/09	Summer
20090130	2009-01-30	2009	1	1	January	2009-01	30	Friday	0	FY2008/09	Summer
20090131	2009-01-31	2009	1	1	January	2009-01	31	Saturday	1	FY2008/09	Summer
20090201	2009-02-01	2009	1	2	February	2009-02	1	Sunday	1	FY2008/09	Summer
20090202	2009-02-02	2009	1	2	February	2009-02	2	Monday	0	FY2008/09	Summer
20090203	2009-02-03	2009	1	2	February	2009-02	3	Tuesday	0	FY2008/09	Summer
20090204	2009-02-04	2009	1	2	February	2009-02	4	Wednesday	0	FY2008/09	Summer
20090205	2009-02-05	2009	1	2	February	2009-02	5	Thursday	0	FY2008/09	Summer
20090206	2009-02-06	2009	1	2	February	2009-02	6	Friday	0	FY2008/09	Summer
20090207	2009-02-07	2009	1	2	February	2009-02	7	Saturday	1	FY2008/09	Summer
20090208	2009-02-08	2009	1	2	February	2009-02	8	Sunday	1	FY2008/09	Summer
20090209	2009-02-09	2009	1	2	February	2009-02	9	Monday	0	FY2008/09	Summer
20090210	2009-02-10	2009	1	2	February	2009-02	10	Tuesday	0	FY2008/09	Summer
20090211	2009-02-11	2009	1	2	February	2009-02	11	Wednesday	0	FY2008/09	Summer
20090212	2009-02-12	2009	1	2	February	2009-02	12	Thursday	0	FY2008/09	Summer
20090213	2009-02-13	2009	1	2	February	2009-02	13	Friday	0	FY2008/09	Summer
20090214	2009-02-14	2009	1	2	February	2009-02	14	Saturday	1	FY2008/09	Summer
20090215	2009-02-15	2009	1	2	February	2009-02	15	Sunday	1	FY2008/09	Summer
20090216	2009-02-16	2009	1	2	February	2009-02	16	Monday	0	FY2008/09	Summer
20090217	2009-02-17	2009	1	2	February	2009-02	17	Tuesday	0	FY2008/09	Summer
20090218	2009-02-18	2009	1	2	February	2009-02	18	Wednesday	0	FY2008/09	Summer
20090219	2009-02-19	2009	1	2	February	2009-02	19	Thursday	0	FY2008/09	Summer
20090220	2009-02-20	2009	1	2	February	2009-02	20	Friday	0	FY2008/09	Summer
20090221	2009-02-21	2009	1	2	February	2009-02	21	Saturday	1	FY2008/09	Summer
20090222	2009-02-22	2009	1	2	February	2009-02	22	Sunday	1	FY2008/09	Summer
20090223	2009-02-23	2009	1	2	February	2009-02	23	Monday	0	FY2008/09	Summer
20090224	2009-02-24	2009	1	2	February	2009-02	24	Tuesday	0	FY2008/09	Summer
20090225	2009-02-25	2009	1	2	February	2009-02	25	Wednesday	0	FY2008/09	Summer
20090226	2009-02-26	2009	1	2	February	2009-02	26	Thursday	0	FY2008/09	Summer
20090227	2009-02-27	2009	1	2	February	2009-02	27	Friday	0	FY2008/09	Summer
20090228	2009-02-28	2009	1	2	February	2009-02	28	Saturday	1	FY2008/09	Summer
20090301	2009-03-01	2009	1	3	March	2009-03	1	Sunday	1	FY2008/09	Autumn
20090302	2009-03-02	2009	1	3	March	2009-03	2	Monday	0	FY2008/09	Autumn
20090303	2009-03-03	2009	1	3	March	2009-03	3	Tuesday	0	FY2008/09	Autumn
20090304	2009-03-04	2009	1	3	March	2009-03	4	Wednesday	0	FY2008/09	Autumn
20090305	2009-03-05	2009	1	3	March	2009-03	5	Thursday	0	FY2008/09	Autumn
20090306	2009-03-06	2009	1	3	March	2009-03	6	Friday	0	FY2008/09	Autumn
20090307	2009-03-07	2009	1	3	March	2009-03	7	Saturday	1	FY2008/09	Autumn
20090308	2009-03-08	2009	1	3	March	2009-03	8	Sunday	1	FY2008/09	Autumn
20090309	2009-03-09	2009	1	3	March	2009-03	9	Monday	0	FY2008/09	Autumn
20090310	2009-03-10	2009	1	3	March	2009-03	10	Tuesday	0	FY2008/09	Autumn
20090311	2009-03-11	2009	1	3	March	2009-03	11	Wednesday	0	FY2008/09	Autumn
20090312	2009-03-12	2009	1	3	March	2009-03	12	Thursday	0	FY2008/09	Autumn
20090313	2009-03-13	2009	1	3	March	2009-03	13	Friday	0	FY2008/09	Autumn
20090314	2009-03-14	2009	1	3	March	2009-03	14	Saturday	1	FY2008/09	Autumn
20090315	2009-03-15	2009	1	3	March	2009-03	15	Sunday	1	FY2008/09	Autumn
20090316	2009-03-16	2009	1	3	March	2009-03	16	Monday	0	FY2008/09	Autumn
20090317	2009-03-17	2009	1	3	March	2009-03	17	Tuesday	0	FY2008/09	Autumn
20090318	2009-03-18	2009	1	3	March	2009-03	18	Wednesday	0	FY2008/09	Autumn
20090319	2009-03-19	2009	1	3	March	2009-03	19	Thursday	0	FY2008/09	Autumn
20090320	2009-03-20	2009	1	3	March	2009-03	20	Friday	0	FY2008/09	Autumn
20090321	2009-03-21	2009	1	3	March	2009-03	21	Saturday	1	FY2008/09	Autumn
20090322	2009-03-22	2009	1	3	March	2009-03	22	Sunday	1	FY2008/09	Autumn
20090323	2009-03-23	2009	1	3	March	2009-03	23	Monday	0	FY2008/09	Autumn
20090324	2009-03-24	2009	1	3	March	2009-03	24	Tuesday	0	FY2008/09	Autumn
20090325	2009-03-25	2009	1	3	March	2009-03	25	Wednesday	0	FY2008/09	Autumn
20090326	2009-03-26	2009	1	3	March	2009-03	26	Thursday	0	FY2008/09	Autumn
20090327	2009-03-27	2009	1	3	March	2009-03	27	Friday	0	FY2008/09	Autumn
20090328	2009-03-28	2009	1	3	March	2009-03	28	Saturday	1	FY2008/09	Autumn
20090329	2009-03-29	2009	1	3	March	2009-03	29	Sunday	1	FY2008/09	Autumn
20090330	2009-03-30	2009	1	3	March	2009-03	30	Monday	0	FY2008/09	Autumn
20090331	2009-03-31	2009	1	3	March	2009-03	31	Tuesday	0	FY2008/09	Autumn
20090401	2009-04-01	2009	2	4	April	2009-04	1	Wednesday	0	FY2009/10	Autumn
20090402	2009-04-02	2009	2	4	April	2009-04	2	Thursday	0	FY2009/10	Autumn
20090403	2009-04-03	2009	2	4	April	2009-04	3	Friday	0	FY2009/10	Autumn
20090404	2009-04-04	2009	2	4	April	2009-04	4	Saturday	1	FY2009/10	Autumn
20090405	2009-04-05	2009	2	4	April	2009-04	5	Sunday	1	FY2009/10	Autumn
20090406	2009-04-06	2009	2	4	April	2009-04	6	Monday	0	FY2009/10	Autumn
20090407	2009-04-07	2009	2	4	April	2009-04	7	Tuesday	0	FY2009/10	Autumn
20090408	2009-04-08	2009	2	4	April	2009-04	8	Wednesday	0	FY2009/10	Autumn
20090409	2009-04-09	2009	2	4	April	2009-04	9	Thursday	0	FY2009/10	Autumn
20090410	2009-04-10	2009	2	4	April	2009-04	10	Friday	0	FY2009/10	Autumn
20090411	2009-04-11	2009	2	4	April	2009-04	11	Saturday	1	FY2009/10	Autumn
20090412	2009-04-12	2009	2	4	April	2009-04	12	Sunday	1	FY2009/10	Autumn
20090413	2009-04-13	2009	2	4	April	2009-04	13	Monday	0	FY2009/10	Autumn
20090414	2009-04-14	2009	2	4	April	2009-04	14	Tuesday	0	FY2009/10	Autumn
20090415	2009-04-15	2009	2	4	April	2009-04	15	Wednesday	0	FY2009/10	Autumn
20090416	2009-04-16	2009	2	4	April	2009-04	16	Thursday	0	FY2009/10	Autumn
20090417	2009-04-17	2009	2	4	April	2009-04	17	Friday	0	FY2009/10	Autumn
20090418	2009-04-18	2009	2	4	April	2009-04	18	Saturday	1	FY2009/10	Autumn
20090419	2009-04-19	2009	2	4	April	2009-04	19	Sunday	1	FY2009/10	Autumn
20090420	2009-04-20	2009	2	4	April	2009-04	20	Monday	0	FY2009/10	Autumn
20090421	2009-04-21	2009	2	4	April	2009-04	21	Tuesday	0	FY2009/10	Autumn
20090422	2009-04-22	2009	2	4	April	2009-04	22	Wednesday	0	FY2009/10	Autumn
20090423	2009-04-23	2009	2	4	April	2009-04	23	Thursday	0	FY2009/10	Autumn
20090424	2009-04-24	2009	2	4	April	2009-04	24	Friday	0	FY2009/10	Autumn
20090425	2009-04-25	2009	2	4	April	2009-04	25	Saturday	1	FY2009/10	Autumn
20090426	2009-04-26	2009	2	4	April	2009-04	26	Sunday	1	FY2009/10	Autumn
20090427	2009-04-27	2009	2	4	April	2009-04	27	Monday	0	FY2009/10	Autumn
20090428	2009-04-28	2009	2	4	April	2009-04	28	Tuesday	0	FY2009/10	Autumn
20090429	2009-04-29	2009	2	4	April	2009-04	29	Wednesday	0	FY2009/10	Autumn
20090430	2009-04-30	2009	2	4	April	2009-04	30	Thursday	0	FY2009/10	Autumn
20090501	2009-05-01	2009	2	5	May	2009-05	1	Friday	0	FY2009/10	Autumn
20090502	2009-05-02	2009	2	5	May	2009-05	2	Saturday	1	FY2009/10	Autumn
20090503	2009-05-03	2009	2	5	May	2009-05	3	Sunday	1	FY2009/10	Autumn
20090504	2009-05-04	2009	2	5	May	2009-05	4	Monday	0	FY2009/10	Autumn
20090505	2009-05-05	2009	2	5	May	2009-05	5	Tuesday	0	FY2009/10	Autumn
20090506	2009-05-06	2009	2	5	May	2009-05	6	Wednesday	0	FY2009/10	Autumn
20090507	2009-05-07	2009	2	5	May	2009-05	7	Thursday	0	FY2009/10	Autumn
20090508	2009-05-08	2009	2	5	May	2009-05	8	Friday	0	FY2009/10	Autumn
20090509	2009-05-09	2009	2	5	May	2009-05	9	Saturday	1	FY2009/10	Autumn
20090510	2009-05-10	2009	2	5	May	2009-05	10	Sunday	1	FY2009/10	Autumn
20090511	2009-05-11	2009	2	5	May	2009-05	11	Monday	0	FY2009/10	Autumn
20090512	2009-05-12	2009	2	5	May	2009-05	12	Tuesday	0	FY2009/10	Autumn
20090513	2009-05-13	2009	2	5	May	2009-05	13	Wednesday	0	FY2009/10	Autumn
20090514	2009-05-14	2009	2	5	May	2009-05	14	Thursday	0	FY2009/10	Autumn
20090515	2009-05-15	2009	2	5	May	2009-05	15	Friday	0	FY2009/10	Autumn
20090516	2009-05-16	2009	2	5	May	2009-05	16	Saturday	1	FY2009/10	Autumn
20090517	2009-05-17	2009	2	5	May	2009-05	17	Sunday	1	FY2009/10	Autumn
20090518	2009-05-18	2009	2	5	May	2009-05	18	Monday	0	FY2009/10	Autumn
20090519	2009-05-19	2009	2	5	May	2009-05	19	Tuesday	0	FY2009/10	Autumn
20090520	2009-05-20	2009	2	5	May	2009-05	20	Wednesday	0	FY2009/10	Autumn
20090521	2009-05-21	2009	2	5	May	2009-05	21	Thursday	0	FY2009/10	Autumn
20090522	2009-05-22	2009	2	5	May	2009-05	22	Friday	0	FY2009/10	Autumn
20090523	2009-05-23	2009	2	5	May	2009-05	23	Saturday	1	FY2009/10	Autumn
20090524	2009-05-24	2009	2	5	May	2009-05	24	Sunday	1	FY2009/10	Autumn
20090525	2009-05-25	2009	2	5	May	2009-05	25	Monday	0	FY2009/10	Autumn
20090526	2009-05-26	2009	2	5	May	2009-05	26	Tuesday	0	FY2009/10	Autumn
20090527	2009-05-27	2009	2	5	May	2009-05	27	Wednesday	0	FY2009/10	Autumn
20090528	2009-05-28	2009	2	5	May	2009-05	28	Thursday	0	FY2009/10	Autumn
20090529	2009-05-29	2009	2	5	May	2009-05	29	Friday	0	FY2009/10	Autumn
20090530	2009-05-30	2009	2	5	May	2009-05	30	Saturday	1	FY2009/10	Autumn
20090531	2009-05-31	2009	2	5	May	2009-05	31	Sunday	1	FY2009/10	Autumn
20090601	2009-06-01	2009	2	6	June	2009-06	1	Monday	0	FY2009/10	Winter
20090602	2009-06-02	2009	2	6	June	2009-06	2	Tuesday	0	FY2009/10	Winter
20090603	2009-06-03	2009	2	6	June	2009-06	3	Wednesday	0	FY2009/10	Winter
20090604	2009-06-04	2009	2	6	June	2009-06	4	Thursday	0	FY2009/10	Winter
20090605	2009-06-05	2009	2	6	June	2009-06	5	Friday	0	FY2009/10	Winter
20090606	2009-06-06	2009	2	6	June	2009-06	6	Saturday	1	FY2009/10	Winter
20090607	2009-06-07	2009	2	6	June	2009-06	7	Sunday	1	FY2009/10	Winter
20090608	2009-06-08	2009	2	6	June	2009-06	8	Monday	0	FY2009/10	Winter
20090609	2009-06-09	2009	2	6	June	2009-06	9	Tuesday	0	FY2009/10	Winter
20090610	2009-06-10	2009	2	6	June	2009-06	10	Wednesday	0	FY2009/10	Winter
20090611	2009-06-11	2009	2	6	June	2009-06	11	Thursday	0	FY2009/10	Winter
20090612	2009-06-12	2009	2	6	June	2009-06	12	Friday	0	FY2009/10	Winter
20090613	2009-06-13	2009	2	6	June	2009-06	13	Saturday	1	FY2009/10	Winter
20090614	2009-06-14	2009	2	6	June	2009-06	14	Sunday	1	FY2009/10	Winter
20090615	2009-06-15	2009	2	6	June	2009-06	15	Monday	0	FY2009/10	Winter
20090616	2009-06-16	2009	2	6	June	2009-06	16	Tuesday	0	FY2009/10	Winter
20090617	2009-06-17	2009	2	6	June	2009-06	17	Wednesday	0	FY2009/10	Winter
20090618	2009-06-18	2009	2	6	June	2009-06	18	Thursday	0	FY2009/10	Winter
20090619	2009-06-19	2009	2	6	June	2009-06	19	Friday	0	FY2009/10	Winter
20090620	2009-06-20	2009	2	6	June	2009-06	20	Saturday	1	FY2009/10	Winter
20090621	2009-06-21	2009	2	6	June	2009-06	21	Sunday	1	FY2009/10	Winter
20090622	2009-06-22	2009	2	6	June	2009-06	22	Monday	0	FY2009/10	Winter
20090623	2009-06-23	2009	2	6	June	2009-06	23	Tuesday	0	FY2009/10	Winter
20090624	2009-06-24	2009	2	6	June	2009-06	24	Wednesday	0	FY2009/10	Winter
20090625	2009-06-25	2009	2	6	June	2009-06	25	Thursday	0	FY2009/10	Winter
20090626	2009-06-26	2009	2	6	June	2009-06	26	Friday	0	FY2009/10	Winter
20090627	2009-06-27	2009	2	6	June	2009-06	27	Saturday	1	FY2009/10	Winter
20090628	2009-06-28	2009	2	6	June	2009-06	28	Sunday	1	FY2009/10	Winter
20090629	2009-06-29	2009	2	6	June	2009-06	29	Monday	0	FY2009/10	Winter
20090630	2009-06-30	2009	2	6	June	2009-06	30	Tuesday	0	FY2009/10	Winter
20090701	2009-07-01	2009	3	7	July	2009-07	1	Wednesday	0	FY2009/10	Winter
20090702	2009-07-02	2009	3	7	July	2009-07	2	Thursday	0	FY2009/10	Winter
20090703	2009-07-03	2009	3	7	July	2009-07	3	Friday	0	FY2009/10	Winter
20090704	2009-07-04	2009	3	7	July	2009-07	4	Saturday	1	FY2009/10	Winter
20090705	2009-07-05	2009	3	7	July	2009-07	5	Sunday	1	FY2009/10	Winter
20090706	2009-07-06	2009	3	7	July	2009-07	6	Monday	0	FY2009/10	Winter
20090707	2009-07-07	2009	3	7	July	2009-07	7	Tuesday	0	FY2009/10	Winter
20090708	2009-07-08	2009	3	7	July	2009-07	8	Wednesday	0	FY2009/10	Winter
20090709	2009-07-09	2009	3	7	July	2009-07	9	Thursday	0	FY2009/10	Winter
20090710	2009-07-10	2009	3	7	July	2009-07	10	Friday	0	FY2009/10	Winter
20090711	2009-07-11	2009	3	7	July	2009-07	11	Saturday	1	FY2009/10	Winter
20090712	2009-07-12	2009	3	7	July	2009-07	12	Sunday	1	FY2009/10	Winter
20090713	2009-07-13	2009	3	7	July	2009-07	13	Monday	0	FY2009/10	Winter
20090714	2009-07-14	2009	3	7	July	2009-07	14	Tuesday	0	FY2009/10	Winter
20090715	2009-07-15	2009	3	7	July	2009-07	15	Wednesday	0	FY2009/10	Winter
20090716	2009-07-16	2009	3	7	July	2009-07	16	Thursday	0	FY2009/10	Winter
20090717	2009-07-17	2009	3	7	July	2009-07	17	Friday	0	FY2009/10	Winter
20090718	2009-07-18	2009	3	7	July	2009-07	18	Saturday	1	FY2009/10	Winter
20090719	2009-07-19	2009	3	7	July	2009-07	19	Sunday	1	FY2009/10	Winter
20090720	2009-07-20	2009	3	7	July	2009-07	20	Monday	0	FY2009/10	Winter
20090721	2009-07-21	2009	3	7	July	2009-07	21	Tuesday	0	FY2009/10	Winter
20090722	2009-07-22	2009	3	7	July	2009-07	22	Wednesday	0	FY2009/10	Winter
20090723	2009-07-23	2009	3	7	July	2009-07	23	Thursday	0	FY2009/10	Winter
20090724	2009-07-24	2009	3	7	July	2009-07	24	Friday	0	FY2009/10	Winter
20090725	2009-07-25	2009	3	7	July	2009-07	25	Saturday	1	FY2009/10	Winter
20090726	2009-07-26	2009	3	7	July	2009-07	26	Sunday	1	FY2009/10	Winter
20090727	2009-07-27	2009	3	7	July	2009-07	27	Monday	0	FY2009/10	Winter
20090728	2009-07-28	2009	3	7	July	2009-07	28	Tuesday	0	FY2009/10	Winter
20090729	2009-07-29	2009	3	7	July	2009-07	29	Wednesday	0	FY2009/10	Winter
20090730	2009-07-30	2009	3	7	July	2009-07	30	Thursday	0	FY2009/10	Winter
20090731	2009-07-31	2009	3	7	July	2009-07	31	Friday	0	FY2009/10	Winter
20090801	2009-08-01	2009	3	8	August	2009-08	1	Saturday	1	FY2009/10	Winter
20090802	2009-08-02	2009	3	8	August	2009-08	2	Sunday	1	FY2009/10	Winter
20090803	2009-08-03	2009	3	8	August	2009-08	3	Monday	0	FY2009/10	Winter
20090804	2009-08-04	2009	3	8	August	2009-08	4	Tuesday	0	FY2009/10	Winter
20090805	2009-08-05	2009	3	8	August	2009-08	5	Wednesday	0	FY2009/10	Winter
20090806	2009-08-06	2009	3	8	August	2009-08	6	Thursday	0	FY2009/10	Winter
20090807	2009-08-07	2009	3	8	August	2009-08	7	Friday	0	FY2009/10	Winter
20090808	2009-08-08	2009	3	8	August	2009-08	8	Saturday	1	FY2009/10	Winter
20090809	2009-08-09	2009	3	8	August	2009-08	9	Sunday	1	FY2009/10	Winter
20090810	2009-08-10	2009	3	8	August	2009-08	10	Monday	0	FY2009/10	Winter
20090811	2009-08-11	2009	3	8	August	2009-08	11	Tuesday	0	FY2009/10	Winter
20090812	2009-08-12	2009	3	8	August	2009-08	12	Wednesday	0	FY2009/10	Winter
20090813	2009-08-13	2009	3	8	August	2009-08	13	Thursday	0	FY2009/10	Winter
20090814	2009-08-14	2009	3	8	August	2009-08	14	Friday	0	FY2009/10	Winter
20090815	2009-08-15	2009	3	8	August	2009-08	15	Saturday	1	FY2009/10	Winter
20090816	2009-08-16	2009	3	8	August	2009-08	16	Sunday	1	FY2009/10	Winter
20090817	2009-08-17	2009	3	8	August	2009-08	17	Monday	0	FY2009/10	Winter
20090818	2009-08-18	2009	3	8	August	2009-08	18	Tuesday	0	FY2009/10	Winter
20090819	2009-08-19	2009	3	8	August	2009-08	19	Wednesday	0	FY2009/10	Winter
20090820	2009-08-20	2009	3	8	August	2009-08	20	Thursday	0	FY2009/10	Winter
20090821	2009-08-21	2009	3	8	August	2009-08	21	Friday	0	FY2009/10	Winter
20090822	2009-08-22	2009	3	8	August	2009-08	22	Saturday	1	FY2009/10	Winter
20090823	2009-08-23	2009	3	8	August	2009-08	23	Sunday	1	FY2009/10	Winter
20090824	2009-08-24	2009	3	8	August	2009-08	24	Monday	0	FY2009/10	Winter
20090825	2009-08-25	2009	3	8	August	2009-08	25	Tuesday	0	FY2009/10	Winter
20090826	2009-08-26	2009	3	8	August	2009-08	26	Wednesday	0	FY2009/10	Winter
20090827	2009-08-27	2009	3	8	August	2009-08	27	Thursday	0	FY2009/10	Winter
20090828	2009-08-28	2009	3	8	August	2009-08	28	Friday	0	FY2009/10	Winter
20090829	2009-08-29	2009	3	8	August	2009-08	29	Saturday	1	FY2009/10	Winter
20090830	2009-08-30	2009	3	8	August	2009-08	30	Sunday	1	FY2009/10	Winter
20090831	2009-08-31	2009	3	8	August	2009-08	31	Monday	0	FY2009/10	Winter
20090901	2009-09-01	2009	3	9	September	2009-09	1	Tuesday	0	FY2009/10	Spring
20090902	2009-09-02	2009	3	9	September	2009-09	2	Wednesday	0	FY2009/10	Spring
20090903	2009-09-03	2009	3	9	September	2009-09	3	Thursday	0	FY2009/10	Spring
20090904	2009-09-04	2009	3	9	September	2009-09	4	Friday	0	FY2009/10	Spring
20090905	2009-09-05	2009	3	9	September	2009-09	5	Saturday	1	FY2009/10	Spring
20090906	2009-09-06	2009	3	9	September	2009-09	6	Sunday	1	FY2009/10	Spring
20090907	2009-09-07	2009	3	9	September	2009-09	7	Monday	0	FY2009/10	Spring
20090908	2009-09-08	2009	3	9	September	2009-09	8	Tuesday	0	FY2009/10	Spring
20090909	2009-09-09	2009	3	9	September	2009-09	9	Wednesday	0	FY2009/10	Spring
20090910	2009-09-10	2009	3	9	September	2009-09	10	Thursday	0	FY2009/10	Spring
20090911	2009-09-11	2009	3	9	September	2009-09	11	Friday	0	FY2009/10	Spring
20090912	2009-09-12	2009	3	9	September	2009-09	12	Saturday	1	FY2009/10	Spring
20090913	2009-09-13	2009	3	9	September	2009-09	13	Sunday	1	FY2009/10	Spring
20090914	2009-09-14	2009	3	9	September	2009-09	14	Monday	0	FY2009/10	Spring
20090915	2009-09-15	2009	3	9	September	2009-09	15	Tuesday	0	FY2009/10	Spring
20090916	2009-09-16	2009	3	9	September	2009-09	16	Wednesday	0	FY2009/10	Spring
20090917	2009-09-17	2009	3	9	September	2009-09	17	Thursday	0	FY2009/10	Spring
20090918	2009-09-18	2009	3	9	September	2009-09	18	Friday	0	FY2009/10	Spring
20090919	2009-09-19	2009	3	9	September	2009-09	19	Saturday	1	FY2009/10	Spring
20090920	2009-09-20	2009	3	9	September	2009-09	20	Sunday	1	FY2009/10	Spring
20090921	2009-09-21	2009	3	9	September	2009-09	21	Monday	0	FY2009/10	Spring
20090922	2009-09-22	2009	3	9	September	2009-09	22	Tuesday	0	FY2009/10	Spring
20090923	2009-09-23	2009	3	9	September	2009-09	23	Wednesday	0	FY2009/10	Spring
20090924	2009-09-24	2009	3	9	September	2009-09	24	Thursday	0	FY2009/10	Spring
20090925	2009-09-25	2009	3	9	September	2009-09	25	Friday	0	FY2009/10	Spring
20090926	2009-09-26	2009	3	9	September	2009-09	26	Saturday	1	FY2009/10	Spring
20090927	2009-09-27	2009	3	9	September	2009-09	27	Sunday	1	FY2009/10	Spring
20090928	2009-09-28	2009	3	9	September	2009-09	28	Monday	0	FY2009/10	Spring
20090929	2009-09-29	2009	3	9	September	2009-09	29	Tuesday	0	FY2009/10	Spring
20090930	2009-09-30	2009	3	9	September	2009-09	30	Wednesday	0	FY2009/10	Spring
20091001	2009-10-01	2009	4	10	October	2009-10	1	Thursday	0	FY2009/10	Spring
20091002	2009-10-02	2009	4	10	October	2009-10	2	Friday	0	FY2009/10	Spring
20091003	2009-10-03	2009	4	10	October	2009-10	3	Saturday	1	FY2009/10	Spring
20091004	2009-10-04	2009	4	10	October	2009-10	4	Sunday	1	FY2009/10	Spring
20091005	2009-10-05	2009	4	10	October	2009-10	5	Monday	0	FY2009/10	Spring
20091006	2009-10-06	2009	4	10	October	2009-10	6	Tuesday	0	FY2009/10	Spring
20091007	2009-10-07	2009	4	10	October	2009-10	7	Wednesday	0	FY2009/10	Spring
20091008	2009-10-08	2009	4	10	October	2009-10	8	Thursday	0	FY2009/10	Spring
20091009	2009-10-09	2009	4	10	October	2009-10	9	Friday	0	FY2009/10	Spring
20091010	2009-10-10	2009	4	10	October	2009-10	10	Saturday	1	FY2009/10	Spring
20091011	2009-10-11	2009	4	10	October	2009-10	11	Sunday	1	FY2009/10	Spring
20091012	2009-10-12	2009	4	10	October	2009-10	12	Monday	0	FY2009/10	Spring
20091013	2009-10-13	2009	4	10	October	2009-10	13	Tuesday	0	FY2009/10	Spring
20091014	2009-10-14	2009	4	10	October	2009-10	14	Wednesday	0	FY2009/10	Spring
20091015	2009-10-15	2009	4	10	October	2009-10	15	Thursday	0	FY2009/10	Spring
20091016	2009-10-16	2009	4	10	October	2009-10	16	Friday	0	FY2009/10	Spring
20091017	2009-10-17	2009	4	10	October	2009-10	17	Saturday	1	FY2009/10	Spring
20091018	2009-10-18	2009	4	10	October	2009-10	18	Sunday	1	FY2009/10	Spring
20091019	2009-10-19	2009	4	10	October	2009-10	19	Monday	0	FY2009/10	Spring
20091020	2009-10-20	2009	4	10	October	2009-10	20	Tuesday	0	FY2009/10	Spring
20091021	2009-10-21	2009	4	10	October	2009-10	21	Wednesday	0	FY2009/10	Spring
20091022	2009-10-22	2009	4	10	October	2009-10	22	Thursday	0	FY2009/10	Spring
20091023	2009-10-23	2009	4	10	October	2009-10	23	Friday	0	FY2009/10	Spring
20091024	2009-10-24	2009	4	10	October	2009-10	24	Saturday	1	FY2009/10	Spring
20091025	2009-10-25	2009	4	10	October	2009-10	25	Sunday	1	FY2009/10	Spring
20091026	2009-10-26	2009	4	10	October	2009-10	26	Monday	0	FY2009/10	Spring
20091027	2009-10-27	2009	4	10	October	2009-10	27	Tuesday	0	FY2009/10	Spring
20091028	2009-10-28	2009	4	10	October	2009-10	28	Wednesday	0	FY2009/10	Spring
20091029	2009-10-29	2009	4	10	October	2009-10	29	Thursday	0	FY2009/10	Spring
20091030	2009-10-30	2009	4	10	October	2009-10	30	Friday	0	FY2009/10	Spring
20091031	2009-10-31	2009	4	10	October	2009-10	31	Saturday	1	FY2009/10	Spring
20091101	2009-11-01	2009	4	11	November	2009-11	1	Sunday	1	FY2009/10	Spring
20091102	2009-11-02	2009	4	11	November	2009-11	2	Monday	0	FY2009/10	Spring
20091103	2009-11-03	2009	4	11	November	2009-11	3	Tuesday	0	FY2009/10	Spring
20091104	2009-11-04	2009	4	11	November	2009-11	4	Wednesday	0	FY2009/10	Spring
20091105	2009-11-05	2009	4	11	November	2009-11	5	Thursday	0	FY2009/10	Spring
20091106	2009-11-06	2009	4	11	November	2009-11	6	Friday	0	FY2009/10	Spring
20091107	2009-11-07	2009	4	11	November	2009-11	7	Saturday	1	FY2009/10	Spring
20091108	2009-11-08	2009	4	11	November	2009-11	8	Sunday	1	FY2009/10	Spring
20091109	2009-11-09	2009	4	11	November	2009-11	9	Monday	0	FY2009/10	Spring
20091110	2009-11-10	2009	4	11	November	2009-11	10	Tuesday	0	FY2009/10	Spring
20091111	2009-11-11	2009	4	11	November	2009-11	11	Wednesday	0	FY2009/10	Spring
20091112	2009-11-12	2009	4	11	November	2009-11	12	Thursday	0	FY2009/10	Spring
20091113	2009-11-13	2009	4	11	November	2009-11	13	Friday	0	FY2009/10	Spring
20091114	2009-11-14	2009	4	11	November	2009-11	14	Saturday	1	FY2009/10	Spring
20091115	2009-11-15	2009	4	11	November	2009-11	15	Sunday	1	FY2009/10	Spring
20091116	2009-11-16	2009	4	11	November	2009-11	16	Monday	0	FY2009/10	Spring
20091117	2009-11-17	2009	4	11	November	2009-11	17	Tuesday	0	FY2009/10	Spring
20091118	2009-11-18	2009	4	11	November	2009-11	18	Wednesday	0	FY2009/10	Spring
20091119	2009-11-19	2009	4	11	November	2009-11	19	Thursday	0	FY2009/10	Spring
20091120	2009-11-20	2009	4	11	November	2009-11	20	Friday	0	FY2009/10	Spring
20091121	2009-11-21	2009	4	11	November	2009-11	21	Saturday	1	FY2009/10	Spring
20091122	2009-11-22	2009	4	11	November	2009-11	22	Sunday	1	FY2009/10	Spring
20091123	2009-11-23	2009	4	11	November	2009-11	23	Monday	0	FY2009/10	Spring
20091124	2009-11-24	2009	4	11	November	2009-11	24	Tuesday	0	FY2009/10	Spring
20091125	2009-11-25	2009	4	11	November	2009-11	25	Wednesday	0	FY2009/10	Spring
20091126	2009-11-26	2009	4	11	November	2009-11	26	Thursday	0	FY2009/10	Spring
20091127	2009-11-27	2009	4	11	November	2009-11	27	Friday	0	FY2009/10	Spring
20091128	2009-11-28	2009	4	11	November	2009-11	28	Saturday	1	FY2009/10	Spring
20091129	2009-11-29	2009	4	11	November	2009-11	29	Sunday	1	FY2009/10	Spring
20091130	2009-11-30	2009	4	11	November	2009-11	30	Monday	0	FY2009/10	Spring
20091201	2009-12-01	2009	4	12	December	2009-12	1	Tuesday	0	FY2009/10	Summer
20091202	2009-12-02	2009	4	12	December	2009-12	2	Wednesday	0	FY2009/10	Summer
20091203	2009-12-03	2009	4	12	December	2009-12	3	Thursday	0	FY2009/10	Summer
20091204	2009-12-04	2009	4	12	December	2009-12	4	Friday	0	FY2009/10	Summer
20091205	2009-12-05	2009	4	12	December	2009-12	5	Saturday	1	FY2009/10	Summer
20091206	2009-12-06	2009	4	12	December	2009-12	6	Sunday	1	FY2009/10	Summer
20091207	2009-12-07	2009	4	12	December	2009-12	7	Monday	0	FY2009/10	Summer
20091208	2009-12-08	2009	4	12	December	2009-12	8	Tuesday	0	FY2009/10	Summer
20091209	2009-12-09	2009	4	12	December	2009-12	9	Wednesday	0	FY2009/10	Summer
20091210	2009-12-10	2009	4	12	December	2009-12	10	Thursday	0	FY2009/10	Summer
20091211	2009-12-11	2009	4	12	December	2009-12	11	Friday	0	FY2009/10	Summer
20091212	2009-12-12	2009	4	12	December	2009-12	12	Saturday	1	FY2009/10	Summer
20091213	2009-12-13	2009	4	12	December	2009-12	13	Sunday	1	FY2009/10	Summer
20091214	2009-12-14	2009	4	12	December	2009-12	14	Monday	0	FY2009/10	Summer
20091215	2009-12-15	2009	4	12	December	2009-12	15	Tuesday	0	FY2009/10	Summer
20091216	2009-12-16	2009	4	12	December	2009-12	16	Wednesday	0	FY2009/10	Summer
20091217	2009-12-17	2009	4	12	December	2009-12	17	Thursday	0	FY2009/10	Summer
20091218	2009-12-18	2009	4	12	December	2009-12	18	Friday	0	FY2009/10	Summer
20091219	2009-12-19	2009	4	12	December	2009-12	19	Saturday	1	FY2009/10	Summer
20091220	2009-12-20	2009	4	12	December	2009-12	20	Sunday	1	FY2009/10	Summer
20091221	2009-12-21	2009	4	12	December	2009-12	21	Monday	0	FY2009/10	Summer
20091222	2009-12-22	2009	4	12	December	2009-12	22	Tuesday	0	FY2009/10	Summer
20091223	2009-12-23	2009	4	12	December	2009-12	23	Wednesday	0	FY2009/10	Summer
20091224	2009-12-24	2009	4	12	December	2009-12	24	Thursday	0	FY2009/10	Summer
20091225	2009-12-25	2009	4	12	December	2009-12	25	Friday	0	FY2009/10	Summer
20091226	2009-12-26	2009	4	12	December	2009-12	26	Saturday	1	FY2009/10	Summer
20091227	2009-12-27	2009	4	12	December	2009-12	27	Sunday	1	FY2009/10	Summer
20091228	2009-12-28	2009	4	12	December	2009-12	28	Monday	0	FY2009/10	Summer
20091229	2009-12-29	2009	4	12	December	2009-12	29	Tuesday	0	FY2009/10	Summer
20091230	2009-12-30	2009	4	12	December	2009-12	30	Wednesday	0	FY2009/10	Summer
20091231	2009-12-31	2009	4	12	December	2009-12	31	Thursday	0	FY2009/10	Summer
20100101	2010-01-01	2010	1	1	January	2010-01	1	Friday	0	FY2009/10	Summer
20100102	2010-01-02	2010	1	1	January	2010-01	2	Saturday	1	FY2009/10	Summer
20100103	2010-01-03	2010	1	1	January	2010-01	3	Sunday	1	FY2009/10	Summer
20100104	2010-01-04	2010	1	1	January	2010-01	4	Monday	0	FY2009/10	Summer
20100105	2010-01-05	2010	1	1	January	2010-01	5	Tuesday	0	FY2009/10	Summer
20100106	2010-01-06	2010	1	1	January	2010-01	6	Wednesday	0	FY2009/10	Summer
20100107	2010-01-07	2010	1	1	January	2010-01	7	Thursday	0	FY2009/10	Summer
20100108	2010-01-08	2010	1	1	January	2010-01	8	Friday	0	FY2009/10	Summer
20100109	2010-01-09	2010	1	1	January	2010-01	9	Saturday	1	FY2009/10	Summer
20100110	2010-01-10	2010	1	1	January	2010-01	10	Sunday	1	FY2009/10	Summer
20100111	2010-01-11	2010	1	1	January	2010-01	11	Monday	0	FY2009/10	Summer
20100112	2010-01-12	2010	1	1	January	2010-01	12	Tuesday	0	FY2009/10	Summer
20100113	2010-01-13	2010	1	1	January	2010-01	13	Wednesday	0	FY2009/10	Summer
20100114	2010-01-14	2010	1	1	January	2010-01	14	Thursday	0	FY2009/10	Summer
20100115	2010-01-15	2010	1	1	January	2010-01	15	Friday	0	FY2009/10	Summer
20100116	2010-01-16	2010	1	1	January	2010-01	16	Saturday	1	FY2009/10	Summer
20100117	2010-01-17	2010	1	1	January	2010-01	17	Sunday	1	FY2009/10	Summer
20100118	2010-01-18	2010	1	1	January	2010-01	18	Monday	0	FY2009/10	Summer
20100119	2010-01-19	2010	1	1	January	2010-01	19	Tuesday	0	FY2009/10	Summer
20100120	2010-01-20	2010	1	1	January	2010-01	20	Wednesday	0	FY2009/10	Summer
20100121	2010-01-21	2010	1	1	January	2010-01	21	Thursday	0	FY2009/10	Summer
20100122	2010-01-22	2010	1	1	January	2010-01	22	Friday	0	FY2009/10	Summer
20100123	2010-01-23	2010	1	1	January	2010-01	23	Saturday	1	FY2009/10	Summer
20100124	2010-01-24	2010	1	1	January	2010-01	24	Sunday	1	FY2009/10	Summer
20100125	2010-01-25	2010	1	1	January	2010-01	25	Monday	0	FY2009/10	Summer
20100126	2010-01-26	2010	1	1	January	2010-01	26	Tuesday	0	FY2009/10	Summer
20100127	2010-01-27	2010	1	1	January	2010-01	27	Wednesday	0	FY2009/10	Summer
20100128	2010-01-28	2010	1	1	January	2010-01	28	Thursday	0	FY2009/10	Summer
20100129	2010-01-29	2010	1	1	January	2010-01	29	Friday	0	FY2009/10	Summer
20100130	2010-01-30	2010	1	1	January	2010-01	30	Saturday	1	FY2009/10	Summer
20100131	2010-01-31	2010	1	1	January	2010-01	31	Sunday	1	FY2009/10	Summer
20100201	2010-02-01	2010	1	2	February	2010-02	1	Monday	0	FY2009/10	Summer
20100202	2010-02-02	2010	1	2	February	2010-02	2	Tuesday	0	FY2009/10	Summer
20100203	2010-02-03	2010	1	2	February	2010-02	3	Wednesday	0	FY2009/10	Summer
20100204	2010-02-04	2010	1	2	February	2010-02	4	Thursday	0	FY2009/10	Summer
20100205	2010-02-05	2010	1	2	February	2010-02	5	Friday	0	FY2009/10	Summer
20100206	2010-02-06	2010	1	2	February	2010-02	6	Saturday	1	FY2009/10	Summer
20100207	2010-02-07	2010	1	2	February	2010-02	7	Sunday	1	FY2009/10	Summer
20100208	2010-02-08	2010	1	2	February	2010-02	8	Monday	0	FY2009/10	Summer
20100209	2010-02-09	2010	1	2	February	2010-02	9	Tuesday	0	FY2009/10	Summer
20100210	2010-02-10	2010	1	2	February	2010-02	10	Wednesday	0	FY2009/10	Summer
20100211	2010-02-11	2010	1	2	February	2010-02	11	Thursday	0	FY2009/10	Summer
20100212	2010-02-12	2010	1	2	February	2010-02	12	Friday	0	FY2009/10	Summer
20100213	2010-02-13	2010	1	2	February	2010-02	13	Saturday	1	FY2009/10	Summer
20100214	2010-02-14	2010	1	2	February	2010-02	14	Sunday	1	FY2009/10	Summer
20100215	2010-02-15	2010	1	2	February	2010-02	15	Monday	0	FY2009/10	Summer
20100216	2010-02-16	2010	1	2	February	2010-02	16	Tuesday	0	FY2009/10	Summer
20100217	2010-02-17	2010	1	2	February	2010-02	17	Wednesday	0	FY2009/10	Summer
20100218	2010-02-18	2010	1	2	February	2010-02	18	Thursday	0	FY2009/10	Summer
20100219	2010-02-19	2010	1	2	February	2010-02	19	Friday	0	FY2009/10	Summer
20100220	2010-02-20	2010	1	2	February	2010-02	20	Saturday	1	FY2009/10	Summer
20100221	2010-02-21	2010	1	2	February	2010-02	21	Sunday	1	FY2009/10	Summer
20100222	2010-02-22	2010	1	2	February	2010-02	22	Monday	0	FY2009/10	Summer
20100223	2010-02-23	2010	1	2	February	2010-02	23	Tuesday	0	FY2009/10	Summer
20100224	2010-02-24	2010	1	2	February	2010-02	24	Wednesday	0	FY2009/10	Summer
20100225	2010-02-25	2010	1	2	February	2010-02	25	Thursday	0	FY2009/10	Summer
20100226	2010-02-26	2010	1	2	February	2010-02	26	Friday	0	FY2009/10	Summer
20100227	2010-02-27	2010	1	2	February	2010-02	27	Saturday	1	FY2009/10	Summer
20100228	2010-02-28	2010	1	2	February	2010-02	28	Sunday	1	FY2009/10	Summer
20100301	2010-03-01	2010	1	3	March	2010-03	1	Monday	0	FY2009/10	Autumn
20100302	2010-03-02	2010	1	3	March	2010-03	2	Tuesday	0	FY2009/10	Autumn
20100303	2010-03-03	2010	1	3	March	2010-03	3	Wednesday	0	FY2009/10	Autumn
20100304	2010-03-04	2010	1	3	March	2010-03	4	Thursday	0	FY2009/10	Autumn
20100305	2010-03-05	2010	1	3	March	2010-03	5	Friday	0	FY2009/10	Autumn
20100306	2010-03-06	2010	1	3	March	2010-03	6	Saturday	1	FY2009/10	Autumn
20100307	2010-03-07	2010	1	3	March	2010-03	7	Sunday	1	FY2009/10	Autumn
20100308	2010-03-08	2010	1	3	March	2010-03	8	Monday	0	FY2009/10	Autumn
20100309	2010-03-09	2010	1	3	March	2010-03	9	Tuesday	0	FY2009/10	Autumn
20100310	2010-03-10	2010	1	3	March	2010-03	10	Wednesday	0	FY2009/10	Autumn
20100311	2010-03-11	2010	1	3	March	2010-03	11	Thursday	0	FY2009/10	Autumn
20100312	2010-03-12	2010	1	3	March	2010-03	12	Friday	0	FY2009/10	Autumn
20100313	2010-03-13	2010	1	3	March	2010-03	13	Saturday	1	FY2009/10	Autumn
20100314	2010-03-14	2010	1	3	March	2010-03	14	Sunday	1	FY2009/10	Autumn
20100315	2010-03-15	2010	1	3	March	2010-03	15	Monday	0	FY2009/10	Autumn
20100316	2010-03-16	2010	1	3	March	2010-03	16	Tuesday	0	FY2009/10	Autumn
20100317	2010-03-17	2010	1	3	March	2010-03	17	Wednesday	0	FY2009/10	Autumn
20100318	2010-03-18	2010	1	3	March	2010-03	18	Thursday	0	FY2009/10	Autumn
20100319	2010-03-19	2010	1	3	March	2010-03	19	Friday	0	FY2009/10	Autumn
20100320	2010-03-20	2010	1	3	March	2010-03	20	Saturday	1	FY2009/10	Autumn
20100321	2010-03-21	2010	1	3	March	2010-03	21	Sunday	1	FY2009/10	Autumn
20100322	2010-03-22	2010	1	3	March	2010-03	22	Monday	0	FY2009/10	Autumn
20100323	2010-03-23	2010	1	3	March	2010-03	23	Tuesday	0	FY2009/10	Autumn
20100324	2010-03-24	2010	1	3	March	2010-03	24	Wednesday	0	FY2009/10	Autumn
20100325	2010-03-25	2010	1	3	March	2010-03	25	Thursday	0	FY2009/10	Autumn
20100326	2010-03-26	2010	1	3	March	2010-03	26	Friday	0	FY2009/10	Autumn
20100327	2010-03-27	2010	1	3	March	2010-03	27	Saturday	1	FY2009/10	Autumn
20100328	2010-03-28	2010	1	3	March	2010-03	28	Sunday	1	FY2009/10	Autumn
20100329	2010-03-29	2010	1	3	March	2010-03	29	Monday	0	FY2009/10	Autumn
20100330	2010-03-30	2010	1	3	March	2010-03	30	Tuesday	0	FY2009/10	Autumn
20100331	2010-03-31	2010	1	3	March	2010-03	31	Wednesday	0	FY2009/10	Autumn
20100401	2010-04-01	2010	2	4	April	2010-04	1	Thursday	0	FY2010/11	Autumn
20100402	2010-04-02	2010	2	4	April	2010-04	2	Friday	0	FY2010/11	Autumn
20100403	2010-04-03	2010	2	4	April	2010-04	3	Saturday	1	FY2010/11	Autumn
20100404	2010-04-04	2010	2	4	April	2010-04	4	Sunday	1	FY2010/11	Autumn
20100405	2010-04-05	2010	2	4	April	2010-04	5	Monday	0	FY2010/11	Autumn
20100406	2010-04-06	2010	2	4	April	2010-04	6	Tuesday	0	FY2010/11	Autumn
20100407	2010-04-07	2010	2	4	April	2010-04	7	Wednesday	0	FY2010/11	Autumn
20100408	2010-04-08	2010	2	4	April	2010-04	8	Thursday	0	FY2010/11	Autumn
20100409	2010-04-09	2010	2	4	April	2010-04	9	Friday	0	FY2010/11	Autumn
20100410	2010-04-10	2010	2	4	April	2010-04	10	Saturday	1	FY2010/11	Autumn
20100411	2010-04-11	2010	2	4	April	2010-04	11	Sunday	1	FY2010/11	Autumn
20100412	2010-04-12	2010	2	4	April	2010-04	12	Monday	0	FY2010/11	Autumn
20100413	2010-04-13	2010	2	4	April	2010-04	13	Tuesday	0	FY2010/11	Autumn
20100414	2010-04-14	2010	2	4	April	2010-04	14	Wednesday	0	FY2010/11	Autumn
20100415	2010-04-15	2010	2	4	April	2010-04	15	Thursday	0	FY2010/11	Autumn
20100416	2010-04-16	2010	2	4	April	2010-04	16	Friday	0	FY2010/11	Autumn
20100417	2010-04-17	2010	2	4	April	2010-04	17	Saturday	1	FY2010/11	Autumn
20100418	2010-04-18	2010	2	4	April	2010-04	18	Sunday	1	FY2010/11	Autumn
20100419	2010-04-19	2010	2	4	April	2010-04	19	Monday	0	FY2010/11	Autumn
20100420	2010-04-20	2010	2	4	April	2010-04	20	Tuesday	0	FY2010/11	Autumn
20100421	2010-04-21	2010	2	4	April	2010-04	21	Wednesday	0	FY2010/11	Autumn
20100422	2010-04-22	2010	2	4	April	2010-04	22	Thursday	0	FY2010/11	Autumn
20100423	2010-04-23	2010	2	4	April	2010-04	23	Friday	0	FY2010/11	Autumn
20100424	2010-04-24	2010	2	4	April	2010-04	24	Saturday	1	FY2010/11	Autumn
20100425	2010-04-25	2010	2	4	April	2010-04	25	Sunday	1	FY2010/11	Autumn
20100426	2010-04-26	2010	2	4	April	2010-04	26	Monday	0	FY2010/11	Autumn
20100427	2010-04-27	2010	2	4	April	2010-04	27	Tuesday	0	FY2010/11	Autumn
20100428	2010-04-28	2010	2	4	April	2010-04	28	Wednesday	0	FY2010/11	Autumn
20100429	2010-04-29	2010	2	4	April	2010-04	29	Thursday	0	FY2010/11	Autumn
20100430	2010-04-30	2010	2	4	April	2010-04	30	Friday	0	FY2010/11	Autumn
20100501	2010-05-01	2010	2	5	May	2010-05	1	Saturday	1	FY2010/11	Autumn
20100502	2010-05-02	2010	2	5	May	2010-05	2	Sunday	1	FY2010/11	Autumn
20100503	2010-05-03	2010	2	5	May	2010-05	3	Monday	0	FY2010/11	Autumn
20100504	2010-05-04	2010	2	5	May	2010-05	4	Tuesday	0	FY2010/11	Autumn
20100505	2010-05-05	2010	2	5	May	2010-05	5	Wednesday	0	FY2010/11	Autumn
20100506	2010-05-06	2010	2	5	May	2010-05	6	Thursday	0	FY2010/11	Autumn
20100507	2010-05-07	2010	2	5	May	2010-05	7	Friday	0	FY2010/11	Autumn
20100508	2010-05-08	2010	2	5	May	2010-05	8	Saturday	1	FY2010/11	Autumn
20100509	2010-05-09	2010	2	5	May	2010-05	9	Sunday	1	FY2010/11	Autumn
20100510	2010-05-10	2010	2	5	May	2010-05	10	Monday	0	FY2010/11	Autumn
20100511	2010-05-11	2010	2	5	May	2010-05	11	Tuesday	0	FY2010/11	Autumn
20100512	2010-05-12	2010	2	5	May	2010-05	12	Wednesday	0	FY2010/11	Autumn
20100513	2010-05-13	2010	2	5	May	2010-05	13	Thursday	0	FY2010/11	Autumn
20100514	2010-05-14	2010	2	5	May	2010-05	14	Friday	0	FY2010/11	Autumn
20100515	2010-05-15	2010	2	5	May	2010-05	15	Saturday	1	FY2010/11	Autumn
20100516	2010-05-16	2010	2	5	May	2010-05	16	Sunday	1	FY2010/11	Autumn
20100517	2010-05-17	2010	2	5	May	2010-05	17	Monday	0	FY2010/11	Autumn
20100518	2010-05-18	2010	2	5	May	2010-05	18	Tuesday	0	FY2010/11	Autumn
20100519	2010-05-19	2010	2	5	May	2010-05	19	Wednesday	0	FY2010/11	Autumn
20100520	2010-05-20	2010	2	5	May	2010-05	20	Thursday	0	FY2010/11	Autumn
20100521	2010-05-21	2010	2	5	May	2010-05	21	Friday	0	FY2010/11	Autumn
20100522	2010-05-22	2010	2	5	May	2010-05	22	Saturday	1	FY2010/11	Autumn
20100523	2010-05-23	2010	2	5	May	2010-05	23	Sunday	1	FY2010/11	Autumn
20100524	2010-05-24	2010	2	5	May	2010-05	24	Monday	0	FY2010/11	Autumn
20100525	2010-05-25	2010	2	5	May	2010-05	25	Tuesday	0	FY2010/11	Autumn
20100526	2010-05-26	2010	2	5	May	2010-05	26	Wednesday	0	FY2010/11	Autumn
20100527	2010-05-27	2010	2	5	May	2010-05	27	Thursday	0	FY2010/11	Autumn
20100528	2010-05-28	2010	2	5	May	2010-05	28	Friday	0	FY2010/11	Autumn
20100529	2010-05-29	2010	2	5	May	2010-05	29	Saturday	1	FY2010/11	Autumn
20100530	2010-05-30	2010	2	5	May	2010-05	30	Sunday	1	FY2010/11	Autumn
20100531	2010-05-31	2010	2	5	May	2010-05	31	Monday	0	FY2010/11	Autumn
20100601	2010-06-01	2010	2	6	June	2010-06	1	Tuesday	0	FY2010/11	Winter
20100602	2010-06-02	2010	2	6	June	2010-06	2	Wednesday	0	FY2010/11	Winter
20100603	2010-06-03	2010	2	6	June	2010-06	3	Thursday	0	FY2010/11	Winter
20100604	2010-06-04	2010	2	6	June	2010-06	4	Friday	0	FY2010/11	Winter
20100605	2010-06-05	2010	2	6	June	2010-06	5	Saturday	1	FY2010/11	Winter
20100606	2010-06-06	2010	2	6	June	2010-06	6	Sunday	1	FY2010/11	Winter
20100607	2010-06-07	2010	2	6	June	2010-06	7	Monday	0	FY2010/11	Winter
20100608	2010-06-08	2010	2	6	June	2010-06	8	Tuesday	0	FY2010/11	Winter
20100609	2010-06-09	2010	2	6	June	2010-06	9	Wednesday	0	FY2010/11	Winter
20100610	2010-06-10	2010	2	6	June	2010-06	10	Thursday	0	FY2010/11	Winter
20100611	2010-06-11	2010	2	6	June	2010-06	11	Friday	0	FY2010/11	Winter
20100612	2010-06-12	2010	2	6	June	2010-06	12	Saturday	1	FY2010/11	Winter
20100613	2010-06-13	2010	2	6	June	2010-06	13	Sunday	1	FY2010/11	Winter
20100614	2010-06-14	2010	2	6	June	2010-06	14	Monday	0	FY2010/11	Winter
20100615	2010-06-15	2010	2	6	June	2010-06	15	Tuesday	0	FY2010/11	Winter
20100616	2010-06-16	2010	2	6	June	2010-06	16	Wednesday	0	FY2010/11	Winter
20100617	2010-06-17	2010	2	6	June	2010-06	17	Thursday	0	FY2010/11	Winter
20100618	2010-06-18	2010	2	6	June	2010-06	18	Friday	0	FY2010/11	Winter
20100619	2010-06-19	2010	2	6	June	2010-06	19	Saturday	1	FY2010/11	Winter
20100620	2010-06-20	2010	2	6	June	2010-06	20	Sunday	1	FY2010/11	Winter
20100621	2010-06-21	2010	2	6	June	2010-06	21	Monday	0	FY2010/11	Winter
20100622	2010-06-22	2010	2	6	June	2010-06	22	Tuesday	0	FY2010/11	Winter
20100623	2010-06-23	2010	2	6	June	2010-06	23	Wednesday	0	FY2010/11	Winter
20100624	2010-06-24	2010	2	6	June	2010-06	24	Thursday	0	FY2010/11	Winter
20100625	2010-06-25	2010	2	6	June	2010-06	25	Friday	0	FY2010/11	Winter
20100626	2010-06-26	2010	2	6	June	2010-06	26	Saturday	1	FY2010/11	Winter
20100627	2010-06-27	2010	2	6	June	2010-06	27	Sunday	1	FY2010/11	Winter
20100628	2010-06-28	2010	2	6	June	2010-06	28	Monday	0	FY2010/11	Winter
20100629	2010-06-29	2010	2	6	June	2010-06	29	Tuesday	0	FY2010/11	Winter
20100630	2010-06-30	2010	2	6	June	2010-06	30	Wednesday	0	FY2010/11	Winter
20100701	2010-07-01	2010	3	7	July	2010-07	1	Thursday	0	FY2010/11	Winter
20100702	2010-07-02	2010	3	7	July	2010-07	2	Friday	0	FY2010/11	Winter
20100703	2010-07-03	2010	3	7	July	2010-07	3	Saturday	1	FY2010/11	Winter
20100704	2010-07-04	2010	3	7	July	2010-07	4	Sunday	1	FY2010/11	Winter
20100705	2010-07-05	2010	3	7	July	2010-07	5	Monday	0	FY2010/11	Winter
20100706	2010-07-06	2010	3	7	July	2010-07	6	Tuesday	0	FY2010/11	Winter
20100707	2010-07-07	2010	3	7	July	2010-07	7	Wednesday	0	FY2010/11	Winter
20100708	2010-07-08	2010	3	7	July	2010-07	8	Thursday	0	FY2010/11	Winter
20100709	2010-07-09	2010	3	7	July	2010-07	9	Friday	0	FY2010/11	Winter
20100710	2010-07-10	2010	3	7	July	2010-07	10	Saturday	1	FY2010/11	Winter
20100711	2010-07-11	2010	3	7	July	2010-07	11	Sunday	1	FY2010/11	Winter
20100712	2010-07-12	2010	3	7	July	2010-07	12	Monday	0	FY2010/11	Winter
20100713	2010-07-13	2010	3	7	July	2010-07	13	Tuesday	0	FY2010/11	Winter
20100714	2010-07-14	2010	3	7	July	2010-07	14	Wednesday	0	FY2010/11	Winter
20100715	2010-07-15	2010	3	7	July	2010-07	15	Thursday	0	FY2010/11	Winter
20100716	2010-07-16	2010	3	7	July	2010-07	16	Friday	0	FY2010/11	Winter
20100717	2010-07-17	2010	3	7	July	2010-07	17	Saturday	1	FY2010/11	Winter
20100718	2010-07-18	2010	3	7	July	2010-07	18	Sunday	1	FY2010/11	Winter
20100719	2010-07-19	2010	3	7	July	2010-07	19	Monday	0	FY2010/11	Winter
20100720	2010-07-20	2010	3	7	July	2010-07	20	Tuesday	0	FY2010/11	Winter
20100721	2010-07-21	2010	3	7	July	2010-07	21	Wednesday	0	FY2010/11	Winter
20100722	2010-07-22	2010	3	7	July	2010-07	22	Thursday	0	FY2010/11	Winter
20100723	2010-07-23	2010	3	7	July	2010-07	23	Friday	0	FY2010/11	Winter
20100724	2010-07-24	2010	3	7	July	2010-07	24	Saturday	1	FY2010/11	Winter
20100725	2010-07-25	2010	3	7	July	2010-07	25	Sunday	1	FY2010/11	Winter
20100726	2010-07-26	2010	3	7	July	2010-07	26	Monday	0	FY2010/11	Winter
20100727	2010-07-27	2010	3	7	July	2010-07	27	Tuesday	0	FY2010/11	Winter
20100728	2010-07-28	2010	3	7	July	2010-07	28	Wednesday	0	FY2010/11	Winter
20100729	2010-07-29	2010	3	7	July	2010-07	29	Thursday	0	FY2010/11	Winter
20100730	2010-07-30	2010	3	7	July	2010-07	30	Friday	0	FY2010/11	Winter
20100731	2010-07-31	2010	3	7	July	2010-07	31	Saturday	1	FY2010/11	Winter
20100801	2010-08-01	2010	3	8	August	2010-08	1	Sunday	1	FY2010/11	Winter
20100802	2010-08-02	2010	3	8	August	2010-08	2	Monday	0	FY2010/11	Winter
20100803	2010-08-03	2010	3	8	August	2010-08	3	Tuesday	0	FY2010/11	Winter
20100804	2010-08-04	2010	3	8	August	2010-08	4	Wednesday	0	FY2010/11	Winter
20100805	2010-08-05	2010	3	8	August	2010-08	5	Thursday	0	FY2010/11	Winter
20100806	2010-08-06	2010	3	8	August	2010-08	6	Friday	0	FY2010/11	Winter
20100807	2010-08-07	2010	3	8	August	2010-08	7	Saturday	1	FY2010/11	Winter
20100808	2010-08-08	2010	3	8	August	2010-08	8	Sunday	1	FY2010/11	Winter
20100809	2010-08-09	2010	3	8	August	2010-08	9	Monday	0	FY2010/11	Winter
20100810	2010-08-10	2010	3	8	August	2010-08	10	Tuesday	0	FY2010/11	Winter
20100811	2010-08-11	2010	3	8	August	2010-08	11	Wednesday	0	FY2010/11	Winter
20100812	2010-08-12	2010	3	8	August	2010-08	12	Thursday	0	FY2010/11	Winter
20100813	2010-08-13	2010	3	8	August	2010-08	13	Friday	0	FY2010/11	Winter
20100814	2010-08-14	2010	3	8	August	2010-08	14	Saturday	1	FY2010/11	Winter
20100815	2010-08-15	2010	3	8	August	2010-08	15	Sunday	1	FY2010/11	Winter
20100816	2010-08-16	2010	3	8	August	2010-08	16	Monday	0	FY2010/11	Winter
20100817	2010-08-17	2010	3	8	August	2010-08	17	Tuesday	0	FY2010/11	Winter
20100818	2010-08-18	2010	3	8	August	2010-08	18	Wednesday	0	FY2010/11	Winter
20100819	2010-08-19	2010	3	8	August	2010-08	19	Thursday	0	FY2010/11	Winter
20100820	2010-08-20	2010	3	8	August	2010-08	20	Friday	0	FY2010/11	Winter
20100821	2010-08-21	2010	3	8	August	2010-08	21	Saturday	1	FY2010/11	Winter
20100822	2010-08-22	2010	3	8	August	2010-08	22	Sunday	1	FY2010/11	Winter
20100823	2010-08-23	2010	3	8	August	2010-08	23	Monday	0	FY2010/11	Winter
20100824	2010-08-24	2010	3	8	August	2010-08	24	Tuesday	0	FY2010/11	Winter
20100825	2010-08-25	2010	3	8	August	2010-08	25	Wednesday	0	FY2010/11	Winter
20100826	2010-08-26	2010	3	8	August	2010-08	26	Thursday	0	FY2010/11	Winter
20100827	2010-08-27	2010	3	8	August	2010-08	27	Friday	0	FY2010/11	Winter
20100828	2010-08-28	2010	3	8	August	2010-08	28	Saturday	1	FY2010/11	Winter
20100829	2010-08-29	2010	3	8	August	2010-08	29	Sunday	1	FY2010/11	Winter
20100830	2010-08-30	2010	3	8	August	2010-08	30	Monday	0	FY2010/11	Winter
20100831	2010-08-31	2010	3	8	August	2010-08	31	Tuesday	0	FY2010/11	Winter
20100901	2010-09-01	2010	3	9	September	2010-09	1	Wednesday	0	FY2010/11	Spring
20100902	2010-09-02	2010	3	9	September	2010-09	2	Thursday	0	FY2010/11	Spring
20100903	2010-09-03	2010	3	9	September	2010-09	3	Friday	0	FY2010/11	Spring
20100904	2010-09-04	2010	3	9	September	2010-09	4	Saturday	1	FY2010/11	Spring
20100905	2010-09-05	2010	3	9	September	2010-09	5	Sunday	1	FY2010/11	Spring
20100906	2010-09-06	2010	3	9	September	2010-09	6	Monday	0	FY2010/11	Spring
20100907	2010-09-07	2010	3	9	September	2010-09	7	Tuesday	0	FY2010/11	Spring
20100908	2010-09-08	2010	3	9	September	2010-09	8	Wednesday	0	FY2010/11	Spring
20100909	2010-09-09	2010	3	9	September	2010-09	9	Thursday	0	FY2010/11	Spring
20100910	2010-09-10	2010	3	9	September	2010-09	10	Friday	0	FY2010/11	Spring
20100911	2010-09-11	2010	3	9	September	2010-09	11	Saturday	1	FY2010/11	Spring
20100912	2010-09-12	2010	3	9	September	2010-09	12	Sunday	1	FY2010/11	Spring
20100913	2010-09-13	2010	3	9	September	2010-09	13	Monday	0	FY2010/11	Spring
20100914	2010-09-14	2010	3	9	September	2010-09	14	Tuesday	0	FY2010/11	Spring
20100915	2010-09-15	2010	3	9	September	2010-09	15	Wednesday	0	FY2010/11	Spring
20100916	2010-09-16	2010	3	9	September	2010-09	16	Thursday	0	FY2010/11	Spring
20100917	2010-09-17	2010	3	9	September	2010-09	17	Friday	0	FY2010/11	Spring
20100918	2010-09-18	2010	3	9	September	2010-09	18	Saturday	1	FY2010/11	Spring
20100919	2010-09-19	2010	3	9	September	2010-09	19	Sunday	1	FY2010/11	Spring
20100920	2010-09-20	2010	3	9	September	2010-09	20	Monday	0	FY2010/11	Spring
20100921	2010-09-21	2010	3	9	September	2010-09	21	Tuesday	0	FY2010/11	Spring
20100922	2010-09-22	2010	3	9	September	2010-09	22	Wednesday	0	FY2010/11	Spring
20100923	2010-09-23	2010	3	9	September	2010-09	23	Thursday	0	FY2010/11	Spring
20100924	2010-09-24	2010	3	9	September	2010-09	24	Friday	0	FY2010/11	Spring
20100925	2010-09-25	2010	3	9	September	2010-09	25	Saturday	1	FY2010/11	Spring
20100926	2010-09-26	2010	3	9	September	2010-09	26	Sunday	1	FY2010/11	Spring
20100927	2010-09-27	2010	3	9	September	2010-09	27	Monday	0	FY2010/11	Spring
20100928	2010-09-28	2010	3	9	September	2010-09	28	Tuesday	0	FY2010/11	Spring
20100929	2010-09-29	2010	3	9	September	2010-09	29	Wednesday	0	FY2010/11	Spring
20100930	2010-09-30	2010	3	9	September	2010-09	30	Thursday	0	FY2010/11	Spring
20101001	2010-10-01	2010	4	10	October	2010-10	1	Friday	0	FY2010/11	Spring
20101002	2010-10-02	2010	4	10	October	2010-10	2	Saturday	1	FY2010/11	Spring
20101003	2010-10-03	2010	4	10	October	2010-10	3	Sunday	1	FY2010/11	Spring
20101004	2010-10-04	2010	4	10	October	2010-10	4	Monday	0	FY2010/11	Spring
20101005	2010-10-05	2010	4	10	October	2010-10	5	Tuesday	0	FY2010/11	Spring
20101006	2010-10-06	2010	4	10	October	2010-10	6	Wednesday	0	FY2010/11	Spring
20101007	2010-10-07	2010	4	10	October	2010-10	7	Thursday	0	FY2010/11	Spring
20101008	2010-10-08	2010	4	10	October	2010-10	8	Friday	0	FY2010/11	Spring
20101009	2010-10-09	2010	4	10	October	2010-10	9	Saturday	1	FY2010/11	Spring
20101010	2010-10-10	2010	4	10	October	2010-10	10	Sunday	1	FY2010/11	Spring
20101011	2010-10-11	2010	4	10	October	2010-10	11	Monday	0	FY2010/11	Spring
20101012	2010-10-12	2010	4	10	October	2010-10	12	Tuesday	0	FY2010/11	Spring
20101013	2010-10-13	2010	4	10	October	2010-10	13	Wednesday	0	FY2010/11	Spring
20101014	2010-10-14	2010	4	10	October	2010-10	14	Thursday	0	FY2010/11	Spring
20101015	2010-10-15	2010	4	10	October	2010-10	15	Friday	0	FY2010/11	Spring
20101016	2010-10-16	2010	4	10	October	2010-10	16	Saturday	1	FY2010/11	Spring
20101017	2010-10-17	2010	4	10	October	2010-10	17	Sunday	1	FY2010/11	Spring
20101018	2010-10-18	2010	4	10	October	2010-10	18	Monday	0	FY2010/11	Spring
20101019	2010-10-19	2010	4	10	October	2010-10	19	Tuesday	0	FY2010/11	Spring
20101020	2010-10-20	2010	4	10	October	2010-10	20	Wednesday	0	FY2010/11	Spring
20101021	2010-10-21	2010	4	10	October	2010-10	21	Thursday	0	FY2010/11	Spring
20101022	2010-10-22	2010	4	10	October	2010-10	22	Friday	0	FY2010/11	Spring
20101023	2010-10-23	2010	4	10	October	2010-10	23	Saturday	1	FY2010/11	Spring
20101024	2010-10-24	2010	4	10	October	2010-10	24	Sunday	1	FY2010/11	Spring
20101025	2010-10-25	2010	4	10	October	2010-10	25	Monday	0	FY2010/11	Spring
20101026	2010-10-26	2010	4	10	October	2010-10	26	Tuesday	0	FY2010/11	Spring
20101027	2010-10-27	2010	4	10	October	2010-10	27	Wednesday	0	FY2010/11	Spring
20101028	2010-10-28	2010	4	10	October	2010-10	28	Thursday	0	FY2010/11	Spring
20101029	2010-10-29	2010	4	10	October	2010-10	29	Friday	0	FY2010/11	Spring
20101030	2010-10-30	2010	4	10	October	2010-10	30	Saturday	1	FY2010/11	Spring
20101031	2010-10-31	2010	4	10	October	2010-10	31	Sunday	1	FY2010/11	Spring
20101101	2010-11-01	2010	4	11	November	2010-11	1	Monday	0	FY2010/11	Spring
20101102	2010-11-02	2010	4	11	November	2010-11	2	Tuesday	0	FY2010/11	Spring
20101103	2010-11-03	2010	4	11	November	2010-11	3	Wednesday	0	FY2010/11	Spring
20101104	2010-11-04	2010	4	11	November	2010-11	4	Thursday	0	FY2010/11	Spring
20101105	2010-11-05	2010	4	11	November	2010-11	5	Friday	0	FY2010/11	Spring
20101106	2010-11-06	2010	4	11	November	2010-11	6	Saturday	1	FY2010/11	Spring
20101107	2010-11-07	2010	4	11	November	2010-11	7	Sunday	1	FY2010/11	Spring
20101108	2010-11-08	2010	4	11	November	2010-11	8	Monday	0	FY2010/11	Spring
20101109	2010-11-09	2010	4	11	November	2010-11	9	Tuesday	0	FY2010/11	Spring
20101110	2010-11-10	2010	4	11	November	2010-11	10	Wednesday	0	FY2010/11	Spring
20101111	2010-11-11	2010	4	11	November	2010-11	11	Thursday	0	FY2010/11	Spring
20101112	2010-11-12	2010	4	11	November	2010-11	12	Friday	0	FY2010/11	Spring
20101113	2010-11-13	2010	4	11	November	2010-11	13	Saturday	1	FY2010/11	Spring
20101114	2010-11-14	2010	4	11	November	2010-11	14	Sunday	1	FY2010/11	Spring
20101115	2010-11-15	2010	4	11	November	2010-11	15	Monday	0	FY2010/11	Spring
20101116	2010-11-16	2010	4	11	November	2010-11	16	Tuesday	0	FY2010/11	Spring
20101117	2010-11-17	2010	4	11	November	2010-11	17	Wednesday	0	FY2010/11	Spring
20101118	2010-11-18	2010	4	11	November	2010-11	18	Thursday	0	FY2010/11	Spring
20101119	2010-11-19	2010	4	11	November	2010-11	19	Friday	0	FY2010/11	Spring
20101120	2010-11-20	2010	4	11	November	2010-11	20	Saturday	1	FY2010/11	Spring
20101121	2010-11-21	2010	4	11	November	2010-11	21	Sunday	1	FY2010/11	Spring
20101122	2010-11-22	2010	4	11	November	2010-11	22	Monday	0	FY2010/11	Spring
20101123	2010-11-23	2010	4	11	November	2010-11	23	Tuesday	0	FY2010/11	Spring
20101124	2010-11-24	2010	4	11	November	2010-11	24	Wednesday	0	FY2010/11	Spring
20101125	2010-11-25	2010	4	11	November	2010-11	25	Thursday	0	FY2010/11	Spring
20101126	2010-11-26	2010	4	11	November	2010-11	26	Friday	0	FY2010/11	Spring
20101127	2010-11-27	2010	4	11	November	2010-11	27	Saturday	1	FY2010/11	Spring
20101128	2010-11-28	2010	4	11	November	2010-11	28	Sunday	1	FY2010/11	Spring
20101129	2010-11-29	2010	4	11	November	2010-11	29	Monday	0	FY2010/11	Spring
20101130	2010-11-30	2010	4	11	November	2010-11	30	Tuesday	0	FY2010/11	Spring
20101201	2010-12-01	2010	4	12	December	2010-12	1	Wednesday	0	FY2010/11	Summer
20101202	2010-12-02	2010	4	12	December	2010-12	2	Thursday	0	FY2010/11	Summer
20101203	2010-12-03	2010	4	12	December	2010-12	3	Friday	0	FY2010/11	Summer
20101204	2010-12-04	2010	4	12	December	2010-12	4	Saturday	1	FY2010/11	Summer
20101205	2010-12-05	2010	4	12	December	2010-12	5	Sunday	1	FY2010/11	Summer
20101206	2010-12-06	2010	4	12	December	2010-12	6	Monday	0	FY2010/11	Summer
20101207	2010-12-07	2010	4	12	December	2010-12	7	Tuesday	0	FY2010/11	Summer
20101208	2010-12-08	2010	4	12	December	2010-12	8	Wednesday	0	FY2010/11	Summer
20101209	2010-12-09	2010	4	12	December	2010-12	9	Thursday	0	FY2010/11	Summer
20101210	2010-12-10	2010	4	12	December	2010-12	10	Friday	0	FY2010/11	Summer
20101211	2010-12-11	2010	4	12	December	2010-12	11	Saturday	1	FY2010/11	Summer
20101212	2010-12-12	2010	4	12	December	2010-12	12	Sunday	1	FY2010/11	Summer
20101213	2010-12-13	2010	4	12	December	2010-12	13	Monday	0	FY2010/11	Summer
20101214	2010-12-14	2010	4	12	December	2010-12	14	Tuesday	0	FY2010/11	Summer
20101215	2010-12-15	2010	4	12	December	2010-12	15	Wednesday	0	FY2010/11	Summer
20101216	2010-12-16	2010	4	12	December	2010-12	16	Thursday	0	FY2010/11	Summer
20101217	2010-12-17	2010	4	12	December	2010-12	17	Friday	0	FY2010/11	Summer
20101218	2010-12-18	2010	4	12	December	2010-12	18	Saturday	1	FY2010/11	Summer
20101219	2010-12-19	2010	4	12	December	2010-12	19	Sunday	1	FY2010/11	Summer
20101220	2010-12-20	2010	4	12	December	2010-12	20	Monday	0	FY2010/11	Summer
20101221	2010-12-21	2010	4	12	December	2010-12	21	Tuesday	0	FY2010/11	Summer
20101222	2010-12-22	2010	4	12	December	2010-12	22	Wednesday	0	FY2010/11	Summer
20101223	2010-12-23	2010	4	12	December	2010-12	23	Thursday	0	FY2010/11	Summer
20101224	2010-12-24	2010	4	12	December	2010-12	24	Friday	0	FY2010/11	Summer
20101225	2010-12-25	2010	4	12	December	2010-12	25	Saturday	1	FY2010/11	Summer
20101226	2010-12-26	2010	4	12	December	2010-12	26	Sunday	1	FY2010/11	Summer
20101227	2010-12-27	2010	4	12	December	2010-12	27	Monday	0	FY2010/11	Summer
20101228	2010-12-28	2010	4	12	December	2010-12	28	Tuesday	0	FY2010/11	Summer
20101229	2010-12-29	2010	4	12	December	2010-12	29	Wednesday	0	FY2010/11	Summer
20101230	2010-12-30	2010	4	12	December	2010-12	30	Thursday	0	FY2010/11	Summer
20101231	2010-12-31	2010	4	12	December	2010-12	31	Friday	0	FY2010/11	Summer
20110101	2011-01-01	2011	1	1	January	2011-01	1	Saturday	1	FY2010/11	Summer
20110102	2011-01-02	2011	1	1	January	2011-01	2	Sunday	1	FY2010/11	Summer
20110103	2011-01-03	2011	1	1	January	2011-01	3	Monday	0	FY2010/11	Summer
20110104	2011-01-04	2011	1	1	January	2011-01	4	Tuesday	0	FY2010/11	Summer
20110105	2011-01-05	2011	1	1	January	2011-01	5	Wednesday	0	FY2010/11	Summer
20110106	2011-01-06	2011	1	1	January	2011-01	6	Thursday	0	FY2010/11	Summer
20110107	2011-01-07	2011	1	1	January	2011-01	7	Friday	0	FY2010/11	Summer
20110108	2011-01-08	2011	1	1	January	2011-01	8	Saturday	1	FY2010/11	Summer
20110109	2011-01-09	2011	1	1	January	2011-01	9	Sunday	1	FY2010/11	Summer
20110110	2011-01-10	2011	1	1	January	2011-01	10	Monday	0	FY2010/11	Summer
20110111	2011-01-11	2011	1	1	January	2011-01	11	Tuesday	0	FY2010/11	Summer
20110112	2011-01-12	2011	1	1	January	2011-01	12	Wednesday	0	FY2010/11	Summer
20110113	2011-01-13	2011	1	1	January	2011-01	13	Thursday	0	FY2010/11	Summer
20110114	2011-01-14	2011	1	1	January	2011-01	14	Friday	0	FY2010/11	Summer
20110115	2011-01-15	2011	1	1	January	2011-01	15	Saturday	1	FY2010/11	Summer
20110116	2011-01-16	2011	1	1	January	2011-01	16	Sunday	1	FY2010/11	Summer
20110117	2011-01-17	2011	1	1	January	2011-01	17	Monday	0	FY2010/11	Summer
20110118	2011-01-18	2011	1	1	January	2011-01	18	Tuesday	0	FY2010/11	Summer
20110119	2011-01-19	2011	1	1	January	2011-01	19	Wednesday	0	FY2010/11	Summer
20110120	2011-01-20	2011	1	1	January	2011-01	20	Thursday	0	FY2010/11	Summer
20110121	2011-01-21	2011	1	1	January	2011-01	21	Friday	0	FY2010/11	Summer
20110122	2011-01-22	2011	1	1	January	2011-01	22	Saturday	1	FY2010/11	Summer
20110123	2011-01-23	2011	1	1	January	2011-01	23	Sunday	1	FY2010/11	Summer
20110124	2011-01-24	2011	1	1	January	2011-01	24	Monday	0	FY2010/11	Summer
20110125	2011-01-25	2011	1	1	January	2011-01	25	Tuesday	0	FY2010/11	Summer
20110126	2011-01-26	2011	1	1	January	2011-01	26	Wednesday	0	FY2010/11	Summer
20110127	2011-01-27	2011	1	1	January	2011-01	27	Thursday	0	FY2010/11	Summer
20110128	2011-01-28	2011	1	1	January	2011-01	28	Friday	0	FY2010/11	Summer
20110129	2011-01-29	2011	1	1	January	2011-01	29	Saturday	1	FY2010/11	Summer
20110130	2011-01-30	2011	1	1	January	2011-01	30	Sunday	1	FY2010/11	Summer
20110131	2011-01-31	2011	1	1	January	2011-01	31	Monday	0	FY2010/11	Summer
20110201	2011-02-01	2011	1	2	February	2011-02	1	Tuesday	0	FY2010/11	Summer
20110202	2011-02-02	2011	1	2	February	2011-02	2	Wednesday	0	FY2010/11	Summer
20110203	2011-02-03	2011	1	2	February	2011-02	3	Thursday	0	FY2010/11	Summer
20110204	2011-02-04	2011	1	2	February	2011-02	4	Friday	0	FY2010/11	Summer
20110205	2011-02-05	2011	1	2	February	2011-02	5	Saturday	1	FY2010/11	Summer
20110206	2011-02-06	2011	1	2	February	2011-02	6	Sunday	1	FY2010/11	Summer
20110207	2011-02-07	2011	1	2	February	2011-02	7	Monday	0	FY2010/11	Summer
20110208	2011-02-08	2011	1	2	February	2011-02	8	Tuesday	0	FY2010/11	Summer
20110209	2011-02-09	2011	1	2	February	2011-02	9	Wednesday	0	FY2010/11	Summer
20110210	2011-02-10	2011	1	2	February	2011-02	10	Thursday	0	FY2010/11	Summer
20110211	2011-02-11	2011	1	2	February	2011-02	11	Friday	0	FY2010/11	Summer
20110212	2011-02-12	2011	1	2	February	2011-02	12	Saturday	1	FY2010/11	Summer
20110213	2011-02-13	2011	1	2	February	2011-02	13	Sunday	1	FY2010/11	Summer
20110214	2011-02-14	2011	1	2	February	2011-02	14	Monday	0	FY2010/11	Summer
20110215	2011-02-15	2011	1	2	February	2011-02	15	Tuesday	0	FY2010/11	Summer
20110216	2011-02-16	2011	1	2	February	2011-02	16	Wednesday	0	FY2010/11	Summer
20110217	2011-02-17	2011	1	2	February	2011-02	17	Thursday	0	FY2010/11	Summer
20110218	2011-02-18	2011	1	2	February	2011-02	18	Friday	0	FY2010/11	Summer
20110219	2011-02-19	2011	1	2	February	2011-02	19	Saturday	1	FY2010/11	Summer
20110220	2011-02-20	2011	1	2	February	2011-02	20	Sunday	1	FY2010/11	Summer
20110221	2011-02-21	2011	1	2	February	2011-02	21	Monday	0	FY2010/11	Summer
20110222	2011-02-22	2011	1	2	February	2011-02	22	Tuesday	0	FY2010/11	Summer
20110223	2011-02-23	2011	1	2	February	2011-02	23	Wednesday	0	FY2010/11	Summer
20110224	2011-02-24	2011	1	2	February	2011-02	24	Thursday	0	FY2010/11	Summer
20110225	2011-02-25	2011	1	2	February	2011-02	25	Friday	0	FY2010/11	Summer
20110226	2011-02-26	2011	1	2	February	2011-02	26	Saturday	1	FY2010/11	Summer
20110227	2011-02-27	2011	1	2	February	2011-02	27	Sunday	1	FY2010/11	Summer
20110228	2011-02-28	2011	1	2	February	2011-02	28	Monday	0	FY2010/11	Summer
20110301	2011-03-01	2011	1	3	March	2011-03	1	Tuesday	0	FY2010/11	Autumn
20110302	2011-03-02	2011	1	3	March	2011-03	2	Wednesday	0	FY2010/11	Autumn
20110303	2011-03-03	2011	1	3	March	2011-03	3	Thursday	0	FY2010/11	Autumn
20110304	2011-03-04	2011	1	3	March	2011-03	4	Friday	0	FY2010/11	Autumn
20110305	2011-03-05	2011	1	3	March	2011-03	5	Saturday	1	FY2010/11	Autumn
20110306	2011-03-06	2011	1	3	March	2011-03	6	Sunday	1	FY2010/11	Autumn
20110307	2011-03-07	2011	1	3	March	2011-03	7	Monday	0	FY2010/11	Autumn
20110308	2011-03-08	2011	1	3	March	2011-03	8	Tuesday	0	FY2010/11	Autumn
20110309	2011-03-09	2011	1	3	March	2011-03	9	Wednesday	0	FY2010/11	Autumn
20110310	2011-03-10	2011	1	3	March	2011-03	10	Thursday	0	FY2010/11	Autumn
20110311	2011-03-11	2011	1	3	March	2011-03	11	Friday	0	FY2010/11	Autumn
20110312	2011-03-12	2011	1	3	March	2011-03	12	Saturday	1	FY2010/11	Autumn
20110313	2011-03-13	2011	1	3	March	2011-03	13	Sunday	1	FY2010/11	Autumn
20110314	2011-03-14	2011	1	3	March	2011-03	14	Monday	0	FY2010/11	Autumn
20110315	2011-03-15	2011	1	3	March	2011-03	15	Tuesday	0	FY2010/11	Autumn
20110316	2011-03-16	2011	1	3	March	2011-03	16	Wednesday	0	FY2010/11	Autumn
20110317	2011-03-17	2011	1	3	March	2011-03	17	Thursday	0	FY2010/11	Autumn
20110318	2011-03-18	2011	1	3	March	2011-03	18	Friday	0	FY2010/11	Autumn
20110319	2011-03-19	2011	1	3	March	2011-03	19	Saturday	1	FY2010/11	Autumn
20110320	2011-03-20	2011	1	3	March	2011-03	20	Sunday	1	FY2010/11	Autumn
20110321	2011-03-21	2011	1	3	March	2011-03	21	Monday	0	FY2010/11	Autumn
20110322	2011-03-22	2011	1	3	March	2011-03	22	Tuesday	0	FY2010/11	Autumn
20110323	2011-03-23	2011	1	3	March	2011-03	23	Wednesday	0	FY2010/11	Autumn
20110324	2011-03-24	2011	1	3	March	2011-03	24	Thursday	0	FY2010/11	Autumn
20110325	2011-03-25	2011	1	3	March	2011-03	25	Friday	0	FY2010/11	Autumn
20110326	2011-03-26	2011	1	3	March	2011-03	26	Saturday	1	FY2010/11	Autumn
20110327	2011-03-27	2011	1	3	March	2011-03	27	Sunday	1	FY2010/11	Autumn
20110328	2011-03-28	2011	1	3	March	2011-03	28	Monday	0	FY2010/11	Autumn
20110329	2011-03-29	2011	1	3	March	2011-03	29	Tuesday	0	FY2010/11	Autumn
20110330	2011-03-30	2011	1	3	March	2011-03	30	Wednesday	0	FY2010/11	Autumn
20110331	2011-03-31	2011	1	3	March	2011-03	31	Thursday	0	FY2010/11	Autumn
20110401	2011-04-01	2011	2	4	April	2011-04	1	Friday	0	FY2011/12	Autumn
20110402	2011-04-02	2011	2	4	April	2011-04	2	Saturday	1	FY2011/12	Autumn
20110403	2011-04-03	2011	2	4	April	2011-04	3	Sunday	1	FY2011/12	Autumn
20110404	2011-04-04	2011	2	4	April	2011-04	4	Monday	0	FY2011/12	Autumn
20110405	2011-04-05	2011	2	4	April	2011-04	5	Tuesday	0	FY2011/12	Autumn
20110406	2011-04-06	2011	2	4	April	2011-04	6	Wednesday	0	FY2011/12	Autumn
20110407	2011-04-07	2011	2	4	April	2011-04	7	Thursday	0	FY2011/12	Autumn
20110408	2011-04-08	2011	2	4	April	2011-04	8	Friday	0	FY2011/12	Autumn
20110409	2011-04-09	2011	2	4	April	2011-04	9	Saturday	1	FY2011/12	Autumn
20110410	2011-04-10	2011	2	4	April	2011-04	10	Sunday	1	FY2011/12	Autumn
20110411	2011-04-11	2011	2	4	April	2011-04	11	Monday	0	FY2011/12	Autumn
20110412	2011-04-12	2011	2	4	April	2011-04	12	Tuesday	0	FY2011/12	Autumn
20110413	2011-04-13	2011	2	4	April	2011-04	13	Wednesday	0	FY2011/12	Autumn
20110414	2011-04-14	2011	2	4	April	2011-04	14	Thursday	0	FY2011/12	Autumn
20110415	2011-04-15	2011	2	4	April	2011-04	15	Friday	0	FY2011/12	Autumn
20110416	2011-04-16	2011	2	4	April	2011-04	16	Saturday	1	FY2011/12	Autumn
20110417	2011-04-17	2011	2	4	April	2011-04	17	Sunday	1	FY2011/12	Autumn
20110418	2011-04-18	2011	2	4	April	2011-04	18	Monday	0	FY2011/12	Autumn
20110419	2011-04-19	2011	2	4	April	2011-04	19	Tuesday	0	FY2011/12	Autumn
20110420	2011-04-20	2011	2	4	April	2011-04	20	Wednesday	0	FY2011/12	Autumn
20110421	2011-04-21	2011	2	4	April	2011-04	21	Thursday	0	FY2011/12	Autumn
20110422	2011-04-22	2011	2	4	April	2011-04	22	Friday	0	FY2011/12	Autumn
20110423	2011-04-23	2011	2	4	April	2011-04	23	Saturday	1	FY2011/12	Autumn
20110424	2011-04-24	2011	2	4	April	2011-04	24	Sunday	1	FY2011/12	Autumn
20110425	2011-04-25	2011	2	4	April	2011-04	25	Monday	0	FY2011/12	Autumn
20110426	2011-04-26	2011	2	4	April	2011-04	26	Tuesday	0	FY2011/12	Autumn
20110427	2011-04-27	2011	2	4	April	2011-04	27	Wednesday	0	FY2011/12	Autumn
20110428	2011-04-28	2011	2	4	April	2011-04	28	Thursday	0	FY2011/12	Autumn
20110429	2011-04-29	2011	2	4	April	2011-04	29	Friday	0	FY2011/12	Autumn
20110430	2011-04-30	2011	2	4	April	2011-04	30	Saturday	1	FY2011/12	Autumn
20110501	2011-05-01	2011	2	5	May	2011-05	1	Sunday	1	FY2011/12	Autumn
20110502	2011-05-02	2011	2	5	May	2011-05	2	Monday	0	FY2011/12	Autumn
20110503	2011-05-03	2011	2	5	May	2011-05	3	Tuesday	0	FY2011/12	Autumn
20110504	2011-05-04	2011	2	5	May	2011-05	4	Wednesday	0	FY2011/12	Autumn
20110505	2011-05-05	2011	2	5	May	2011-05	5	Thursday	0	FY2011/12	Autumn
20110506	2011-05-06	2011	2	5	May	2011-05	6	Friday	0	FY2011/12	Autumn
20110507	2011-05-07	2011	2	5	May	2011-05	7	Saturday	1	FY2011/12	Autumn
20110508	2011-05-08	2011	2	5	May	2011-05	8	Sunday	1	FY2011/12	Autumn
20110509	2011-05-09	2011	2	5	May	2011-05	9	Monday	0	FY2011/12	Autumn
20110510	2011-05-10	2011	2	5	May	2011-05	10	Tuesday	0	FY2011/12	Autumn
20110511	2011-05-11	2011	2	5	May	2011-05	11	Wednesday	0	FY2011/12	Autumn
20110512	2011-05-12	2011	2	5	May	2011-05	12	Thursday	0	FY2011/12	Autumn
20110513	2011-05-13	2011	2	5	May	2011-05	13	Friday	0	FY2011/12	Autumn
20110514	2011-05-14	2011	2	5	May	2011-05	14	Saturday	1	FY2011/12	Autumn
20110515	2011-05-15	2011	2	5	May	2011-05	15	Sunday	1	FY2011/12	Autumn
20110516	2011-05-16	2011	2	5	May	2011-05	16	Monday	0	FY2011/12	Autumn
20110517	2011-05-17	2011	2	5	May	2011-05	17	Tuesday	0	FY2011/12	Autumn
20110518	2011-05-18	2011	2	5	May	2011-05	18	Wednesday	0	FY2011/12	Autumn
20110519	2011-05-19	2011	2	5	May	2011-05	19	Thursday	0	FY2011/12	Autumn
20110520	2011-05-20	2011	2	5	May	2011-05	20	Friday	0	FY2011/12	Autumn
20110521	2011-05-21	2011	2	5	May	2011-05	21	Saturday	1	FY2011/12	Autumn
20110522	2011-05-22	2011	2	5	May	2011-05	22	Sunday	1	FY2011/12	Autumn
20110523	2011-05-23	2011	2	5	May	2011-05	23	Monday	0	FY2011/12	Autumn
20110524	2011-05-24	2011	2	5	May	2011-05	24	Tuesday	0	FY2011/12	Autumn
20110525	2011-05-25	2011	2	5	May	2011-05	25	Wednesday	0	FY2011/12	Autumn
20110526	2011-05-26	2011	2	5	May	2011-05	26	Thursday	0	FY2011/12	Autumn
20110527	2011-05-27	2011	2	5	May	2011-05	27	Friday	0	FY2011/12	Autumn
20110528	2011-05-28	2011	2	5	May	2011-05	28	Saturday	1	FY2011/12	Autumn
20110529	2011-05-29	2011	2	5	May	2011-05	29	Sunday	1	FY2011/12	Autumn
20110530	2011-05-30	2011	2	5	May	2011-05	30	Monday	0	FY2011/12	Autumn
20110531	2011-05-31	2011	2	5	May	2011-05	31	Tuesday	0	FY2011/12	Autumn
20110601	2011-06-01	2011	2	6	June	2011-06	1	Wednesday	0	FY2011/12	Winter
20110602	2011-06-02	2011	2	6	June	2011-06	2	Thursday	0	FY2011/12	Winter
20110603	2011-06-03	2011	2	6	June	2011-06	3	Friday	0	FY2011/12	Winter
20110604	2011-06-04	2011	2	6	June	2011-06	4	Saturday	1	FY2011/12	Winter
20110605	2011-06-05	2011	2	6	June	2011-06	5	Sunday	1	FY2011/12	Winter
20110606	2011-06-06	2011	2	6	June	2011-06	6	Monday	0	FY2011/12	Winter
20110607	2011-06-07	2011	2	6	June	2011-06	7	Tuesday	0	FY2011/12	Winter
20110608	2011-06-08	2011	2	6	June	2011-06	8	Wednesday	0	FY2011/12	Winter
20110609	2011-06-09	2011	2	6	June	2011-06	9	Thursday	0	FY2011/12	Winter
20110610	2011-06-10	2011	2	6	June	2011-06	10	Friday	0	FY2011/12	Winter
20110611	2011-06-11	2011	2	6	June	2011-06	11	Saturday	1	FY2011/12	Winter
20110612	2011-06-12	2011	2	6	June	2011-06	12	Sunday	1	FY2011/12	Winter
20110613	2011-06-13	2011	2	6	June	2011-06	13	Monday	0	FY2011/12	Winter
20110614	2011-06-14	2011	2	6	June	2011-06	14	Tuesday	0	FY2011/12	Winter
20110615	2011-06-15	2011	2	6	June	2011-06	15	Wednesday	0	FY2011/12	Winter
20110616	2011-06-16	2011	2	6	June	2011-06	16	Thursday	0	FY2011/12	Winter
20110617	2011-06-17	2011	2	6	June	2011-06	17	Friday	0	FY2011/12	Winter
20110618	2011-06-18	2011	2	6	June	2011-06	18	Saturday	1	FY2011/12	Winter
20110619	2011-06-19	2011	2	6	June	2011-06	19	Sunday	1	FY2011/12	Winter
20110620	2011-06-20	2011	2	6	June	2011-06	20	Monday	0	FY2011/12	Winter
20110621	2011-06-21	2011	2	6	June	2011-06	21	Tuesday	0	FY2011/12	Winter
20110622	2011-06-22	2011	2	6	June	2011-06	22	Wednesday	0	FY2011/12	Winter
20110623	2011-06-23	2011	2	6	June	2011-06	23	Thursday	0	FY2011/12	Winter
20110624	2011-06-24	2011	2	6	June	2011-06	24	Friday	0	FY2011/12	Winter
20110625	2011-06-25	2011	2	6	June	2011-06	25	Saturday	1	FY2011/12	Winter
20110626	2011-06-26	2011	2	6	June	2011-06	26	Sunday	1	FY2011/12	Winter
20110627	2011-06-27	2011	2	6	June	2011-06	27	Monday	0	FY2011/12	Winter
20110628	2011-06-28	2011	2	6	June	2011-06	28	Tuesday	0	FY2011/12	Winter
20110629	2011-06-29	2011	2	6	June	2011-06	29	Wednesday	0	FY2011/12	Winter
20110630	2011-06-30	2011	2	6	June	2011-06	30	Thursday	0	FY2011/12	Winter
20110701	2011-07-01	2011	3	7	July	2011-07	1	Friday	0	FY2011/12	Winter
20110702	2011-07-02	2011	3	7	July	2011-07	2	Saturday	1	FY2011/12	Winter
20110703	2011-07-03	2011	3	7	July	2011-07	3	Sunday	1	FY2011/12	Winter
20110704	2011-07-04	2011	3	7	July	2011-07	4	Monday	0	FY2011/12	Winter
20110705	2011-07-05	2011	3	7	July	2011-07	5	Tuesday	0	FY2011/12	Winter
20110706	2011-07-06	2011	3	7	July	2011-07	6	Wednesday	0	FY2011/12	Winter
20110707	2011-07-07	2011	3	7	July	2011-07	7	Thursday	0	FY2011/12	Winter
20110708	2011-07-08	2011	3	7	July	2011-07	8	Friday	0	FY2011/12	Winter
20110709	2011-07-09	2011	3	7	July	2011-07	9	Saturday	1	FY2011/12	Winter
20110710	2011-07-10	2011	3	7	July	2011-07	10	Sunday	1	FY2011/12	Winter
20110711	2011-07-11	2011	3	7	July	2011-07	11	Monday	0	FY2011/12	Winter
20110712	2011-07-12	2011	3	7	July	2011-07	12	Tuesday	0	FY2011/12	Winter
20110713	2011-07-13	2011	3	7	July	2011-07	13	Wednesday	0	FY2011/12	Winter
20110714	2011-07-14	2011	3	7	July	2011-07	14	Thursday	0	FY2011/12	Winter
20110715	2011-07-15	2011	3	7	July	2011-07	15	Friday	0	FY2011/12	Winter
20110716	2011-07-16	2011	3	7	July	2011-07	16	Saturday	1	FY2011/12	Winter
20110717	2011-07-17	2011	3	7	July	2011-07	17	Sunday	1	FY2011/12	Winter
20110718	2011-07-18	2011	3	7	July	2011-07	18	Monday	0	FY2011/12	Winter
20110719	2011-07-19	2011	3	7	July	2011-07	19	Tuesday	0	FY2011/12	Winter
20110720	2011-07-20	2011	3	7	July	2011-07	20	Wednesday	0	FY2011/12	Winter
20110721	2011-07-21	2011	3	7	July	2011-07	21	Thursday	0	FY2011/12	Winter
20110722	2011-07-22	2011	3	7	July	2011-07	22	Friday	0	FY2011/12	Winter
20110723	2011-07-23	2011	3	7	July	2011-07	23	Saturday	1	FY2011/12	Winter
20110724	2011-07-24	2011	3	7	July	2011-07	24	Sunday	1	FY2011/12	Winter
20110725	2011-07-25	2011	3	7	July	2011-07	25	Monday	0	FY2011/12	Winter
20110726	2011-07-26	2011	3	7	July	2011-07	26	Tuesday	0	FY2011/12	Winter
20110727	2011-07-27	2011	3	7	July	2011-07	27	Wednesday	0	FY2011/12	Winter
20110728	2011-07-28	2011	3	7	July	2011-07	28	Thursday	0	FY2011/12	Winter
20110729	2011-07-29	2011	3	7	July	2011-07	29	Friday	0	FY2011/12	Winter
20110730	2011-07-30	2011	3	7	July	2011-07	30	Saturday	1	FY2011/12	Winter
20110731	2011-07-31	2011	3	7	July	2011-07	31	Sunday	1	FY2011/12	Winter
20110801	2011-08-01	2011	3	8	August	2011-08	1	Monday	0	FY2011/12	Winter
20110802	2011-08-02	2011	3	8	August	2011-08	2	Tuesday	0	FY2011/12	Winter
20110803	2011-08-03	2011	3	8	August	2011-08	3	Wednesday	0	FY2011/12	Winter
20110804	2011-08-04	2011	3	8	August	2011-08	4	Thursday	0	FY2011/12	Winter
20110805	2011-08-05	2011	3	8	August	2011-08	5	Friday	0	FY2011/12	Winter
20110806	2011-08-06	2011	3	8	August	2011-08	6	Saturday	1	FY2011/12	Winter
20110807	2011-08-07	2011	3	8	August	2011-08	7	Sunday	1	FY2011/12	Winter
20110808	2011-08-08	2011	3	8	August	2011-08	8	Monday	0	FY2011/12	Winter
20110809	2011-08-09	2011	3	8	August	2011-08	9	Tuesday	0	FY2011/12	Winter
20110810	2011-08-10	2011	3	8	August	2011-08	10	Wednesday	0	FY2011/12	Winter
20110811	2011-08-11	2011	3	8	August	2011-08	11	Thursday	0	FY2011/12	Winter
20110812	2011-08-12	2011	3	8	August	2011-08	12	Friday	0	FY2011/12	Winter
20110813	2011-08-13	2011	3	8	August	2011-08	13	Saturday	1	FY2011/12	Winter
20110814	2011-08-14	2011	3	8	August	2011-08	14	Sunday	1	FY2011/12	Winter
20110815	2011-08-15	2011	3	8	August	2011-08	15	Monday	0	FY2011/12	Winter
20110816	2011-08-16	2011	3	8	August	2011-08	16	Tuesday	0	FY2011/12	Winter
20110817	2011-08-17	2011	3	8	August	2011-08	17	Wednesday	0	FY2011/12	Winter
20110818	2011-08-18	2011	3	8	August	2011-08	18	Thursday	0	FY2011/12	Winter
20110819	2011-08-19	2011	3	8	August	2011-08	19	Friday	0	FY2011/12	Winter
20110820	2011-08-20	2011	3	8	August	2011-08	20	Saturday	1	FY2011/12	Winter
20110821	2011-08-21	2011	3	8	August	2011-08	21	Sunday	1	FY2011/12	Winter
20110822	2011-08-22	2011	3	8	August	2011-08	22	Monday	0	FY2011/12	Winter
20110823	2011-08-23	2011	3	8	August	2011-08	23	Tuesday	0	FY2011/12	Winter
20110824	2011-08-24	2011	3	8	August	2011-08	24	Wednesday	0	FY2011/12	Winter
20110825	2011-08-25	2011	3	8	August	2011-08	25	Thursday	0	FY2011/12	Winter
20110826	2011-08-26	2011	3	8	August	2011-08	26	Friday	0	FY2011/12	Winter
20110827	2011-08-27	2011	3	8	August	2011-08	27	Saturday	1	FY2011/12	Winter
20110828	2011-08-28	2011	3	8	August	2011-08	28	Sunday	1	FY2011/12	Winter
20110829	2011-08-29	2011	3	8	August	2011-08	29	Monday	0	FY2011/12	Winter
20110830	2011-08-30	2011	3	8	August	2011-08	30	Tuesday	0	FY2011/12	Winter
20110831	2011-08-31	2011	3	8	August	2011-08	31	Wednesday	0	FY2011/12	Winter
20110901	2011-09-01	2011	3	9	September	2011-09	1	Thursday	0	FY2011/12	Spring
20110902	2011-09-02	2011	3	9	September	2011-09	2	Friday	0	FY2011/12	Spring
20110903	2011-09-03	2011	3	9	September	2011-09	3	Saturday	1	FY2011/12	Spring
20110904	2011-09-04	2011	3	9	September	2011-09	4	Sunday	1	FY2011/12	Spring
20110905	2011-09-05	2011	3	9	September	2011-09	5	Monday	0	FY2011/12	Spring
20110906	2011-09-06	2011	3	9	September	2011-09	6	Tuesday	0	FY2011/12	Spring
20110907	2011-09-07	2011	3	9	September	2011-09	7	Wednesday	0	FY2011/12	Spring
20110908	2011-09-08	2011	3	9	September	2011-09	8	Thursday	0	FY2011/12	Spring
20110909	2011-09-09	2011	3	9	September	2011-09	9	Friday	0	FY2011/12	Spring
20110910	2011-09-10	2011	3	9	September	2011-09	10	Saturday	1	FY2011/12	Spring
20110911	2011-09-11	2011	3	9	September	2011-09	11	Sunday	1	FY2011/12	Spring
20110912	2011-09-12	2011	3	9	September	2011-09	12	Monday	0	FY2011/12	Spring
20110913	2011-09-13	2011	3	9	September	2011-09	13	Tuesday	0	FY2011/12	Spring
20110914	2011-09-14	2011	3	9	September	2011-09	14	Wednesday	0	FY2011/12	Spring
20110915	2011-09-15	2011	3	9	September	2011-09	15	Thursday	0	FY2011/12	Spring
20110916	2011-09-16	2011	3	9	September	2011-09	16	Friday	0	FY2011/12	Spring
20110917	2011-09-17	2011	3	9	September	2011-09	17	Saturday	1	FY2011/12	Spring
20110918	2011-09-18	2011	3	9	September	2011-09	18	Sunday	1	FY2011/12	Spring
20110919	2011-09-19	2011	3	9	September	2011-09	19	Monday	0	FY2011/12	Spring
20110920	2011-09-20	2011	3	9	September	2011-09	20	Tuesday	0	FY2011/12	Spring
20110921	2011-09-21	2011	3	9	September	2011-09	21	Wednesday	0	FY2011/12	Spring
20110922	2011-09-22	2011	3	9	September	2011-09	22	Thursday	0	FY2011/12	Spring
20110923	2011-09-23	2011	3	9	September	2011-09	23	Friday	0	FY2011/12	Spring
20110924	2011-09-24	2011	3	9	September	2011-09	24	Saturday	1	FY2011/12	Spring
20110925	2011-09-25	2011	3	9	September	2011-09	25	Sunday	1	FY2011/12	Spring
20110926	2011-09-26	2011	3	9	September	2011-09	26	Monday	0	FY2011/12	Spring
20110927	2011-09-27	2011	3	9	September	2011-09	27	Tuesday	0	FY2011/12	Spring
20110928	2011-09-28	2011	3	9	September	2011-09	28	Wednesday	0	FY2011/12	Spring
20110929	2011-09-29	2011	3	9	September	2011-09	29	Thursday	0	FY2011/12	Spring
20110930	2011-09-30	2011	3	9	September	2011-09	30	Friday	0	FY2011/12	Spring
20111001	2011-10-01	2011	4	10	October	2011-10	1	Saturday	1	FY2011/12	Spring
20111002	2011-10-02	2011	4	10	October	2011-10	2	Sunday	1	FY2011/12	Spring
20111003	2011-10-03	2011	4	10	October	2011-10	3	Monday	0	FY2011/12	Spring
20111004	2011-10-04	2011	4	10	October	2011-10	4	Tuesday	0	FY2011/12	Spring
20111005	2011-10-05	2011	4	10	October	2011-10	5	Wednesday	0	FY2011/12	Spring
20111006	2011-10-06	2011	4	10	October	2011-10	6	Thursday	0	FY2011/12	Spring
20111007	2011-10-07	2011	4	10	October	2011-10	7	Friday	0	FY2011/12	Spring
20111008	2011-10-08	2011	4	10	October	2011-10	8	Saturday	1	FY2011/12	Spring
20111009	2011-10-09	2011	4	10	October	2011-10	9	Sunday	1	FY2011/12	Spring
20111010	2011-10-10	2011	4	10	October	2011-10	10	Monday	0	FY2011/12	Spring
20111011	2011-10-11	2011	4	10	October	2011-10	11	Tuesday	0	FY2011/12	Spring
20111012	2011-10-12	2011	4	10	October	2011-10	12	Wednesday	0	FY2011/12	Spring
20111013	2011-10-13	2011	4	10	October	2011-10	13	Thursday	0	FY2011/12	Spring
20111014	2011-10-14	2011	4	10	October	2011-10	14	Friday	0	FY2011/12	Spring
20111015	2011-10-15	2011	4	10	October	2011-10	15	Saturday	1	FY2011/12	Spring
20111016	2011-10-16	2011	4	10	October	2011-10	16	Sunday	1	FY2011/12	Spring
20111017	2011-10-17	2011	4	10	October	2011-10	17	Monday	0	FY2011/12	Spring
20111018	2011-10-18	2011	4	10	October	2011-10	18	Tuesday	0	FY2011/12	Spring
20111019	2011-10-19	2011	4	10	October	2011-10	19	Wednesday	0	FY2011/12	Spring
20111020	2011-10-20	2011	4	10	October	2011-10	20	Thursday	0	FY2011/12	Spring
20111021	2011-10-21	2011	4	10	October	2011-10	21	Friday	0	FY2011/12	Spring
20111022	2011-10-22	2011	4	10	October	2011-10	22	Saturday	1	FY2011/12	Spring
20111023	2011-10-23	2011	4	10	October	2011-10	23	Sunday	1	FY2011/12	Spring
20111024	2011-10-24	2011	4	10	October	2011-10	24	Monday	0	FY2011/12	Spring
20111025	2011-10-25	2011	4	10	October	2011-10	25	Tuesday	0	FY2011/12	Spring
20111026	2011-10-26	2011	4	10	October	2011-10	26	Wednesday	0	FY2011/12	Spring
20111027	2011-10-27	2011	4	10	October	2011-10	27	Thursday	0	FY2011/12	Spring
20111028	2011-10-28	2011	4	10	October	2011-10	28	Friday	0	FY2011/12	Spring
20111029	2011-10-29	2011	4	10	October	2011-10	29	Saturday	1	FY2011/12	Spring
20111030	2011-10-30	2011	4	10	October	2011-10	30	Sunday	1	FY2011/12	Spring
20111031	2011-10-31	2011	4	10	October	2011-10	31	Monday	0	FY2011/12	Spring
20111101	2011-11-01	2011	4	11	November	2011-11	1	Tuesday	0	FY2011/12	Spring
20111102	2011-11-02	2011	4	11	November	2011-11	2	Wednesday	0	FY2011/12	Spring
20111103	2011-11-03	2011	4	11	November	2011-11	3	Thursday	0	FY2011/12	Spring
20111104	2011-11-04	2011	4	11	November	2011-11	4	Friday	0	FY2011/12	Spring
20111105	2011-11-05	2011	4	11	November	2011-11	5	Saturday	1	FY2011/12	Spring
20111106	2011-11-06	2011	4	11	November	2011-11	6	Sunday	1	FY2011/12	Spring
20111107	2011-11-07	2011	4	11	November	2011-11	7	Monday	0	FY2011/12	Spring
20111108	2011-11-08	2011	4	11	November	2011-11	8	Tuesday	0	FY2011/12	Spring
20111109	2011-11-09	2011	4	11	November	2011-11	9	Wednesday	0	FY2011/12	Spring
20111110	2011-11-10	2011	4	11	November	2011-11	10	Thursday	0	FY2011/12	Spring
20111111	2011-11-11	2011	4	11	November	2011-11	11	Friday	0	FY2011/12	Spring
20111112	2011-11-12	2011	4	11	November	2011-11	12	Saturday	1	FY2011/12	Spring
20111113	2011-11-13	2011	4	11	November	2011-11	13	Sunday	1	FY2011/12	Spring
20111114	2011-11-14	2011	4	11	November	2011-11	14	Monday	0	FY2011/12	Spring
20111115	2011-11-15	2011	4	11	November	2011-11	15	Tuesday	0	FY2011/12	Spring
20111116	2011-11-16	2011	4	11	November	2011-11	16	Wednesday	0	FY2011/12	Spring
20111117	2011-11-17	2011	4	11	November	2011-11	17	Thursday	0	FY2011/12	Spring
20111118	2011-11-18	2011	4	11	November	2011-11	18	Friday	0	FY2011/12	Spring
20111119	2011-11-19	2011	4	11	November	2011-11	19	Saturday	1	FY2011/12	Spring
20111120	2011-11-20	2011	4	11	November	2011-11	20	Sunday	1	FY2011/12	Spring
20111121	2011-11-21	2011	4	11	November	2011-11	21	Monday	0	FY2011/12	Spring
20111122	2011-11-22	2011	4	11	November	2011-11	22	Tuesday	0	FY2011/12	Spring
20111123	2011-11-23	2011	4	11	November	2011-11	23	Wednesday	0	FY2011/12	Spring
20111124	2011-11-24	2011	4	11	November	2011-11	24	Thursday	0	FY2011/12	Spring
20111125	2011-11-25	2011	4	11	November	2011-11	25	Friday	0	FY2011/12	Spring
20111126	2011-11-26	2011	4	11	November	2011-11	26	Saturday	1	FY2011/12	Spring
20111127	2011-11-27	2011	4	11	November	2011-11	27	Sunday	1	FY2011/12	Spring
20111128	2011-11-28	2011	4	11	November	2011-11	28	Monday	0	FY2011/12	Spring
20111129	2011-11-29	2011	4	11	November	2011-11	29	Tuesday	0	FY2011/12	Spring
20111130	2011-11-30	2011	4	11	November	2011-11	30	Wednesday	0	FY2011/12	Spring
20111201	2011-12-01	2011	4	12	December	2011-12	1	Thursday	0	FY2011/12	Summer
20111202	2011-12-02	2011	4	12	December	2011-12	2	Friday	0	FY2011/12	Summer
20111203	2011-12-03	2011	4	12	December	2011-12	3	Saturday	1	FY2011/12	Summer
20111204	2011-12-04	2011	4	12	December	2011-12	4	Sunday	1	FY2011/12	Summer
20111205	2011-12-05	2011	4	12	December	2011-12	5	Monday	0	FY2011/12	Summer
20111206	2011-12-06	2011	4	12	December	2011-12	6	Tuesday	0	FY2011/12	Summer
20111207	2011-12-07	2011	4	12	December	2011-12	7	Wednesday	0	FY2011/12	Summer
20111208	2011-12-08	2011	4	12	December	2011-12	8	Thursday	0	FY2011/12	Summer
20111209	2011-12-09	2011	4	12	December	2011-12	9	Friday	0	FY2011/12	Summer
20111210	2011-12-10	2011	4	12	December	2011-12	10	Saturday	1	FY2011/12	Summer
20111211	2011-12-11	2011	4	12	December	2011-12	11	Sunday	1	FY2011/12	Summer
20111212	2011-12-12	2011	4	12	December	2011-12	12	Monday	0	FY2011/12	Summer
20111213	2011-12-13	2011	4	12	December	2011-12	13	Tuesday	0	FY2011/12	Summer
20111214	2011-12-14	2011	4	12	December	2011-12	14	Wednesday	0	FY2011/12	Summer
20111215	2011-12-15	2011	4	12	December	2011-12	15	Thursday	0	FY2011/12	Summer
20111216	2011-12-16	2011	4	12	December	2011-12	16	Friday	0	FY2011/12	Summer
20111217	2011-12-17	2011	4	12	December	2011-12	17	Saturday	1	FY2011/12	Summer
20111218	2011-12-18	2011	4	12	December	2011-12	18	Sunday	1	FY2011/12	Summer
20111219	2011-12-19	2011	4	12	December	2011-12	19	Monday	0	FY2011/12	Summer
20111220	2011-12-20	2011	4	12	December	2011-12	20	Tuesday	0	FY2011/12	Summer
20111221	2011-12-21	2011	4	12	December	2011-12	21	Wednesday	0	FY2011/12	Summer
20111222	2011-12-22	2011	4	12	December	2011-12	22	Thursday	0	FY2011/12	Summer
20111223	2011-12-23	2011	4	12	December	2011-12	23	Friday	0	FY2011/12	Summer
20111224	2011-12-24	2011	4	12	December	2011-12	24	Saturday	1	FY2011/12	Summer
20111225	2011-12-25	2011	4	12	December	2011-12	25	Sunday	1	FY2011/12	Summer
20111226	2011-12-26	2011	4	12	December	2011-12	26	Monday	0	FY2011/12	Summer
20111227	2011-12-27	2011	4	12	December	2011-12	27	Tuesday	0	FY2011/12	Summer
20111228	2011-12-28	2011	4	12	December	2011-12	28	Wednesday	0	FY2011/12	Summer
20111229	2011-12-29	2011	4	12	December	2011-12	29	Thursday	0	FY2011/12	Summer
20111230	2011-12-30	2011	4	12	December	2011-12	30	Friday	0	FY2011/12	Summer
20111231	2011-12-31	2011	4	12	December	2011-12	31	Saturday	1	FY2011/12	Summer
20120101	2012-01-01	2012	1	1	January	2012-01	1	Sunday	1	FY2011/12	Summer
20120102	2012-01-02	2012	1	1	January	2012-01	2	Monday	0	FY2011/12	Summer
20120103	2012-01-03	2012	1	1	January	2012-01	3	Tuesday	0	FY2011/12	Summer
20120104	2012-01-04	2012	1	1	January	2012-01	4	Wednesday	0	FY2011/12	Summer
20120105	2012-01-05	2012	1	1	January	2012-01	5	Thursday	0	FY2011/12	Summer
20120106	2012-01-06	2012	1	1	January	2012-01	6	Friday	0	FY2011/12	Summer
20120107	2012-01-07	2012	1	1	January	2012-01	7	Saturday	1	FY2011/12	Summer
20120108	2012-01-08	2012	1	1	January	2012-01	8	Sunday	1	FY2011/12	Summer
20120109	2012-01-09	2012	1	1	January	2012-01	9	Monday	0	FY2011/12	Summer
20120110	2012-01-10	2012	1	1	January	2012-01	10	Tuesday	0	FY2011/12	Summer
20120111	2012-01-11	2012	1	1	January	2012-01	11	Wednesday	0	FY2011/12	Summer
20120112	2012-01-12	2012	1	1	January	2012-01	12	Thursday	0	FY2011/12	Summer
20120113	2012-01-13	2012	1	1	January	2012-01	13	Friday	0	FY2011/12	Summer
20120114	2012-01-14	2012	1	1	January	2012-01	14	Saturday	1	FY2011/12	Summer
20120115	2012-01-15	2012	1	1	January	2012-01	15	Sunday	1	FY2011/12	Summer
20120116	2012-01-16	2012	1	1	January	2012-01	16	Monday	0	FY2011/12	Summer
20120117	2012-01-17	2012	1	1	January	2012-01	17	Tuesday	0	FY2011/12	Summer
20120118	2012-01-18	2012	1	1	January	2012-01	18	Wednesday	0	FY2011/12	Summer
20120119	2012-01-19	2012	1	1	January	2012-01	19	Thursday	0	FY2011/12	Summer
20120120	2012-01-20	2012	1	1	January	2012-01	20	Friday	0	FY2011/12	Summer
20120121	2012-01-21	2012	1	1	January	2012-01	21	Saturday	1	FY2011/12	Summer
20120122	2012-01-22	2012	1	1	January	2012-01	22	Sunday	1	FY2011/12	Summer
20120123	2012-01-23	2012	1	1	January	2012-01	23	Monday	0	FY2011/12	Summer
20120124	2012-01-24	2012	1	1	January	2012-01	24	Tuesday	0	FY2011/12	Summer
20120125	2012-01-25	2012	1	1	January	2012-01	25	Wednesday	0	FY2011/12	Summer
20120126	2012-01-26	2012	1	1	January	2012-01	26	Thursday	0	FY2011/12	Summer
20120127	2012-01-27	2012	1	1	January	2012-01	27	Friday	0	FY2011/12	Summer
20120128	2012-01-28	2012	1	1	January	2012-01	28	Saturday	1	FY2011/12	Summer
20120129	2012-01-29	2012	1	1	January	2012-01	29	Sunday	1	FY2011/12	Summer
20120130	2012-01-30	2012	1	1	January	2012-01	30	Monday	0	FY2011/12	Summer
20120131	2012-01-31	2012	1	1	January	2012-01	31	Tuesday	0	FY2011/12	Summer
20120201	2012-02-01	2012	1	2	February	2012-02	1	Wednesday	0	FY2011/12	Summer
20120202	2012-02-02	2012	1	2	February	2012-02	2	Thursday	0	FY2011/12	Summer
20120203	2012-02-03	2012	1	2	February	2012-02	3	Friday	0	FY2011/12	Summer
20120204	2012-02-04	2012	1	2	February	2012-02	4	Saturday	1	FY2011/12	Summer
20120205	2012-02-05	2012	1	2	February	2012-02	5	Sunday	1	FY2011/12	Summer
20120206	2012-02-06	2012	1	2	February	2012-02	6	Monday	0	FY2011/12	Summer
20120207	2012-02-07	2012	1	2	February	2012-02	7	Tuesday	0	FY2011/12	Summer
20120208	2012-02-08	2012	1	2	February	2012-02	8	Wednesday	0	FY2011/12	Summer
20120209	2012-02-09	2012	1	2	February	2012-02	9	Thursday	0	FY2011/12	Summer
20120210	2012-02-10	2012	1	2	February	2012-02	10	Friday	0	FY2011/12	Summer
20120211	2012-02-11	2012	1	2	February	2012-02	11	Saturday	1	FY2011/12	Summer
20120212	2012-02-12	2012	1	2	February	2012-02	12	Sunday	1	FY2011/12	Summer
20120213	2012-02-13	2012	1	2	February	2012-02	13	Monday	0	FY2011/12	Summer
20120214	2012-02-14	2012	1	2	February	2012-02	14	Tuesday	0	FY2011/12	Summer
20120215	2012-02-15	2012	1	2	February	2012-02	15	Wednesday	0	FY2011/12	Summer
20120216	2012-02-16	2012	1	2	February	2012-02	16	Thursday	0	FY2011/12	Summer
20120217	2012-02-17	2012	1	2	February	2012-02	17	Friday	0	FY2011/12	Summer
20120218	2012-02-18	2012	1	2	February	2012-02	18	Saturday	1	FY2011/12	Summer
20120219	2012-02-19	2012	1	2	February	2012-02	19	Sunday	1	FY2011/12	Summer
20120220	2012-02-20	2012	1	2	February	2012-02	20	Monday	0	FY2011/12	Summer
20120221	2012-02-21	2012	1	2	February	2012-02	21	Tuesday	0	FY2011/12	Summer
20120222	2012-02-22	2012	1	2	February	2012-02	22	Wednesday	0	FY2011/12	Summer
20120223	2012-02-23	2012	1	2	February	2012-02	23	Thursday	0	FY2011/12	Summer
20120224	2012-02-24	2012	1	2	February	2012-02	24	Friday	0	FY2011/12	Summer
20120225	2012-02-25	2012	1	2	February	2012-02	25	Saturday	1	FY2011/12	Summer
20120226	2012-02-26	2012	1	2	February	2012-02	26	Sunday	1	FY2011/12	Summer
20120227	2012-02-27	2012	1	2	February	2012-02	27	Monday	0	FY2011/12	Summer
20120228	2012-02-28	2012	1	2	February	2012-02	28	Tuesday	0	FY2011/12	Summer
20120229	2012-02-29	2012	1	2	February	2012-02	29	Wednesday	0	FY2011/12	Summer
20120301	2012-03-01	2012	1	3	March	2012-03	1	Thursday	0	FY2011/12	Autumn
20120302	2012-03-02	2012	1	3	March	2012-03	2	Friday	0	FY2011/12	Autumn
20120303	2012-03-03	2012	1	3	March	2012-03	3	Saturday	1	FY2011/12	Autumn
20120304	2012-03-04	2012	1	3	March	2012-03	4	Sunday	1	FY2011/12	Autumn
20120305	2012-03-05	2012	1	3	March	2012-03	5	Monday	0	FY2011/12	Autumn
20120306	2012-03-06	2012	1	3	March	2012-03	6	Tuesday	0	FY2011/12	Autumn
20120307	2012-03-07	2012	1	3	March	2012-03	7	Wednesday	0	FY2011/12	Autumn
20120308	2012-03-08	2012	1	3	March	2012-03	8	Thursday	0	FY2011/12	Autumn
20120309	2012-03-09	2012	1	3	March	2012-03	9	Friday	0	FY2011/12	Autumn
20120310	2012-03-10	2012	1	3	March	2012-03	10	Saturday	1	FY2011/12	Autumn
20120311	2012-03-11	2012	1	3	March	2012-03	11	Sunday	1	FY2011/12	Autumn
20120312	2012-03-12	2012	1	3	March	2012-03	12	Monday	0	FY2011/12	Autumn
20120313	2012-03-13	2012	1	3	March	2012-03	13	Tuesday	0	FY2011/12	Autumn
20120314	2012-03-14	2012	1	3	March	2012-03	14	Wednesday	0	FY2011/12	Autumn
20120315	2012-03-15	2012	1	3	March	2012-03	15	Thursday	0	FY2011/12	Autumn
20120316	2012-03-16	2012	1	3	March	2012-03	16	Friday	0	FY2011/12	Autumn
20120317	2012-03-17	2012	1	3	March	2012-03	17	Saturday	1	FY2011/12	Autumn
20120318	2012-03-18	2012	1	3	March	2012-03	18	Sunday	1	FY2011/12	Autumn
20120319	2012-03-19	2012	1	3	March	2012-03	19	Monday	0	FY2011/12	Autumn
20120320	2012-03-20	2012	1	3	March	2012-03	20	Tuesday	0	FY2011/12	Autumn
20120321	2012-03-21	2012	1	3	March	2012-03	21	Wednesday	0	FY2011/12	Autumn
20120322	2012-03-22	2012	1	3	March	2012-03	22	Thursday	0	FY2011/12	Autumn
20120323	2012-03-23	2012	1	3	March	2012-03	23	Friday	0	FY2011/12	Autumn
20120324	2012-03-24	2012	1	3	March	2012-03	24	Saturday	1	FY2011/12	Autumn
20120325	2012-03-25	2012	1	3	March	2012-03	25	Sunday	1	FY2011/12	Autumn
20120326	2012-03-26	2012	1	3	March	2012-03	26	Monday	0	FY2011/12	Autumn
20120327	2012-03-27	2012	1	3	March	2012-03	27	Tuesday	0	FY2011/12	Autumn
20120328	2012-03-28	2012	1	3	March	2012-03	28	Wednesday	0	FY2011/12	Autumn
20120329	2012-03-29	2012	1	3	March	2012-03	29	Thursday	0	FY2011/12	Autumn
20120330	2012-03-30	2012	1	3	March	2012-03	30	Friday	0	FY2011/12	Autumn
20120331	2012-03-31	2012	1	3	March	2012-03	31	Saturday	1	FY2011/12	Autumn
20120401	2012-04-01	2012	2	4	April	2012-04	1	Sunday	1	FY2012/13	Autumn
20120402	2012-04-02	2012	2	4	April	2012-04	2	Monday	0	FY2012/13	Autumn
20120403	2012-04-03	2012	2	4	April	2012-04	3	Tuesday	0	FY2012/13	Autumn
20120404	2012-04-04	2012	2	4	April	2012-04	4	Wednesday	0	FY2012/13	Autumn
20120405	2012-04-05	2012	2	4	April	2012-04	5	Thursday	0	FY2012/13	Autumn
20120406	2012-04-06	2012	2	4	April	2012-04	6	Friday	0	FY2012/13	Autumn
20120407	2012-04-07	2012	2	4	April	2012-04	7	Saturday	1	FY2012/13	Autumn
20120408	2012-04-08	2012	2	4	April	2012-04	8	Sunday	1	FY2012/13	Autumn
20120409	2012-04-09	2012	2	4	April	2012-04	9	Monday	0	FY2012/13	Autumn
20120410	2012-04-10	2012	2	4	April	2012-04	10	Tuesday	0	FY2012/13	Autumn
20120411	2012-04-11	2012	2	4	April	2012-04	11	Wednesday	0	FY2012/13	Autumn
20120412	2012-04-12	2012	2	4	April	2012-04	12	Thursday	0	FY2012/13	Autumn
20120413	2012-04-13	2012	2	4	April	2012-04	13	Friday	0	FY2012/13	Autumn
20120414	2012-04-14	2012	2	4	April	2012-04	14	Saturday	1	FY2012/13	Autumn
20120415	2012-04-15	2012	2	4	April	2012-04	15	Sunday	1	FY2012/13	Autumn
20120416	2012-04-16	2012	2	4	April	2012-04	16	Monday	0	FY2012/13	Autumn
20120417	2012-04-17	2012	2	4	April	2012-04	17	Tuesday	0	FY2012/13	Autumn
20120418	2012-04-18	2012	2	4	April	2012-04	18	Wednesday	0	FY2012/13	Autumn
20120419	2012-04-19	2012	2	4	April	2012-04	19	Thursday	0	FY2012/13	Autumn
20120420	2012-04-20	2012	2	4	April	2012-04	20	Friday	0	FY2012/13	Autumn
20120421	2012-04-21	2012	2	4	April	2012-04	21	Saturday	1	FY2012/13	Autumn
20120422	2012-04-22	2012	2	4	April	2012-04	22	Sunday	1	FY2012/13	Autumn
20120423	2012-04-23	2012	2	4	April	2012-04	23	Monday	0	FY2012/13	Autumn
20120424	2012-04-24	2012	2	4	April	2012-04	24	Tuesday	0	FY2012/13	Autumn
20120425	2012-04-25	2012	2	4	April	2012-04	25	Wednesday	0	FY2012/13	Autumn
20120426	2012-04-26	2012	2	4	April	2012-04	26	Thursday	0	FY2012/13	Autumn
20120427	2012-04-27	2012	2	4	April	2012-04	27	Friday	0	FY2012/13	Autumn
20120428	2012-04-28	2012	2	4	April	2012-04	28	Saturday	1	FY2012/13	Autumn
20120429	2012-04-29	2012	2	4	April	2012-04	29	Sunday	1	FY2012/13	Autumn
20120430	2012-04-30	2012	2	4	April	2012-04	30	Monday	0	FY2012/13	Autumn
20120501	2012-05-01	2012	2	5	May	2012-05	1	Tuesday	0	FY2012/13	Autumn
20120502	2012-05-02	2012	2	5	May	2012-05	2	Wednesday	0	FY2012/13	Autumn
20120503	2012-05-03	2012	2	5	May	2012-05	3	Thursday	0	FY2012/13	Autumn
20120504	2012-05-04	2012	2	5	May	2012-05	4	Friday	0	FY2012/13	Autumn
20120505	2012-05-05	2012	2	5	May	2012-05	5	Saturday	1	FY2012/13	Autumn
20120506	2012-05-06	2012	2	5	May	2012-05	6	Sunday	1	FY2012/13	Autumn
20120507	2012-05-07	2012	2	5	May	2012-05	7	Monday	0	FY2012/13	Autumn
20120508	2012-05-08	2012	2	5	May	2012-05	8	Tuesday	0	FY2012/13	Autumn
20120509	2012-05-09	2012	2	5	May	2012-05	9	Wednesday	0	FY2012/13	Autumn
20120510	2012-05-10	2012	2	5	May	2012-05	10	Thursday	0	FY2012/13	Autumn
20120511	2012-05-11	2012	2	5	May	2012-05	11	Friday	0	FY2012/13	Autumn
20120512	2012-05-12	2012	2	5	May	2012-05	12	Saturday	1	FY2012/13	Autumn
20120513	2012-05-13	2012	2	5	May	2012-05	13	Sunday	1	FY2012/13	Autumn
20120514	2012-05-14	2012	2	5	May	2012-05	14	Monday	0	FY2012/13	Autumn
20120515	2012-05-15	2012	2	5	May	2012-05	15	Tuesday	0	FY2012/13	Autumn
20120516	2012-05-16	2012	2	5	May	2012-05	16	Wednesday	0	FY2012/13	Autumn
20120517	2012-05-17	2012	2	5	May	2012-05	17	Thursday	0	FY2012/13	Autumn
20120518	2012-05-18	2012	2	5	May	2012-05	18	Friday	0	FY2012/13	Autumn
20120519	2012-05-19	2012	2	5	May	2012-05	19	Saturday	1	FY2012/13	Autumn
20120520	2012-05-20	2012	2	5	May	2012-05	20	Sunday	1	FY2012/13	Autumn
20120521	2012-05-21	2012	2	5	May	2012-05	21	Monday	0	FY2012/13	Autumn
20120522	2012-05-22	2012	2	5	May	2012-05	22	Tuesday	0	FY2012/13	Autumn
20120523	2012-05-23	2012	2	5	May	2012-05	23	Wednesday	0	FY2012/13	Autumn
20120524	2012-05-24	2012	2	5	May	2012-05	24	Thursday	0	FY2012/13	Autumn
20120525	2012-05-25	2012	2	5	May	2012-05	25	Friday	0	FY2012/13	Autumn
20120526	2012-05-26	2012	2	5	May	2012-05	26	Saturday	1	FY2012/13	Autumn
20120527	2012-05-27	2012	2	5	May	2012-05	27	Sunday	1	FY2012/13	Autumn
20120528	2012-05-28	2012	2	5	May	2012-05	28	Monday	0	FY2012/13	Autumn
20120529	2012-05-29	2012	2	5	May	2012-05	29	Tuesday	0	FY2012/13	Autumn
20120530	2012-05-30	2012	2	5	May	2012-05	30	Wednesday	0	FY2012/13	Autumn
20120531	2012-05-31	2012	2	5	May	2012-05	31	Thursday	0	FY2012/13	Autumn
20120601	2012-06-01	2012	2	6	June	2012-06	1	Friday	0	FY2012/13	Winter
20120602	2012-06-02	2012	2	6	June	2012-06	2	Saturday	1	FY2012/13	Winter
20120603	2012-06-03	2012	2	6	June	2012-06	3	Sunday	1	FY2012/13	Winter
20120604	2012-06-04	2012	2	6	June	2012-06	4	Monday	0	FY2012/13	Winter
20120605	2012-06-05	2012	2	6	June	2012-06	5	Tuesday	0	FY2012/13	Winter
20120606	2012-06-06	2012	2	6	June	2012-06	6	Wednesday	0	FY2012/13	Winter
20120607	2012-06-07	2012	2	6	June	2012-06	7	Thursday	0	FY2012/13	Winter
20120608	2012-06-08	2012	2	6	June	2012-06	8	Friday	0	FY2012/13	Winter
20120609	2012-06-09	2012	2	6	June	2012-06	9	Saturday	1	FY2012/13	Winter
20120610	2012-06-10	2012	2	6	June	2012-06	10	Sunday	1	FY2012/13	Winter
20120611	2012-06-11	2012	2	6	June	2012-06	11	Monday	0	FY2012/13	Winter
20120612	2012-06-12	2012	2	6	June	2012-06	12	Tuesday	0	FY2012/13	Winter
20120613	2012-06-13	2012	2	6	June	2012-06	13	Wednesday	0	FY2012/13	Winter
20120614	2012-06-14	2012	2	6	June	2012-06	14	Thursday	0	FY2012/13	Winter
20120615	2012-06-15	2012	2	6	June	2012-06	15	Friday	0	FY2012/13	Winter
20120616	2012-06-16	2012	2	6	June	2012-06	16	Saturday	1	FY2012/13	Winter
20120617	2012-06-17	2012	2	6	June	2012-06	17	Sunday	1	FY2012/13	Winter
20120618	2012-06-18	2012	2	6	June	2012-06	18	Monday	0	FY2012/13	Winter
20120619	2012-06-19	2012	2	6	June	2012-06	19	Tuesday	0	FY2012/13	Winter
20120620	2012-06-20	2012	2	6	June	2012-06	20	Wednesday	0	FY2012/13	Winter
20120621	2012-06-21	2012	2	6	June	2012-06	21	Thursday	0	FY2012/13	Winter
20120622	2012-06-22	2012	2	6	June	2012-06	22	Friday	0	FY2012/13	Winter
20120623	2012-06-23	2012	2	6	June	2012-06	23	Saturday	1	FY2012/13	Winter
20120624	2012-06-24	2012	2	6	June	2012-06	24	Sunday	1	FY2012/13	Winter
20120625	2012-06-25	2012	2	6	June	2012-06	25	Monday	0	FY2012/13	Winter
20120626	2012-06-26	2012	2	6	June	2012-06	26	Tuesday	0	FY2012/13	Winter
20120627	2012-06-27	2012	2	6	June	2012-06	27	Wednesday	0	FY2012/13	Winter
20120628	2012-06-28	2012	2	6	June	2012-06	28	Thursday	0	FY2012/13	Winter
20120629	2012-06-29	2012	2	6	June	2012-06	29	Friday	0	FY2012/13	Winter
20120630	2012-06-30	2012	2	6	June	2012-06	30	Saturday	1	FY2012/13	Winter
20120701	2012-07-01	2012	3	7	July	2012-07	1	Sunday	1	FY2012/13	Winter
20120702	2012-07-02	2012	3	7	July	2012-07	2	Monday	0	FY2012/13	Winter
20120703	2012-07-03	2012	3	7	July	2012-07	3	Tuesday	0	FY2012/13	Winter
20120704	2012-07-04	2012	3	7	July	2012-07	4	Wednesday	0	FY2012/13	Winter
20120705	2012-07-05	2012	3	7	July	2012-07	5	Thursday	0	FY2012/13	Winter
20120706	2012-07-06	2012	3	7	July	2012-07	6	Friday	0	FY2012/13	Winter
20120707	2012-07-07	2012	3	7	July	2012-07	7	Saturday	1	FY2012/13	Winter
20120708	2012-07-08	2012	3	7	July	2012-07	8	Sunday	1	FY2012/13	Winter
20120709	2012-07-09	2012	3	7	July	2012-07	9	Monday	0	FY2012/13	Winter
20120710	2012-07-10	2012	3	7	July	2012-07	10	Tuesday	0	FY2012/13	Winter
20120711	2012-07-11	2012	3	7	July	2012-07	11	Wednesday	0	FY2012/13	Winter
20120712	2012-07-12	2012	3	7	July	2012-07	12	Thursday	0	FY2012/13	Winter
20120713	2012-07-13	2012	3	7	July	2012-07	13	Friday	0	FY2012/13	Winter
20120714	2012-07-14	2012	3	7	July	2012-07	14	Saturday	1	FY2012/13	Winter
20120715	2012-07-15	2012	3	7	July	2012-07	15	Sunday	1	FY2012/13	Winter
20120716	2012-07-16	2012	3	7	July	2012-07	16	Monday	0	FY2012/13	Winter
20120717	2012-07-17	2012	3	7	July	2012-07	17	Tuesday	0	FY2012/13	Winter
20120718	2012-07-18	2012	3	7	July	2012-07	18	Wednesday	0	FY2012/13	Winter
20120719	2012-07-19	2012	3	7	July	2012-07	19	Thursday	0	FY2012/13	Winter
20120720	2012-07-20	2012	3	7	July	2012-07	20	Friday	0	FY2012/13	Winter
20120721	2012-07-21	2012	3	7	July	2012-07	21	Saturday	1	FY2012/13	Winter
20120722	2012-07-22	2012	3	7	July	2012-07	22	Sunday	1	FY2012/13	Winter
20120723	2012-07-23	2012	3	7	July	2012-07	23	Monday	0	FY2012/13	Winter
20120724	2012-07-24	2012	3	7	July	2012-07	24	Tuesday	0	FY2012/13	Winter
20120725	2012-07-25	2012	3	7	July	2012-07	25	Wednesday	0	FY2012/13	Winter
20120726	2012-07-26	2012	3	7	July	2012-07	26	Thursday	0	FY2012/13	Winter
20120727	2012-07-27	2012	3	7	July	2012-07	27	Friday	0	FY2012/13	Winter
20120728	2012-07-28	2012	3	7	July	2012-07	28	Saturday	1	FY2012/13	Winter
20120729	2012-07-29	2012	3	7	July	2012-07	29	Sunday	1	FY2012/13	Winter
20120730	2012-07-30	2012	3	7	July	2012-07	30	Monday	0	FY2012/13	Winter
20120731	2012-07-31	2012	3	7	July	2012-07	31	Tuesday	0	FY2012/13	Winter
20120801	2012-08-01	2012	3	8	August	2012-08	1	Wednesday	0	FY2012/13	Winter
20120802	2012-08-02	2012	3	8	August	2012-08	2	Thursday	0	FY2012/13	Winter
20120803	2012-08-03	2012	3	8	August	2012-08	3	Friday	0	FY2012/13	Winter
20120804	2012-08-04	2012	3	8	August	2012-08	4	Saturday	1	FY2012/13	Winter
20120805	2012-08-05	2012	3	8	August	2012-08	5	Sunday	1	FY2012/13	Winter
20120806	2012-08-06	2012	3	8	August	2012-08	6	Monday	0	FY2012/13	Winter
20120807	2012-08-07	2012	3	8	August	2012-08	7	Tuesday	0	FY2012/13	Winter
20120808	2012-08-08	2012	3	8	August	2012-08	8	Wednesday	0	FY2012/13	Winter
20120809	2012-08-09	2012	3	8	August	2012-08	9	Thursday	0	FY2012/13	Winter
20120810	2012-08-10	2012	3	8	August	2012-08	10	Friday	0	FY2012/13	Winter
20120811	2012-08-11	2012	3	8	August	2012-08	11	Saturday	1	FY2012/13	Winter
20120812	2012-08-12	2012	3	8	August	2012-08	12	Sunday	1	FY2012/13	Winter
20120813	2012-08-13	2012	3	8	August	2012-08	13	Monday	0	FY2012/13	Winter
20120814	2012-08-14	2012	3	8	August	2012-08	14	Tuesday	0	FY2012/13	Winter
20120815	2012-08-15	2012	3	8	August	2012-08	15	Wednesday	0	FY2012/13	Winter
20120816	2012-08-16	2012	3	8	August	2012-08	16	Thursday	0	FY2012/13	Winter
20120817	2012-08-17	2012	3	8	August	2012-08	17	Friday	0	FY2012/13	Winter
20120818	2012-08-18	2012	3	8	August	2012-08	18	Saturday	1	FY2012/13	Winter
20120819	2012-08-19	2012	3	8	August	2012-08	19	Sunday	1	FY2012/13	Winter
20120820	2012-08-20	2012	3	8	August	2012-08	20	Monday	0	FY2012/13	Winter
20120821	2012-08-21	2012	3	8	August	2012-08	21	Tuesday	0	FY2012/13	Winter
20120822	2012-08-22	2012	3	8	August	2012-08	22	Wednesday	0	FY2012/13	Winter
20120823	2012-08-23	2012	3	8	August	2012-08	23	Thursday	0	FY2012/13	Winter
20120824	2012-08-24	2012	3	8	August	2012-08	24	Friday	0	FY2012/13	Winter
20120825	2012-08-25	2012	3	8	August	2012-08	25	Saturday	1	FY2012/13	Winter
20120826	2012-08-26	2012	3	8	August	2012-08	26	Sunday	1	FY2012/13	Winter
20120827	2012-08-27	2012	3	8	August	2012-08	27	Monday	0	FY2012/13	Winter
20120828	2012-08-28	2012	3	8	August	2012-08	28	Tuesday	0	FY2012/13	Winter
20120829	2012-08-29	2012	3	8	August	2012-08	29	Wednesday	0	FY2012/13	Winter
20120830	2012-08-30	2012	3	8	August	2012-08	30	Thursday	0	FY2012/13	Winter
20120831	2012-08-31	2012	3	8	August	2012-08	31	Friday	0	FY2012/13	Winter
20120901	2012-09-01	2012	3	9	September	2012-09	1	Saturday	1	FY2012/13	Spring
20120902	2012-09-02	2012	3	9	September	2012-09	2	Sunday	1	FY2012/13	Spring
20120903	2012-09-03	2012	3	9	September	2012-09	3	Monday	0	FY2012/13	Spring
20120904	2012-09-04	2012	3	9	September	2012-09	4	Tuesday	0	FY2012/13	Spring
20120905	2012-09-05	2012	3	9	September	2012-09	5	Wednesday	0	FY2012/13	Spring
20120906	2012-09-06	2012	3	9	September	2012-09	6	Thursday	0	FY2012/13	Spring
20120907	2012-09-07	2012	3	9	September	2012-09	7	Friday	0	FY2012/13	Spring
20120908	2012-09-08	2012	3	9	September	2012-09	8	Saturday	1	FY2012/13	Spring
20120909	2012-09-09	2012	3	9	September	2012-09	9	Sunday	1	FY2012/13	Spring
20120910	2012-09-10	2012	3	9	September	2012-09	10	Monday	0	FY2012/13	Spring
20120911	2012-09-11	2012	3	9	September	2012-09	11	Tuesday	0	FY2012/13	Spring
20120912	2012-09-12	2012	3	9	September	2012-09	12	Wednesday	0	FY2012/13	Spring
20120913	2012-09-13	2012	3	9	September	2012-09	13	Thursday	0	FY2012/13	Spring
20120914	2012-09-14	2012	3	9	September	2012-09	14	Friday	0	FY2012/13	Spring
20120915	2012-09-15	2012	3	9	September	2012-09	15	Saturday	1	FY2012/13	Spring
20120916	2012-09-16	2012	3	9	September	2012-09	16	Sunday	1	FY2012/13	Spring
20120917	2012-09-17	2012	3	9	September	2012-09	17	Monday	0	FY2012/13	Spring
20120918	2012-09-18	2012	3	9	September	2012-09	18	Tuesday	0	FY2012/13	Spring
20120919	2012-09-19	2012	3	9	September	2012-09	19	Wednesday	0	FY2012/13	Spring
20120920	2012-09-20	2012	3	9	September	2012-09	20	Thursday	0	FY2012/13	Spring
20120921	2012-09-21	2012	3	9	September	2012-09	21	Friday	0	FY2012/13	Spring
20120922	2012-09-22	2012	3	9	September	2012-09	22	Saturday	1	FY2012/13	Spring
20120923	2012-09-23	2012	3	9	September	2012-09	23	Sunday	1	FY2012/13	Spring
20120924	2012-09-24	2012	3	9	September	2012-09	24	Monday	0	FY2012/13	Spring
20120925	2012-09-25	2012	3	9	September	2012-09	25	Tuesday	0	FY2012/13	Spring
20120926	2012-09-26	2012	3	9	September	2012-09	26	Wednesday	0	FY2012/13	Spring
20120927	2012-09-27	2012	3	9	September	2012-09	27	Thursday	0	FY2012/13	Spring
20120928	2012-09-28	2012	3	9	September	2012-09	28	Friday	0	FY2012/13	Spring
20120929	2012-09-29	2012	3	9	September	2012-09	29	Saturday	1	FY2012/13	Spring
20120930	2012-09-30	2012	3	9	September	2012-09	30	Sunday	1	FY2012/13	Spring
20121001	2012-10-01	2012	4	10	October	2012-10	1	Monday	0	FY2012/13	Spring
20121002	2012-10-02	2012	4	10	October	2012-10	2	Tuesday	0	FY2012/13	Spring
20121003	2012-10-03	2012	4	10	October	2012-10	3	Wednesday	0	FY2012/13	Spring
20121004	2012-10-04	2012	4	10	October	2012-10	4	Thursday	0	FY2012/13	Spring
20121005	2012-10-05	2012	4	10	October	2012-10	5	Friday	0	FY2012/13	Spring
20121006	2012-10-06	2012	4	10	October	2012-10	6	Saturday	1	FY2012/13	Spring
20121007	2012-10-07	2012	4	10	October	2012-10	7	Sunday	1	FY2012/13	Spring
20121008	2012-10-08	2012	4	10	October	2012-10	8	Monday	0	FY2012/13	Spring
20121009	2012-10-09	2012	4	10	October	2012-10	9	Tuesday	0	FY2012/13	Spring
20121010	2012-10-10	2012	4	10	October	2012-10	10	Wednesday	0	FY2012/13	Spring
20121011	2012-10-11	2012	4	10	October	2012-10	11	Thursday	0	FY2012/13	Spring
20121012	2012-10-12	2012	4	10	October	2012-10	12	Friday	0	FY2012/13	Spring
20121013	2012-10-13	2012	4	10	October	2012-10	13	Saturday	1	FY2012/13	Spring
20121014	2012-10-14	2012	4	10	October	2012-10	14	Sunday	1	FY2012/13	Spring
20121015	2012-10-15	2012	4	10	October	2012-10	15	Monday	0	FY2012/13	Spring
20121016	2012-10-16	2012	4	10	October	2012-10	16	Tuesday	0	FY2012/13	Spring
20121017	2012-10-17	2012	4	10	October	2012-10	17	Wednesday	0	FY2012/13	Spring
20121018	2012-10-18	2012	4	10	October	2012-10	18	Thursday	0	FY2012/13	Spring
20121019	2012-10-19	2012	4	10	October	2012-10	19	Friday	0	FY2012/13	Spring
20121020	2012-10-20	2012	4	10	October	2012-10	20	Saturday	1	FY2012/13	Spring
20121021	2012-10-21	2012	4	10	October	2012-10	21	Sunday	1	FY2012/13	Spring
20121022	2012-10-22	2012	4	10	October	2012-10	22	Monday	0	FY2012/13	Spring
20121023	2012-10-23	2012	4	10	October	2012-10	23	Tuesday	0	FY2012/13	Spring
20121024	2012-10-24	2012	4	10	October	2012-10	24	Wednesday	0	FY2012/13	Spring
20121025	2012-10-25	2012	4	10	October	2012-10	25	Thursday	0	FY2012/13	Spring
20121026	2012-10-26	2012	4	10	October	2012-10	26	Friday	0	FY2012/13	Spring
20121027	2012-10-27	2012	4	10	October	2012-10	27	Saturday	1	FY2012/13	Spring
20121028	2012-10-28	2012	4	10	October	2012-10	28	Sunday	1	FY2012/13	Spring
20121029	2012-10-29	2012	4	10	October	2012-10	29	Monday	0	FY2012/13	Spring
20121030	2012-10-30	2012	4	10	October	2012-10	30	Tuesday	0	FY2012/13	Spring
20121031	2012-10-31	2012	4	10	October	2012-10	31	Wednesday	0	FY2012/13	Spring
20121101	2012-11-01	2012	4	11	November	2012-11	1	Thursday	0	FY2012/13	Spring
20121102	2012-11-02	2012	4	11	November	2012-11	2	Friday	0	FY2012/13	Spring
20121103	2012-11-03	2012	4	11	November	2012-11	3	Saturday	1	FY2012/13	Spring
20121104	2012-11-04	2012	4	11	November	2012-11	4	Sunday	1	FY2012/13	Spring
20121105	2012-11-05	2012	4	11	November	2012-11	5	Monday	0	FY2012/13	Spring
20121106	2012-11-06	2012	4	11	November	2012-11	6	Tuesday	0	FY2012/13	Spring
20121107	2012-11-07	2012	4	11	November	2012-11	7	Wednesday	0	FY2012/13	Spring
20121108	2012-11-08	2012	4	11	November	2012-11	8	Thursday	0	FY2012/13	Spring
20121109	2012-11-09	2012	4	11	November	2012-11	9	Friday	0	FY2012/13	Spring
20121110	2012-11-10	2012	4	11	November	2012-11	10	Saturday	1	FY2012/13	Spring
20121111	2012-11-11	2012	4	11	November	2012-11	11	Sunday	1	FY2012/13	Spring
20121112	2012-11-12	2012	4	11	November	2012-11	12	Monday	0	FY2012/13	Spring
20121113	2012-11-13	2012	4	11	November	2012-11	13	Tuesday	0	FY2012/13	Spring
20121114	2012-11-14	2012	4	11	November	2012-11	14	Wednesday	0	FY2012/13	Spring
20121115	2012-11-15	2012	4	11	November	2012-11	15	Thursday	0	FY2012/13	Spring
20121116	2012-11-16	2012	4	11	November	2012-11	16	Friday	0	FY2012/13	Spring
20121117	2012-11-17	2012	4	11	November	2012-11	17	Saturday	1	FY2012/13	Spring
20121118	2012-11-18	2012	4	11	November	2012-11	18	Sunday	1	FY2012/13	Spring
20121119	2012-11-19	2012	4	11	November	2012-11	19	Monday	0	FY2012/13	Spring
20121120	2012-11-20	2012	4	11	November	2012-11	20	Tuesday	0	FY2012/13	Spring
20121121	2012-11-21	2012	4	11	November	2012-11	21	Wednesday	0	FY2012/13	Spring
20121122	2012-11-22	2012	4	11	November	2012-11	22	Thursday	0	FY2012/13	Spring
20121123	2012-11-23	2012	4	11	November	2012-11	23	Friday	0	FY2012/13	Spring
20121124	2012-11-24	2012	4	11	November	2012-11	24	Saturday	1	FY2012/13	Spring
20121125	2012-11-25	2012	4	11	November	2012-11	25	Sunday	1	FY2012/13	Spring
20121126	2012-11-26	2012	4	11	November	2012-11	26	Monday	0	FY2012/13	Spring
20121127	2012-11-27	2012	4	11	November	2012-11	27	Tuesday	0	FY2012/13	Spring
20121128	2012-11-28	2012	4	11	November	2012-11	28	Wednesday	0	FY2012/13	Spring
20121129	2012-11-29	2012	4	11	November	2012-11	29	Thursday	0	FY2012/13	Spring
20121130	2012-11-30	2012	4	11	November	2012-11	30	Friday	0	FY2012/13	Spring
20121201	2012-12-01	2012	4	12	December	2012-12	1	Saturday	1	FY2012/13	Summer
20121202	2012-12-02	2012	4	12	December	2012-12	2	Sunday	1	FY2012/13	Summer
20121203	2012-12-03	2012	4	12	December	2012-12	3	Monday	0	FY2012/13	Summer
20121204	2012-12-04	2012	4	12	December	2012-12	4	Tuesday	0	FY2012/13	Summer
20121205	2012-12-05	2012	4	12	December	2012-12	5	Wednesday	0	FY2012/13	Summer
20121206	2012-12-06	2012	4	12	December	2012-12	6	Thursday	0	FY2012/13	Summer
20121207	2012-12-07	2012	4	12	December	2012-12	7	Friday	0	FY2012/13	Summer
20121208	2012-12-08	2012	4	12	December	2012-12	8	Saturday	1	FY2012/13	Summer
20121209	2012-12-09	2012	4	12	December	2012-12	9	Sunday	1	FY2012/13	Summer
20121210	2012-12-10	2012	4	12	December	2012-12	10	Monday	0	FY2012/13	Summer
20121211	2012-12-11	2012	4	12	December	2012-12	11	Tuesday	0	FY2012/13	Summer
20121212	2012-12-12	2012	4	12	December	2012-12	12	Wednesday	0	FY2012/13	Summer
20121213	2012-12-13	2012	4	12	December	2012-12	13	Thursday	0	FY2012/13	Summer
20121214	2012-12-14	2012	4	12	December	2012-12	14	Friday	0	FY2012/13	Summer
20121215	2012-12-15	2012	4	12	December	2012-12	15	Saturday	1	FY2012/13	Summer
20121216	2012-12-16	2012	4	12	December	2012-12	16	Sunday	1	FY2012/13	Summer
20121217	2012-12-17	2012	4	12	December	2012-12	17	Monday	0	FY2012/13	Summer
20121218	2012-12-18	2012	4	12	December	2012-12	18	Tuesday	0	FY2012/13	Summer
20121219	2012-12-19	2012	4	12	December	2012-12	19	Wednesday	0	FY2012/13	Summer
20121220	2012-12-20	2012	4	12	December	2012-12	20	Thursday	0	FY2012/13	Summer
20121221	2012-12-21	2012	4	12	December	2012-12	21	Friday	0	FY2012/13	Summer
20121222	2012-12-22	2012	4	12	December	2012-12	22	Saturday	1	FY2012/13	Summer
20121223	2012-12-23	2012	4	12	December	2012-12	23	Sunday	1	FY2012/13	Summer
20121224	2012-12-24	2012	4	12	December	2012-12	24	Monday	0	FY2012/13	Summer
20121225	2012-12-25	2012	4	12	December	2012-12	25	Tuesday	0	FY2012/13	Summer
20121226	2012-12-26	2012	4	12	December	2012-12	26	Wednesday	0	FY2012/13	Summer
20121227	2012-12-27	2012	4	12	December	2012-12	27	Thursday	0	FY2012/13	Summer
20121228	2012-12-28	2012	4	12	December	2012-12	28	Friday	0	FY2012/13	Summer
20121229	2012-12-29	2012	4	12	December	2012-12	29	Saturday	1	FY2012/13	Summer
20121230	2012-12-30	2012	4	12	December	2012-12	30	Sunday	1	FY2012/13	Summer
20121231	2012-12-31	2012	4	12	December	2012-12	31	Monday	0	FY2012/13	Summer
20130101	2013-01-01	2013	1	1	January	2013-01	1	Tuesday	0	FY2012/13	Summer
20130102	2013-01-02	2013	1	1	January	2013-01	2	Wednesday	0	FY2012/13	Summer
20130103	2013-01-03	2013	1	1	January	2013-01	3	Thursday	0	FY2012/13	Summer
20130104	2013-01-04	2013	1	1	January	2013-01	4	Friday	0	FY2012/13	Summer
20130105	2013-01-05	2013	1	1	January	2013-01	5	Saturday	1	FY2012/13	Summer
20130106	2013-01-06	2013	1	1	January	2013-01	6	Sunday	1	FY2012/13	Summer
20130107	2013-01-07	2013	1	1	January	2013-01	7	Monday	0	FY2012/13	Summer
20130108	2013-01-08	2013	1	1	January	2013-01	8	Tuesday	0	FY2012/13	Summer
20130109	2013-01-09	2013	1	1	January	2013-01	9	Wednesday	0	FY2012/13	Summer
20130110	2013-01-10	2013	1	1	January	2013-01	10	Thursday	0	FY2012/13	Summer
20130111	2013-01-11	2013	1	1	January	2013-01	11	Friday	0	FY2012/13	Summer
20130112	2013-01-12	2013	1	1	January	2013-01	12	Saturday	1	FY2012/13	Summer
20130113	2013-01-13	2013	1	1	January	2013-01	13	Sunday	1	FY2012/13	Summer
20130114	2013-01-14	2013	1	1	January	2013-01	14	Monday	0	FY2012/13	Summer
20130115	2013-01-15	2013	1	1	January	2013-01	15	Tuesday	0	FY2012/13	Summer
20130116	2013-01-16	2013	1	1	January	2013-01	16	Wednesday	0	FY2012/13	Summer
20130117	2013-01-17	2013	1	1	January	2013-01	17	Thursday	0	FY2012/13	Summer
20130118	2013-01-18	2013	1	1	January	2013-01	18	Friday	0	FY2012/13	Summer
20130119	2013-01-19	2013	1	1	January	2013-01	19	Saturday	1	FY2012/13	Summer
20130120	2013-01-20	2013	1	1	January	2013-01	20	Sunday	1	FY2012/13	Summer
20130121	2013-01-21	2013	1	1	January	2013-01	21	Monday	0	FY2012/13	Summer
20130122	2013-01-22	2013	1	1	January	2013-01	22	Tuesday	0	FY2012/13	Summer
20130123	2013-01-23	2013	1	1	January	2013-01	23	Wednesday	0	FY2012/13	Summer
20130124	2013-01-24	2013	1	1	January	2013-01	24	Thursday	0	FY2012/13	Summer
20130125	2013-01-25	2013	1	1	January	2013-01	25	Friday	0	FY2012/13	Summer
20130126	2013-01-26	2013	1	1	January	2013-01	26	Saturday	1	FY2012/13	Summer
20130127	2013-01-27	2013	1	1	January	2013-01	27	Sunday	1	FY2012/13	Summer
20130128	2013-01-28	2013	1	1	January	2013-01	28	Monday	0	FY2012/13	Summer
20130129	2013-01-29	2013	1	1	January	2013-01	29	Tuesday	0	FY2012/13	Summer
20130130	2013-01-30	2013	1	1	January	2013-01	30	Wednesday	0	FY2012/13	Summer
20130131	2013-01-31	2013	1	1	January	2013-01	31	Thursday	0	FY2012/13	Summer
20130201	2013-02-01	2013	1	2	February	2013-02	1	Friday	0	FY2012/13	Summer
20130202	2013-02-02	2013	1	2	February	2013-02	2	Saturday	1	FY2012/13	Summer
20130203	2013-02-03	2013	1	2	February	2013-02	3	Sunday	1	FY2012/13	Summer
20130204	2013-02-04	2013	1	2	February	2013-02	4	Monday	0	FY2012/13	Summer
20130205	2013-02-05	2013	1	2	February	2013-02	5	Tuesday	0	FY2012/13	Summer
20130206	2013-02-06	2013	1	2	February	2013-02	6	Wednesday	0	FY2012/13	Summer
20130207	2013-02-07	2013	1	2	February	2013-02	7	Thursday	0	FY2012/13	Summer
20130208	2013-02-08	2013	1	2	February	2013-02	8	Friday	0	FY2012/13	Summer
20130209	2013-02-09	2013	1	2	February	2013-02	9	Saturday	1	FY2012/13	Summer
20130210	2013-02-10	2013	1	2	February	2013-02	10	Sunday	1	FY2012/13	Summer
20130211	2013-02-11	2013	1	2	February	2013-02	11	Monday	0	FY2012/13	Summer
20130212	2013-02-12	2013	1	2	February	2013-02	12	Tuesday	0	FY2012/13	Summer
20130213	2013-02-13	2013	1	2	February	2013-02	13	Wednesday	0	FY2012/13	Summer
20130214	2013-02-14	2013	1	2	February	2013-02	14	Thursday	0	FY2012/13	Summer
20130215	2013-02-15	2013	1	2	February	2013-02	15	Friday	0	FY2012/13	Summer
20130216	2013-02-16	2013	1	2	February	2013-02	16	Saturday	1	FY2012/13	Summer
20130217	2013-02-17	2013	1	2	February	2013-02	17	Sunday	1	FY2012/13	Summer
20130218	2013-02-18	2013	1	2	February	2013-02	18	Monday	0	FY2012/13	Summer
20130219	2013-02-19	2013	1	2	February	2013-02	19	Tuesday	0	FY2012/13	Summer
20130220	2013-02-20	2013	1	2	February	2013-02	20	Wednesday	0	FY2012/13	Summer
20130221	2013-02-21	2013	1	2	February	2013-02	21	Thursday	0	FY2012/13	Summer
20130222	2013-02-22	2013	1	2	February	2013-02	22	Friday	0	FY2012/13	Summer
20130223	2013-02-23	2013	1	2	February	2013-02	23	Saturday	1	FY2012/13	Summer
20130224	2013-02-24	2013	1	2	February	2013-02	24	Sunday	1	FY2012/13	Summer
20130225	2013-02-25	2013	1	2	February	2013-02	25	Monday	0	FY2012/13	Summer
20130226	2013-02-26	2013	1	2	February	2013-02	26	Tuesday	0	FY2012/13	Summer
20130227	2013-02-27	2013	1	2	February	2013-02	27	Wednesday	0	FY2012/13	Summer
20130228	2013-02-28	2013	1	2	February	2013-02	28	Thursday	0	FY2012/13	Summer
20130301	2013-03-01	2013	1	3	March	2013-03	1	Friday	0	FY2012/13	Autumn
20130302	2013-03-02	2013	1	3	March	2013-03	2	Saturday	1	FY2012/13	Autumn
20130303	2013-03-03	2013	1	3	March	2013-03	3	Sunday	1	FY2012/13	Autumn
20130304	2013-03-04	2013	1	3	March	2013-03	4	Monday	0	FY2012/13	Autumn
20130305	2013-03-05	2013	1	3	March	2013-03	5	Tuesday	0	FY2012/13	Autumn
20130306	2013-03-06	2013	1	3	March	2013-03	6	Wednesday	0	FY2012/13	Autumn
20130307	2013-03-07	2013	1	3	March	2013-03	7	Thursday	0	FY2012/13	Autumn
20130308	2013-03-08	2013	1	3	March	2013-03	8	Friday	0	FY2012/13	Autumn
20130309	2013-03-09	2013	1	3	March	2013-03	9	Saturday	1	FY2012/13	Autumn
20130310	2013-03-10	2013	1	3	March	2013-03	10	Sunday	1	FY2012/13	Autumn
20130311	2013-03-11	2013	1	3	March	2013-03	11	Monday	0	FY2012/13	Autumn
20130312	2013-03-12	2013	1	3	March	2013-03	12	Tuesday	0	FY2012/13	Autumn
20130313	2013-03-13	2013	1	3	March	2013-03	13	Wednesday	0	FY2012/13	Autumn
20130314	2013-03-14	2013	1	3	March	2013-03	14	Thursday	0	FY2012/13	Autumn
20130315	2013-03-15	2013	1	3	March	2013-03	15	Friday	0	FY2012/13	Autumn
20130316	2013-03-16	2013	1	3	March	2013-03	16	Saturday	1	FY2012/13	Autumn
20130317	2013-03-17	2013	1	3	March	2013-03	17	Sunday	1	FY2012/13	Autumn
20130318	2013-03-18	2013	1	3	March	2013-03	18	Monday	0	FY2012/13	Autumn
20130319	2013-03-19	2013	1	3	March	2013-03	19	Tuesday	0	FY2012/13	Autumn
20130320	2013-03-20	2013	1	3	March	2013-03	20	Wednesday	0	FY2012/13	Autumn
20130321	2013-03-21	2013	1	3	March	2013-03	21	Thursday	0	FY2012/13	Autumn
20130322	2013-03-22	2013	1	3	March	2013-03	22	Friday	0	FY2012/13	Autumn
20130323	2013-03-23	2013	1	3	March	2013-03	23	Saturday	1	FY2012/13	Autumn
20130324	2013-03-24	2013	1	3	March	2013-03	24	Sunday	1	FY2012/13	Autumn
20130325	2013-03-25	2013	1	3	March	2013-03	25	Monday	0	FY2012/13	Autumn
20130326	2013-03-26	2013	1	3	March	2013-03	26	Tuesday	0	FY2012/13	Autumn
20130327	2013-03-27	2013	1	3	March	2013-03	27	Wednesday	0	FY2012/13	Autumn
20130328	2013-03-28	2013	1	3	March	2013-03	28	Thursday	0	FY2012/13	Autumn
20130329	2013-03-29	2013	1	3	March	2013-03	29	Friday	0	FY2012/13	Autumn
20130330	2013-03-30	2013	1	3	March	2013-03	30	Saturday	1	FY2012/13	Autumn
20130331	2013-03-31	2013	1	3	March	2013-03	31	Sunday	1	FY2012/13	Autumn
20130401	2013-04-01	2013	2	4	April	2013-04	1	Monday	0	FY2013/14	Autumn
20130402	2013-04-02	2013	2	4	April	2013-04	2	Tuesday	0	FY2013/14	Autumn
20130403	2013-04-03	2013	2	4	April	2013-04	3	Wednesday	0	FY2013/14	Autumn
20130404	2013-04-04	2013	2	4	April	2013-04	4	Thursday	0	FY2013/14	Autumn
20130405	2013-04-05	2013	2	4	April	2013-04	5	Friday	0	FY2013/14	Autumn
20130406	2013-04-06	2013	2	4	April	2013-04	6	Saturday	1	FY2013/14	Autumn
20130407	2013-04-07	2013	2	4	April	2013-04	7	Sunday	1	FY2013/14	Autumn
20130408	2013-04-08	2013	2	4	April	2013-04	8	Monday	0	FY2013/14	Autumn
20130409	2013-04-09	2013	2	4	April	2013-04	9	Tuesday	0	FY2013/14	Autumn
20130410	2013-04-10	2013	2	4	April	2013-04	10	Wednesday	0	FY2013/14	Autumn
20130411	2013-04-11	2013	2	4	April	2013-04	11	Thursday	0	FY2013/14	Autumn
20130412	2013-04-12	2013	2	4	April	2013-04	12	Friday	0	FY2013/14	Autumn
20130413	2013-04-13	2013	2	4	April	2013-04	13	Saturday	1	FY2013/14	Autumn
20130414	2013-04-14	2013	2	4	April	2013-04	14	Sunday	1	FY2013/14	Autumn
20130415	2013-04-15	2013	2	4	April	2013-04	15	Monday	0	FY2013/14	Autumn
20130416	2013-04-16	2013	2	4	April	2013-04	16	Tuesday	0	FY2013/14	Autumn
20130417	2013-04-17	2013	2	4	April	2013-04	17	Wednesday	0	FY2013/14	Autumn
20130418	2013-04-18	2013	2	4	April	2013-04	18	Thursday	0	FY2013/14	Autumn
20130419	2013-04-19	2013	2	4	April	2013-04	19	Friday	0	FY2013/14	Autumn
20130420	2013-04-20	2013	2	4	April	2013-04	20	Saturday	1	FY2013/14	Autumn
20130421	2013-04-21	2013	2	4	April	2013-04	21	Sunday	1	FY2013/14	Autumn
20130422	2013-04-22	2013	2	4	April	2013-04	22	Monday	0	FY2013/14	Autumn
20130423	2013-04-23	2013	2	4	April	2013-04	23	Tuesday	0	FY2013/14	Autumn
20130424	2013-04-24	2013	2	4	April	2013-04	24	Wednesday	0	FY2013/14	Autumn
20130425	2013-04-25	2013	2	4	April	2013-04	25	Thursday	0	FY2013/14	Autumn
20130426	2013-04-26	2013	2	4	April	2013-04	26	Friday	0	FY2013/14	Autumn
20130427	2013-04-27	2013	2	4	April	2013-04	27	Saturday	1	FY2013/14	Autumn
20130428	2013-04-28	2013	2	4	April	2013-04	28	Sunday	1	FY2013/14	Autumn
20130429	2013-04-29	2013	2	4	April	2013-04	29	Monday	0	FY2013/14	Autumn
20130430	2013-04-30	2013	2	4	April	2013-04	30	Tuesday	0	FY2013/14	Autumn
20130501	2013-05-01	2013	2	5	May	2013-05	1	Wednesday	0	FY2013/14	Autumn
20130502	2013-05-02	2013	2	5	May	2013-05	2	Thursday	0	FY2013/14	Autumn
20130503	2013-05-03	2013	2	5	May	2013-05	3	Friday	0	FY2013/14	Autumn
20130504	2013-05-04	2013	2	5	May	2013-05	4	Saturday	1	FY2013/14	Autumn
20130505	2013-05-05	2013	2	5	May	2013-05	5	Sunday	1	FY2013/14	Autumn
20130506	2013-05-06	2013	2	5	May	2013-05	6	Monday	0	FY2013/14	Autumn
20130507	2013-05-07	2013	2	5	May	2013-05	7	Tuesday	0	FY2013/14	Autumn
20130508	2013-05-08	2013	2	5	May	2013-05	8	Wednesday	0	FY2013/14	Autumn
20130509	2013-05-09	2013	2	5	May	2013-05	9	Thursday	0	FY2013/14	Autumn
20130510	2013-05-10	2013	2	5	May	2013-05	10	Friday	0	FY2013/14	Autumn
20130511	2013-05-11	2013	2	5	May	2013-05	11	Saturday	1	FY2013/14	Autumn
20130512	2013-05-12	2013	2	5	May	2013-05	12	Sunday	1	FY2013/14	Autumn
20130513	2013-05-13	2013	2	5	May	2013-05	13	Monday	0	FY2013/14	Autumn
20130514	2013-05-14	2013	2	5	May	2013-05	14	Tuesday	0	FY2013/14	Autumn
20130515	2013-05-15	2013	2	5	May	2013-05	15	Wednesday	0	FY2013/14	Autumn
20130516	2013-05-16	2013	2	5	May	2013-05	16	Thursday	0	FY2013/14	Autumn
20130517	2013-05-17	2013	2	5	May	2013-05	17	Friday	0	FY2013/14	Autumn
20130518	2013-05-18	2013	2	5	May	2013-05	18	Saturday	1	FY2013/14	Autumn
20130519	2013-05-19	2013	2	5	May	2013-05	19	Sunday	1	FY2013/14	Autumn
20130520	2013-05-20	2013	2	5	May	2013-05	20	Monday	0	FY2013/14	Autumn
20130521	2013-05-21	2013	2	5	May	2013-05	21	Tuesday	0	FY2013/14	Autumn
20130522	2013-05-22	2013	2	5	May	2013-05	22	Wednesday	0	FY2013/14	Autumn
20130523	2013-05-23	2013	2	5	May	2013-05	23	Thursday	0	FY2013/14	Autumn
20130524	2013-05-24	2013	2	5	May	2013-05	24	Friday	0	FY2013/14	Autumn
20130525	2013-05-25	2013	2	5	May	2013-05	25	Saturday	1	FY2013/14	Autumn
20130526	2013-05-26	2013	2	5	May	2013-05	26	Sunday	1	FY2013/14	Autumn
20130527	2013-05-27	2013	2	5	May	2013-05	27	Monday	0	FY2013/14	Autumn
20130528	2013-05-28	2013	2	5	May	2013-05	28	Tuesday	0	FY2013/14	Autumn
20130529	2013-05-29	2013	2	5	May	2013-05	29	Wednesday	0	FY2013/14	Autumn
20130530	2013-05-30	2013	2	5	May	2013-05	30	Thursday	0	FY2013/14	Autumn
20130531	2013-05-31	2013	2	5	May	2013-05	31	Friday	0	FY2013/14	Autumn
20130601	2013-06-01	2013	2	6	June	2013-06	1	Saturday	1	FY2013/14	Winter
20130602	2013-06-02	2013	2	6	June	2013-06	2	Sunday	1	FY2013/14	Winter
20130603	2013-06-03	2013	2	6	June	2013-06	3	Monday	0	FY2013/14	Winter
20130604	2013-06-04	2013	2	6	June	2013-06	4	Tuesday	0	FY2013/14	Winter
20130605	2013-06-05	2013	2	6	June	2013-06	5	Wednesday	0	FY2013/14	Winter
20130606	2013-06-06	2013	2	6	June	2013-06	6	Thursday	0	FY2013/14	Winter
20130607	2013-06-07	2013	2	6	June	2013-06	7	Friday	0	FY2013/14	Winter
20130608	2013-06-08	2013	2	6	June	2013-06	8	Saturday	1	FY2013/14	Winter
20130609	2013-06-09	2013	2	6	June	2013-06	9	Sunday	1	FY2013/14	Winter
20130610	2013-06-10	2013	2	6	June	2013-06	10	Monday	0	FY2013/14	Winter
20130611	2013-06-11	2013	2	6	June	2013-06	11	Tuesday	0	FY2013/14	Winter
20130612	2013-06-12	2013	2	6	June	2013-06	12	Wednesday	0	FY2013/14	Winter
20130613	2013-06-13	2013	2	6	June	2013-06	13	Thursday	0	FY2013/14	Winter
20130614	2013-06-14	2013	2	6	June	2013-06	14	Friday	0	FY2013/14	Winter
20130615	2013-06-15	2013	2	6	June	2013-06	15	Saturday	1	FY2013/14	Winter
20130616	2013-06-16	2013	2	6	June	2013-06	16	Sunday	1	FY2013/14	Winter
20130617	2013-06-17	2013	2	6	June	2013-06	17	Monday	0	FY2013/14	Winter
20130618	2013-06-18	2013	2	6	June	2013-06	18	Tuesday	0	FY2013/14	Winter
20130619	2013-06-19	2013	2	6	June	2013-06	19	Wednesday	0	FY2013/14	Winter
20130620	2013-06-20	2013	2	6	June	2013-06	20	Thursday	0	FY2013/14	Winter
20130621	2013-06-21	2013	2	6	June	2013-06	21	Friday	0	FY2013/14	Winter
20130622	2013-06-22	2013	2	6	June	2013-06	22	Saturday	1	FY2013/14	Winter
20130623	2013-06-23	2013	2	6	June	2013-06	23	Sunday	1	FY2013/14	Winter
20130624	2013-06-24	2013	2	6	June	2013-06	24	Monday	0	FY2013/14	Winter
20130625	2013-06-25	2013	2	6	June	2013-06	25	Tuesday	0	FY2013/14	Winter
20130626	2013-06-26	2013	2	6	June	2013-06	26	Wednesday	0	FY2013/14	Winter
20130627	2013-06-27	2013	2	6	June	2013-06	27	Thursday	0	FY2013/14	Winter
20130628	2013-06-28	2013	2	6	June	2013-06	28	Friday	0	FY2013/14	Winter
20130629	2013-06-29	2013	2	6	June	2013-06	29	Saturday	1	FY2013/14	Winter
20130630	2013-06-30	2013	2	6	June	2013-06	30	Sunday	1	FY2013/14	Winter
20130701	2013-07-01	2013	3	7	July	2013-07	1	Monday	0	FY2013/14	Winter
20130702	2013-07-02	2013	3	7	July	2013-07	2	Tuesday	0	FY2013/14	Winter
20130703	2013-07-03	2013	3	7	July	2013-07	3	Wednesday	0	FY2013/14	Winter
20130704	2013-07-04	2013	3	7	July	2013-07	4	Thursday	0	FY2013/14	Winter
20130705	2013-07-05	2013	3	7	July	2013-07	5	Friday	0	FY2013/14	Winter
20130706	2013-07-06	2013	3	7	July	2013-07	6	Saturday	1	FY2013/14	Winter
20130707	2013-07-07	2013	3	7	July	2013-07	7	Sunday	1	FY2013/14	Winter
20130708	2013-07-08	2013	3	7	July	2013-07	8	Monday	0	FY2013/14	Winter
20130709	2013-07-09	2013	3	7	July	2013-07	9	Tuesday	0	FY2013/14	Winter
20130710	2013-07-10	2013	3	7	July	2013-07	10	Wednesday	0	FY2013/14	Winter
20130711	2013-07-11	2013	3	7	July	2013-07	11	Thursday	0	FY2013/14	Winter
20130712	2013-07-12	2013	3	7	July	2013-07	12	Friday	0	FY2013/14	Winter
20130713	2013-07-13	2013	3	7	July	2013-07	13	Saturday	1	FY2013/14	Winter
20130714	2013-07-14	2013	3	7	July	2013-07	14	Sunday	1	FY2013/14	Winter
20130715	2013-07-15	2013	3	7	July	2013-07	15	Monday	0	FY2013/14	Winter
20130716	2013-07-16	2013	3	7	July	2013-07	16	Tuesday	0	FY2013/14	Winter
20130717	2013-07-17	2013	3	7	July	2013-07	17	Wednesday	0	FY2013/14	Winter
20130718	2013-07-18	2013	3	7	July	2013-07	18	Thursday	0	FY2013/14	Winter
20130719	2013-07-19	2013	3	7	July	2013-07	19	Friday	0	FY2013/14	Winter
20130720	2013-07-20	2013	3	7	July	2013-07	20	Saturday	1	FY2013/14	Winter
20130721	2013-07-21	2013	3	7	July	2013-07	21	Sunday	1	FY2013/14	Winter
20130722	2013-07-22	2013	3	7	July	2013-07	22	Monday	0	FY2013/14	Winter
20130723	2013-07-23	2013	3	7	July	2013-07	23	Tuesday	0	FY2013/14	Winter
20130724	2013-07-24	2013	3	7	July	2013-07	24	Wednesday	0	FY2013/14	Winter
20130725	2013-07-25	2013	3	7	July	2013-07	25	Thursday	0	FY2013/14	Winter
20130726	2013-07-26	2013	3	7	July	2013-07	26	Friday	0	FY2013/14	Winter
20130727	2013-07-27	2013	3	7	July	2013-07	27	Saturday	1	FY2013/14	Winter
20130728	2013-07-28	2013	3	7	July	2013-07	28	Sunday	1	FY2013/14	Winter
20130729	2013-07-29	2013	3	7	July	2013-07	29	Monday	0	FY2013/14	Winter
20130730	2013-07-30	2013	3	7	July	2013-07	30	Tuesday	0	FY2013/14	Winter
20130731	2013-07-31	2013	3	7	July	2013-07	31	Wednesday	0	FY2013/14	Winter
20130801	2013-08-01	2013	3	8	August	2013-08	1	Thursday	0	FY2013/14	Winter
20130802	2013-08-02	2013	3	8	August	2013-08	2	Friday	0	FY2013/14	Winter
20130803	2013-08-03	2013	3	8	August	2013-08	3	Saturday	1	FY2013/14	Winter
20130804	2013-08-04	2013	3	8	August	2013-08	4	Sunday	1	FY2013/14	Winter
20130805	2013-08-05	2013	3	8	August	2013-08	5	Monday	0	FY2013/14	Winter
20130806	2013-08-06	2013	3	8	August	2013-08	6	Tuesday	0	FY2013/14	Winter
20130807	2013-08-07	2013	3	8	August	2013-08	7	Wednesday	0	FY2013/14	Winter
20130808	2013-08-08	2013	3	8	August	2013-08	8	Thursday	0	FY2013/14	Winter
20130809	2013-08-09	2013	3	8	August	2013-08	9	Friday	0	FY2013/14	Winter
20130810	2013-08-10	2013	3	8	August	2013-08	10	Saturday	1	FY2013/14	Winter
20130811	2013-08-11	2013	3	8	August	2013-08	11	Sunday	1	FY2013/14	Winter
20130812	2013-08-12	2013	3	8	August	2013-08	12	Monday	0	FY2013/14	Winter
20130813	2013-08-13	2013	3	8	August	2013-08	13	Tuesday	0	FY2013/14	Winter
20130814	2013-08-14	2013	3	8	August	2013-08	14	Wednesday	0	FY2013/14	Winter
20130815	2013-08-15	2013	3	8	August	2013-08	15	Thursday	0	FY2013/14	Winter
20130816	2013-08-16	2013	3	8	August	2013-08	16	Friday	0	FY2013/14	Winter
20130817	2013-08-17	2013	3	8	August	2013-08	17	Saturday	1	FY2013/14	Winter
20130818	2013-08-18	2013	3	8	August	2013-08	18	Sunday	1	FY2013/14	Winter
20130819	2013-08-19	2013	3	8	August	2013-08	19	Monday	0	FY2013/14	Winter
20130820	2013-08-20	2013	3	8	August	2013-08	20	Tuesday	0	FY2013/14	Winter
20130821	2013-08-21	2013	3	8	August	2013-08	21	Wednesday	0	FY2013/14	Winter
20130822	2013-08-22	2013	3	8	August	2013-08	22	Thursday	0	FY2013/14	Winter
20130823	2013-08-23	2013	3	8	August	2013-08	23	Friday	0	FY2013/14	Winter
20130824	2013-08-24	2013	3	8	August	2013-08	24	Saturday	1	FY2013/14	Winter
20130825	2013-08-25	2013	3	8	August	2013-08	25	Sunday	1	FY2013/14	Winter
20130826	2013-08-26	2013	3	8	August	2013-08	26	Monday	0	FY2013/14	Winter
20130827	2013-08-27	2013	3	8	August	2013-08	27	Tuesday	0	FY2013/14	Winter
20130828	2013-08-28	2013	3	8	August	2013-08	28	Wednesday	0	FY2013/14	Winter
20130829	2013-08-29	2013	3	8	August	2013-08	29	Thursday	0	FY2013/14	Winter
20130830	2013-08-30	2013	3	8	August	2013-08	30	Friday	0	FY2013/14	Winter
20130831	2013-08-31	2013	3	8	August	2013-08	31	Saturday	1	FY2013/14	Winter
20130901	2013-09-01	2013	3	9	September	2013-09	1	Sunday	1	FY2013/14	Spring
20130902	2013-09-02	2013	3	9	September	2013-09	2	Monday	0	FY2013/14	Spring
20130903	2013-09-03	2013	3	9	September	2013-09	3	Tuesday	0	FY2013/14	Spring
20130904	2013-09-04	2013	3	9	September	2013-09	4	Wednesday	0	FY2013/14	Spring
20130905	2013-09-05	2013	3	9	September	2013-09	5	Thursday	0	FY2013/14	Spring
20130906	2013-09-06	2013	3	9	September	2013-09	6	Friday	0	FY2013/14	Spring
20130907	2013-09-07	2013	3	9	September	2013-09	7	Saturday	1	FY2013/14	Spring
20130908	2013-09-08	2013	3	9	September	2013-09	8	Sunday	1	FY2013/14	Spring
20130909	2013-09-09	2013	3	9	September	2013-09	9	Monday	0	FY2013/14	Spring
20130910	2013-09-10	2013	3	9	September	2013-09	10	Tuesday	0	FY2013/14	Spring
20130911	2013-09-11	2013	3	9	September	2013-09	11	Wednesday	0	FY2013/14	Spring
20130912	2013-09-12	2013	3	9	September	2013-09	12	Thursday	0	FY2013/14	Spring
20130913	2013-09-13	2013	3	9	September	2013-09	13	Friday	0	FY2013/14	Spring
20130914	2013-09-14	2013	3	9	September	2013-09	14	Saturday	1	FY2013/14	Spring
20130915	2013-09-15	2013	3	9	September	2013-09	15	Sunday	1	FY2013/14	Spring
20130916	2013-09-16	2013	3	9	September	2013-09	16	Monday	0	FY2013/14	Spring
20130917	2013-09-17	2013	3	9	September	2013-09	17	Tuesday	0	FY2013/14	Spring
20130918	2013-09-18	2013	3	9	September	2013-09	18	Wednesday	0	FY2013/14	Spring
20130919	2013-09-19	2013	3	9	September	2013-09	19	Thursday	0	FY2013/14	Spring
20130920	2013-09-20	2013	3	9	September	2013-09	20	Friday	0	FY2013/14	Spring
20130921	2013-09-21	2013	3	9	September	2013-09	21	Saturday	1	FY2013/14	Spring
20130922	2013-09-22	2013	3	9	September	2013-09	22	Sunday	1	FY2013/14	Spring
20130923	2013-09-23	2013	3	9	September	2013-09	23	Monday	0	FY2013/14	Spring
20130924	2013-09-24	2013	3	9	September	2013-09	24	Tuesday	0	FY2013/14	Spring
20130925	2013-09-25	2013	3	9	September	2013-09	25	Wednesday	0	FY2013/14	Spring
20130926	2013-09-26	2013	3	9	September	2013-09	26	Thursday	0	FY2013/14	Spring
20130927	2013-09-27	2013	3	9	September	2013-09	27	Friday	0	FY2013/14	Spring
20130928	2013-09-28	2013	3	9	September	2013-09	28	Saturday	1	FY2013/14	Spring
20130929	2013-09-29	2013	3	9	September	2013-09	29	Sunday	1	FY2013/14	Spring
20130930	2013-09-30	2013	3	9	September	2013-09	30	Monday	0	FY2013/14	Spring
20131001	2013-10-01	2013	4	10	October	2013-10	1	Tuesday	0	FY2013/14	Spring
20131002	2013-10-02	2013	4	10	October	2013-10	2	Wednesday	0	FY2013/14	Spring
20131003	2013-10-03	2013	4	10	October	2013-10	3	Thursday	0	FY2013/14	Spring
20131004	2013-10-04	2013	4	10	October	2013-10	4	Friday	0	FY2013/14	Spring
20131005	2013-10-05	2013	4	10	October	2013-10	5	Saturday	1	FY2013/14	Spring
20131006	2013-10-06	2013	4	10	October	2013-10	6	Sunday	1	FY2013/14	Spring
20131007	2013-10-07	2013	4	10	October	2013-10	7	Monday	0	FY2013/14	Spring
20131008	2013-10-08	2013	4	10	October	2013-10	8	Tuesday	0	FY2013/14	Spring
20131009	2013-10-09	2013	4	10	October	2013-10	9	Wednesday	0	FY2013/14	Spring
20131010	2013-10-10	2013	4	10	October	2013-10	10	Thursday	0	FY2013/14	Spring
20131011	2013-10-11	2013	4	10	October	2013-10	11	Friday	0	FY2013/14	Spring
20131012	2013-10-12	2013	4	10	October	2013-10	12	Saturday	1	FY2013/14	Spring
20131013	2013-10-13	2013	4	10	October	2013-10	13	Sunday	1	FY2013/14	Spring
20131014	2013-10-14	2013	4	10	October	2013-10	14	Monday	0	FY2013/14	Spring
20131015	2013-10-15	2013	4	10	October	2013-10	15	Tuesday	0	FY2013/14	Spring
20131016	2013-10-16	2013	4	10	October	2013-10	16	Wednesday	0	FY2013/14	Spring
20131017	2013-10-17	2013	4	10	October	2013-10	17	Thursday	0	FY2013/14	Spring
20131018	2013-10-18	2013	4	10	October	2013-10	18	Friday	0	FY2013/14	Spring
20131019	2013-10-19	2013	4	10	October	2013-10	19	Saturday	1	FY2013/14	Spring
20131020	2013-10-20	2013	4	10	October	2013-10	20	Sunday	1	FY2013/14	Spring
20131021	2013-10-21	2013	4	10	October	2013-10	21	Monday	0	FY2013/14	Spring
20131022	2013-10-22	2013	4	10	October	2013-10	22	Tuesday	0	FY2013/14	Spring
20131023	2013-10-23	2013	4	10	October	2013-10	23	Wednesday	0	FY2013/14	Spring
20131024	2013-10-24	2013	4	10	October	2013-10	24	Thursday	0	FY2013/14	Spring
20131025	2013-10-25	2013	4	10	October	2013-10	25	Friday	0	FY2013/14	Spring
20131026	2013-10-26	2013	4	10	October	2013-10	26	Saturday	1	FY2013/14	Spring
20131027	2013-10-27	2013	4	10	October	2013-10	27	Sunday	1	FY2013/14	Spring
20131028	2013-10-28	2013	4	10	October	2013-10	28	Monday	0	FY2013/14	Spring
20131029	2013-10-29	2013	4	10	October	2013-10	29	Tuesday	0	FY2013/14	Spring
20131030	2013-10-30	2013	4	10	October	2013-10	30	Wednesday	0	FY2013/14	Spring
20131031	2013-10-31	2013	4	10	October	2013-10	31	Thursday	0	FY2013/14	Spring
20131101	2013-11-01	2013	4	11	November	2013-11	1	Friday	0	FY2013/14	Spring
20131102	2013-11-02	2013	4	11	November	2013-11	2	Saturday	1	FY2013/14	Spring
20131103	2013-11-03	2013	4	11	November	2013-11	3	Sunday	1	FY2013/14	Spring
20131104	2013-11-04	2013	4	11	November	2013-11	4	Monday	0	FY2013/14	Spring
20131105	2013-11-05	2013	4	11	November	2013-11	5	Tuesday	0	FY2013/14	Spring
20131106	2013-11-06	2013	4	11	November	2013-11	6	Wednesday	0	FY2013/14	Spring
20131107	2013-11-07	2013	4	11	November	2013-11	7	Thursday	0	FY2013/14	Spring
20131108	2013-11-08	2013	4	11	November	2013-11	8	Friday	0	FY2013/14	Spring
20131109	2013-11-09	2013	4	11	November	2013-11	9	Saturday	1	FY2013/14	Spring
20131110	2013-11-10	2013	4	11	November	2013-11	10	Sunday	1	FY2013/14	Spring
20131111	2013-11-11	2013	4	11	November	2013-11	11	Monday	0	FY2013/14	Spring
20131112	2013-11-12	2013	4	11	November	2013-11	12	Tuesday	0	FY2013/14	Spring
20131113	2013-11-13	2013	4	11	November	2013-11	13	Wednesday	0	FY2013/14	Spring
20131114	2013-11-14	2013	4	11	November	2013-11	14	Thursday	0	FY2013/14	Spring
20131115	2013-11-15	2013	4	11	November	2013-11	15	Friday	0	FY2013/14	Spring
20131116	2013-11-16	2013	4	11	November	2013-11	16	Saturday	1	FY2013/14	Spring
20131117	2013-11-17	2013	4	11	November	2013-11	17	Sunday	1	FY2013/14	Spring
20131118	2013-11-18	2013	4	11	November	2013-11	18	Monday	0	FY2013/14	Spring
20131119	2013-11-19	2013	4	11	November	2013-11	19	Tuesday	0	FY2013/14	Spring
20131120	2013-11-20	2013	4	11	November	2013-11	20	Wednesday	0	FY2013/14	Spring
20131121	2013-11-21	2013	4	11	November	2013-11	21	Thursday	0	FY2013/14	Spring
20131122	2013-11-22	2013	4	11	November	2013-11	22	Friday	0	FY2013/14	Spring
20131123	2013-11-23	2013	4	11	November	2013-11	23	Saturday	1	FY2013/14	Spring
20131124	2013-11-24	2013	4	11	November	2013-11	24	Sunday	1	FY2013/14	Spring
20131125	2013-11-25	2013	4	11	November	2013-11	25	Monday	0	FY2013/14	Spring
20131126	2013-11-26	2013	4	11	November	2013-11	26	Tuesday	0	FY2013/14	Spring
20131127	2013-11-27	2013	4	11	November	2013-11	27	Wednesday	0	FY2013/14	Spring
20131128	2013-11-28	2013	4	11	November	2013-11	28	Thursday	0	FY2013/14	Spring
20131129	2013-11-29	2013	4	11	November	2013-11	29	Friday	0	FY2013/14	Spring
20131130	2013-11-30	2013	4	11	November	2013-11	30	Saturday	1	FY2013/14	Spring
20131201	2013-12-01	2013	4	12	December	2013-12	1	Sunday	1	FY2013/14	Summer
20131202	2013-12-02	2013	4	12	December	2013-12	2	Monday	0	FY2013/14	Summer
20131203	2013-12-03	2013	4	12	December	2013-12	3	Tuesday	0	FY2013/14	Summer
20131204	2013-12-04	2013	4	12	December	2013-12	4	Wednesday	0	FY2013/14	Summer
20131205	2013-12-05	2013	4	12	December	2013-12	5	Thursday	0	FY2013/14	Summer
20131206	2013-12-06	2013	4	12	December	2013-12	6	Friday	0	FY2013/14	Summer
20131207	2013-12-07	2013	4	12	December	2013-12	7	Saturday	1	FY2013/14	Summer
20131208	2013-12-08	2013	4	12	December	2013-12	8	Sunday	1	FY2013/14	Summer
20131209	2013-12-09	2013	4	12	December	2013-12	9	Monday	0	FY2013/14	Summer
20131210	2013-12-10	2013	4	12	December	2013-12	10	Tuesday	0	FY2013/14	Summer
20131211	2013-12-11	2013	4	12	December	2013-12	11	Wednesday	0	FY2013/14	Summer
20131212	2013-12-12	2013	4	12	December	2013-12	12	Thursday	0	FY2013/14	Summer
20131213	2013-12-13	2013	4	12	December	2013-12	13	Friday	0	FY2013/14	Summer
20131214	2013-12-14	2013	4	12	December	2013-12	14	Saturday	1	FY2013/14	Summer
20131215	2013-12-15	2013	4	12	December	2013-12	15	Sunday	1	FY2013/14	Summer
20131216	2013-12-16	2013	4	12	December	2013-12	16	Monday	0	FY2013/14	Summer
20131217	2013-12-17	2013	4	12	December	2013-12	17	Tuesday	0	FY2013/14	Summer
20131218	2013-12-18	2013	4	12	December	2013-12	18	Wednesday	0	FY2013/14	Summer
20131219	2013-12-19	2013	4	12	December	2013-12	19	Thursday	0	FY2013/14	Summer
20131220	2013-12-20	2013	4	12	December	2013-12	20	Friday	0	FY2013/14	Summer
20131221	2013-12-21	2013	4	12	December	2013-12	21	Saturday	1	FY2013/14	Summer
20131222	2013-12-22	2013	4	12	December	2013-12	22	Sunday	1	FY2013/14	Summer
20131223	2013-12-23	2013	4	12	December	2013-12	23	Monday	0	FY2013/14	Summer
20131224	2013-12-24	2013	4	12	December	2013-12	24	Tuesday	0	FY2013/14	Summer
20131225	2013-12-25	2013	4	12	December	2013-12	25	Wednesday	0	FY2013/14	Summer
20131226	2013-12-26	2013	4	12	December	2013-12	26	Thursday	0	FY2013/14	Summer
20131227	2013-12-27	2013	4	12	December	2013-12	27	Friday	0	FY2013/14	Summer
20131228	2013-12-28	2013	4	12	December	2013-12	28	Saturday	1	FY2013/14	Summer
20131229	2013-12-29	2013	4	12	December	2013-12	29	Sunday	1	FY2013/14	Summer
20131230	2013-12-30	2013	4	12	December	2013-12	30	Monday	0	FY2013/14	Summer
20131231	2013-12-31	2013	4	12	December	2013-12	31	Tuesday	0	FY2013/14	Summer
20140101	2014-01-01	2014	1	1	January	2014-01	1	Wednesday	0	FY2013/14	Summer
20140102	2014-01-02	2014	1	1	January	2014-01	2	Thursday	0	FY2013/14	Summer
20140103	2014-01-03	2014	1	1	January	2014-01	3	Friday	0	FY2013/14	Summer
20140104	2014-01-04	2014	1	1	January	2014-01	4	Saturday	1	FY2013/14	Summer
20140105	2014-01-05	2014	1	1	January	2014-01	5	Sunday	1	FY2013/14	Summer
20140106	2014-01-06	2014	1	1	January	2014-01	6	Monday	0	FY2013/14	Summer
20140107	2014-01-07	2014	1	1	January	2014-01	7	Tuesday	0	FY2013/14	Summer
20140108	2014-01-08	2014	1	1	January	2014-01	8	Wednesday	0	FY2013/14	Summer
20140109	2014-01-09	2014	1	1	January	2014-01	9	Thursday	0	FY2013/14	Summer
20140110	2014-01-10	2014	1	1	January	2014-01	10	Friday	0	FY2013/14	Summer
20140111	2014-01-11	2014	1	1	January	2014-01	11	Saturday	1	FY2013/14	Summer
20140112	2014-01-12	2014	1	1	January	2014-01	12	Sunday	1	FY2013/14	Summer
20140113	2014-01-13	2014	1	1	January	2014-01	13	Monday	0	FY2013/14	Summer
20140114	2014-01-14	2014	1	1	January	2014-01	14	Tuesday	0	FY2013/14	Summer
20140115	2014-01-15	2014	1	1	January	2014-01	15	Wednesday	0	FY2013/14	Summer
20140116	2014-01-16	2014	1	1	January	2014-01	16	Thursday	0	FY2013/14	Summer
20140117	2014-01-17	2014	1	1	January	2014-01	17	Friday	0	FY2013/14	Summer
20140118	2014-01-18	2014	1	1	January	2014-01	18	Saturday	1	FY2013/14	Summer
20140119	2014-01-19	2014	1	1	January	2014-01	19	Sunday	1	FY2013/14	Summer
20140120	2014-01-20	2014	1	1	January	2014-01	20	Monday	0	FY2013/14	Summer
20140121	2014-01-21	2014	1	1	January	2014-01	21	Tuesday	0	FY2013/14	Summer
20140122	2014-01-22	2014	1	1	January	2014-01	22	Wednesday	0	FY2013/14	Summer
20140123	2014-01-23	2014	1	1	January	2014-01	23	Thursday	0	FY2013/14	Summer
20140124	2014-01-24	2014	1	1	January	2014-01	24	Friday	0	FY2013/14	Summer
20140125	2014-01-25	2014	1	1	January	2014-01	25	Saturday	1	FY2013/14	Summer
20140126	2014-01-26	2014	1	1	January	2014-01	26	Sunday	1	FY2013/14	Summer
20140127	2014-01-27	2014	1	1	January	2014-01	27	Monday	0	FY2013/14	Summer
20140128	2014-01-28	2014	1	1	January	2014-01	28	Tuesday	0	FY2013/14	Summer
20140129	2014-01-29	2014	1	1	January	2014-01	29	Wednesday	0	FY2013/14	Summer
20140130	2014-01-30	2014	1	1	January	2014-01	30	Thursday	0	FY2013/14	Summer
20140131	2014-01-31	2014	1	1	January	2014-01	31	Friday	0	FY2013/14	Summer
20140201	2014-02-01	2014	1	2	February	2014-02	1	Saturday	1	FY2013/14	Summer
20140202	2014-02-02	2014	1	2	February	2014-02	2	Sunday	1	FY2013/14	Summer
20140203	2014-02-03	2014	1	2	February	2014-02	3	Monday	0	FY2013/14	Summer
20140204	2014-02-04	2014	1	2	February	2014-02	4	Tuesday	0	FY2013/14	Summer
20140205	2014-02-05	2014	1	2	February	2014-02	5	Wednesday	0	FY2013/14	Summer
20140206	2014-02-06	2014	1	2	February	2014-02	6	Thursday	0	FY2013/14	Summer
20140207	2014-02-07	2014	1	2	February	2014-02	7	Friday	0	FY2013/14	Summer
20140208	2014-02-08	2014	1	2	February	2014-02	8	Saturday	1	FY2013/14	Summer
20140209	2014-02-09	2014	1	2	February	2014-02	9	Sunday	1	FY2013/14	Summer
20140210	2014-02-10	2014	1	2	February	2014-02	10	Monday	0	FY2013/14	Summer
20140211	2014-02-11	2014	1	2	February	2014-02	11	Tuesday	0	FY2013/14	Summer
20140212	2014-02-12	2014	1	2	February	2014-02	12	Wednesday	0	FY2013/14	Summer
20140213	2014-02-13	2014	1	2	February	2014-02	13	Thursday	0	FY2013/14	Summer
20140214	2014-02-14	2014	1	2	February	2014-02	14	Friday	0	FY2013/14	Summer
20140215	2014-02-15	2014	1	2	February	2014-02	15	Saturday	1	FY2013/14	Summer
20140216	2014-02-16	2014	1	2	February	2014-02	16	Sunday	1	FY2013/14	Summer
20140217	2014-02-17	2014	1	2	February	2014-02	17	Monday	0	FY2013/14	Summer
20140218	2014-02-18	2014	1	2	February	2014-02	18	Tuesday	0	FY2013/14	Summer
20140219	2014-02-19	2014	1	2	February	2014-02	19	Wednesday	0	FY2013/14	Summer
20140220	2014-02-20	2014	1	2	February	2014-02	20	Thursday	0	FY2013/14	Summer
20140221	2014-02-21	2014	1	2	February	2014-02	21	Friday	0	FY2013/14	Summer
20140222	2014-02-22	2014	1	2	February	2014-02	22	Saturday	1	FY2013/14	Summer
20140223	2014-02-23	2014	1	2	February	2014-02	23	Sunday	1	FY2013/14	Summer
20140224	2014-02-24	2014	1	2	February	2014-02	24	Monday	0	FY2013/14	Summer
20140225	2014-02-25	2014	1	2	February	2014-02	25	Tuesday	0	FY2013/14	Summer
20140226	2014-02-26	2014	1	2	February	2014-02	26	Wednesday	0	FY2013/14	Summer
20140227	2014-02-27	2014	1	2	February	2014-02	27	Thursday	0	FY2013/14	Summer
20140228	2014-02-28	2014	1	2	February	2014-02	28	Friday	0	FY2013/14	Summer
20140301	2014-03-01	2014	1	3	March	2014-03	1	Saturday	1	FY2013/14	Autumn
20140302	2014-03-02	2014	1	3	March	2014-03	2	Sunday	1	FY2013/14	Autumn
20140303	2014-03-03	2014	1	3	March	2014-03	3	Monday	0	FY2013/14	Autumn
20140304	2014-03-04	2014	1	3	March	2014-03	4	Tuesday	0	FY2013/14	Autumn
20140305	2014-03-05	2014	1	3	March	2014-03	5	Wednesday	0	FY2013/14	Autumn
20140306	2014-03-06	2014	1	3	March	2014-03	6	Thursday	0	FY2013/14	Autumn
20140307	2014-03-07	2014	1	3	March	2014-03	7	Friday	0	FY2013/14	Autumn
20140308	2014-03-08	2014	1	3	March	2014-03	8	Saturday	1	FY2013/14	Autumn
20140309	2014-03-09	2014	1	3	March	2014-03	9	Sunday	1	FY2013/14	Autumn
20140310	2014-03-10	2014	1	3	March	2014-03	10	Monday	0	FY2013/14	Autumn
20140311	2014-03-11	2014	1	3	March	2014-03	11	Tuesday	0	FY2013/14	Autumn
20140312	2014-03-12	2014	1	3	March	2014-03	12	Wednesday	0	FY2013/14	Autumn
20140313	2014-03-13	2014	1	3	March	2014-03	13	Thursday	0	FY2013/14	Autumn
20140314	2014-03-14	2014	1	3	March	2014-03	14	Friday	0	FY2013/14	Autumn
20140315	2014-03-15	2014	1	3	March	2014-03	15	Saturday	1	FY2013/14	Autumn
20140316	2014-03-16	2014	1	3	March	2014-03	16	Sunday	1	FY2013/14	Autumn
20140317	2014-03-17	2014	1	3	March	2014-03	17	Monday	0	FY2013/14	Autumn
20140318	2014-03-18	2014	1	3	March	2014-03	18	Tuesday	0	FY2013/14	Autumn
20140319	2014-03-19	2014	1	3	March	2014-03	19	Wednesday	0	FY2013/14	Autumn
20140320	2014-03-20	2014	1	3	March	2014-03	20	Thursday	0	FY2013/14	Autumn
20140321	2014-03-21	2014	1	3	March	2014-03	21	Friday	0	FY2013/14	Autumn
20140322	2014-03-22	2014	1	3	March	2014-03	22	Saturday	1	FY2013/14	Autumn
20140323	2014-03-23	2014	1	3	March	2014-03	23	Sunday	1	FY2013/14	Autumn
20140324	2014-03-24	2014	1	3	March	2014-03	24	Monday	0	FY2013/14	Autumn
20140325	2014-03-25	2014	1	3	March	2014-03	25	Tuesday	0	FY2013/14	Autumn
20140326	2014-03-26	2014	1	3	March	2014-03	26	Wednesday	0	FY2013/14	Autumn
20140327	2014-03-27	2014	1	3	March	2014-03	27	Thursday	0	FY2013/14	Autumn
20140328	2014-03-28	2014	1	3	March	2014-03	28	Friday	0	FY2013/14	Autumn
20140329	2014-03-29	2014	1	3	March	2014-03	29	Saturday	1	FY2013/14	Autumn
20140330	2014-03-30	2014	1	3	March	2014-03	30	Sunday	1	FY2013/14	Autumn
20140331	2014-03-31	2014	1	3	March	2014-03	31	Monday	0	FY2013/14	Autumn
20140401	2014-04-01	2014	2	4	April	2014-04	1	Tuesday	0	FY2014/15	Autumn
20140402	2014-04-02	2014	2	4	April	2014-04	2	Wednesday	0	FY2014/15	Autumn
20140403	2014-04-03	2014	2	4	April	2014-04	3	Thursday	0	FY2014/15	Autumn
20140404	2014-04-04	2014	2	4	April	2014-04	4	Friday	0	FY2014/15	Autumn
20140405	2014-04-05	2014	2	4	April	2014-04	5	Saturday	1	FY2014/15	Autumn
20140406	2014-04-06	2014	2	4	April	2014-04	6	Sunday	1	FY2014/15	Autumn
20140407	2014-04-07	2014	2	4	April	2014-04	7	Monday	0	FY2014/15	Autumn
20140408	2014-04-08	2014	2	4	April	2014-04	8	Tuesday	0	FY2014/15	Autumn
20140409	2014-04-09	2014	2	4	April	2014-04	9	Wednesday	0	FY2014/15	Autumn
20140410	2014-04-10	2014	2	4	April	2014-04	10	Thursday	0	FY2014/15	Autumn
20140411	2014-04-11	2014	2	4	April	2014-04	11	Friday	0	FY2014/15	Autumn
20140412	2014-04-12	2014	2	4	April	2014-04	12	Saturday	1	FY2014/15	Autumn
20140413	2014-04-13	2014	2	4	April	2014-04	13	Sunday	1	FY2014/15	Autumn
20140414	2014-04-14	2014	2	4	April	2014-04	14	Monday	0	FY2014/15	Autumn
20140415	2014-04-15	2014	2	4	April	2014-04	15	Tuesday	0	FY2014/15	Autumn
20140416	2014-04-16	2014	2	4	April	2014-04	16	Wednesday	0	FY2014/15	Autumn
20140417	2014-04-17	2014	2	4	April	2014-04	17	Thursday	0	FY2014/15	Autumn
20140418	2014-04-18	2014	2	4	April	2014-04	18	Friday	0	FY2014/15	Autumn
20140419	2014-04-19	2014	2	4	April	2014-04	19	Saturday	1	FY2014/15	Autumn
20140420	2014-04-20	2014	2	4	April	2014-04	20	Sunday	1	FY2014/15	Autumn
20140421	2014-04-21	2014	2	4	April	2014-04	21	Monday	0	FY2014/15	Autumn
20140422	2014-04-22	2014	2	4	April	2014-04	22	Tuesday	0	FY2014/15	Autumn
20140423	2014-04-23	2014	2	4	April	2014-04	23	Wednesday	0	FY2014/15	Autumn
20140424	2014-04-24	2014	2	4	April	2014-04	24	Thursday	0	FY2014/15	Autumn
20140425	2014-04-25	2014	2	4	April	2014-04	25	Friday	0	FY2014/15	Autumn
20140426	2014-04-26	2014	2	4	April	2014-04	26	Saturday	1	FY2014/15	Autumn
20140427	2014-04-27	2014	2	4	April	2014-04	27	Sunday	1	FY2014/15	Autumn
20140428	2014-04-28	2014	2	4	April	2014-04	28	Monday	0	FY2014/15	Autumn
20140429	2014-04-29	2014	2	4	April	2014-04	29	Tuesday	0	FY2014/15	Autumn
20140430	2014-04-30	2014	2	4	April	2014-04	30	Wednesday	0	FY2014/15	Autumn
20140501	2014-05-01	2014	2	5	May	2014-05	1	Thursday	0	FY2014/15	Autumn
20140502	2014-05-02	2014	2	5	May	2014-05	2	Friday	0	FY2014/15	Autumn
20140503	2014-05-03	2014	2	5	May	2014-05	3	Saturday	1	FY2014/15	Autumn
20140504	2014-05-04	2014	2	5	May	2014-05	4	Sunday	1	FY2014/15	Autumn
20140505	2014-05-05	2014	2	5	May	2014-05	5	Monday	0	FY2014/15	Autumn
20140506	2014-05-06	2014	2	5	May	2014-05	6	Tuesday	0	FY2014/15	Autumn
20140507	2014-05-07	2014	2	5	May	2014-05	7	Wednesday	0	FY2014/15	Autumn
20140508	2014-05-08	2014	2	5	May	2014-05	8	Thursday	0	FY2014/15	Autumn
20140509	2014-05-09	2014	2	5	May	2014-05	9	Friday	0	FY2014/15	Autumn
20140510	2014-05-10	2014	2	5	May	2014-05	10	Saturday	1	FY2014/15	Autumn
20140511	2014-05-11	2014	2	5	May	2014-05	11	Sunday	1	FY2014/15	Autumn
20140512	2014-05-12	2014	2	5	May	2014-05	12	Monday	0	FY2014/15	Autumn
20140513	2014-05-13	2014	2	5	May	2014-05	13	Tuesday	0	FY2014/15	Autumn
20140514	2014-05-14	2014	2	5	May	2014-05	14	Wednesday	0	FY2014/15	Autumn
20140515	2014-05-15	2014	2	5	May	2014-05	15	Thursday	0	FY2014/15	Autumn
20140516	2014-05-16	2014	2	5	May	2014-05	16	Friday	0	FY2014/15	Autumn
20140517	2014-05-17	2014	2	5	May	2014-05	17	Saturday	1	FY2014/15	Autumn
20140518	2014-05-18	2014	2	5	May	2014-05	18	Sunday	1	FY2014/15	Autumn
20140519	2014-05-19	2014	2	5	May	2014-05	19	Monday	0	FY2014/15	Autumn
20140520	2014-05-20	2014	2	5	May	2014-05	20	Tuesday	0	FY2014/15	Autumn
20140521	2014-05-21	2014	2	5	May	2014-05	21	Wednesday	0	FY2014/15	Autumn
20140522	2014-05-22	2014	2	5	May	2014-05	22	Thursday	0	FY2014/15	Autumn
20140523	2014-05-23	2014	2	5	May	2014-05	23	Friday	0	FY2014/15	Autumn
20140524	2014-05-24	2014	2	5	May	2014-05	24	Saturday	1	FY2014/15	Autumn
20140525	2014-05-25	2014	2	5	May	2014-05	25	Sunday	1	FY2014/15	Autumn
20140526	2014-05-26	2014	2	5	May	2014-05	26	Monday	0	FY2014/15	Autumn
20140527	2014-05-27	2014	2	5	May	2014-05	27	Tuesday	0	FY2014/15	Autumn
20140528	2014-05-28	2014	2	5	May	2014-05	28	Wednesday	0	FY2014/15	Autumn
20140529	2014-05-29	2014	2	5	May	2014-05	29	Thursday	0	FY2014/15	Autumn
20140530	2014-05-30	2014	2	5	May	2014-05	30	Friday	0	FY2014/15	Autumn
20140531	2014-05-31	2014	2	5	May	2014-05	31	Saturday	1	FY2014/15	Autumn
20140601	2014-06-01	2014	2	6	June	2014-06	1	Sunday	1	FY2014/15	Winter
20140602	2014-06-02	2014	2	6	June	2014-06	2	Monday	0	FY2014/15	Winter
20140603	2014-06-03	2014	2	6	June	2014-06	3	Tuesday	0	FY2014/15	Winter
20140604	2014-06-04	2014	2	6	June	2014-06	4	Wednesday	0	FY2014/15	Winter
20140605	2014-06-05	2014	2	6	June	2014-06	5	Thursday	0	FY2014/15	Winter
20140606	2014-06-06	2014	2	6	June	2014-06	6	Friday	0	FY2014/15	Winter
20140607	2014-06-07	2014	2	6	June	2014-06	7	Saturday	1	FY2014/15	Winter
20140608	2014-06-08	2014	2	6	June	2014-06	8	Sunday	1	FY2014/15	Winter
20140609	2014-06-09	2014	2	6	June	2014-06	9	Monday	0	FY2014/15	Winter
20140610	2014-06-10	2014	2	6	June	2014-06	10	Tuesday	0	FY2014/15	Winter
20140611	2014-06-11	2014	2	6	June	2014-06	11	Wednesday	0	FY2014/15	Winter
20140612	2014-06-12	2014	2	6	June	2014-06	12	Thursday	0	FY2014/15	Winter
20140613	2014-06-13	2014	2	6	June	2014-06	13	Friday	0	FY2014/15	Winter
20140614	2014-06-14	2014	2	6	June	2014-06	14	Saturday	1	FY2014/15	Winter
20140615	2014-06-15	2014	2	6	June	2014-06	15	Sunday	1	FY2014/15	Winter
20140616	2014-06-16	2014	2	6	June	2014-06	16	Monday	0	FY2014/15	Winter
20140617	2014-06-17	2014	2	6	June	2014-06	17	Tuesday	0	FY2014/15	Winter
20140618	2014-06-18	2014	2	6	June	2014-06	18	Wednesday	0	FY2014/15	Winter
20140619	2014-06-19	2014	2	6	June	2014-06	19	Thursday	0	FY2014/15	Winter
20140620	2014-06-20	2014	2	6	June	2014-06	20	Friday	0	FY2014/15	Winter
20140621	2014-06-21	2014	2	6	June	2014-06	21	Saturday	1	FY2014/15	Winter
20140622	2014-06-22	2014	2	6	June	2014-06	22	Sunday	1	FY2014/15	Winter
20140623	2014-06-23	2014	2	6	June	2014-06	23	Monday	0	FY2014/15	Winter
20140624	2014-06-24	2014	2	6	June	2014-06	24	Tuesday	0	FY2014/15	Winter
20140625	2014-06-25	2014	2	6	June	2014-06	25	Wednesday	0	FY2014/15	Winter
20140626	2014-06-26	2014	2	6	June	2014-06	26	Thursday	0	FY2014/15	Winter
20140627	2014-06-27	2014	2	6	June	2014-06	27	Friday	0	FY2014/15	Winter
20140628	2014-06-28	2014	2	6	June	2014-06	28	Saturday	1	FY2014/15	Winter
20140629	2014-06-29	2014	2	6	June	2014-06	29	Sunday	1	FY2014/15	Winter
20140630	2014-06-30	2014	2	6	June	2014-06	30	Monday	0	FY2014/15	Winter
20140701	2014-07-01	2014	3	7	July	2014-07	1	Tuesday	0	FY2014/15	Winter
20140702	2014-07-02	2014	3	7	July	2014-07	2	Wednesday	0	FY2014/15	Winter
20140703	2014-07-03	2014	3	7	July	2014-07	3	Thursday	0	FY2014/15	Winter
20140704	2014-07-04	2014	3	7	July	2014-07	4	Friday	0	FY2014/15	Winter
20140705	2014-07-05	2014	3	7	July	2014-07	5	Saturday	1	FY2014/15	Winter
20140706	2014-07-06	2014	3	7	July	2014-07	6	Sunday	1	FY2014/15	Winter
20140707	2014-07-07	2014	3	7	July	2014-07	7	Monday	0	FY2014/15	Winter
20140708	2014-07-08	2014	3	7	July	2014-07	8	Tuesday	0	FY2014/15	Winter
20140709	2014-07-09	2014	3	7	July	2014-07	9	Wednesday	0	FY2014/15	Winter
20140710	2014-07-10	2014	3	7	July	2014-07	10	Thursday	0	FY2014/15	Winter
20140711	2014-07-11	2014	3	7	July	2014-07	11	Friday	0	FY2014/15	Winter
20140712	2014-07-12	2014	3	7	July	2014-07	12	Saturday	1	FY2014/15	Winter
20140713	2014-07-13	2014	3	7	July	2014-07	13	Sunday	1	FY2014/15	Winter
20140714	2014-07-14	2014	3	7	July	2014-07	14	Monday	0	FY2014/15	Winter
20140715	2014-07-15	2014	3	7	July	2014-07	15	Tuesday	0	FY2014/15	Winter
20140716	2014-07-16	2014	3	7	July	2014-07	16	Wednesday	0	FY2014/15	Winter
20140717	2014-07-17	2014	3	7	July	2014-07	17	Thursday	0	FY2014/15	Winter
20140718	2014-07-18	2014	3	7	July	2014-07	18	Friday	0	FY2014/15	Winter
20140719	2014-07-19	2014	3	7	July	2014-07	19	Saturday	1	FY2014/15	Winter
20140720	2014-07-20	2014	3	7	July	2014-07	20	Sunday	1	FY2014/15	Winter
20140721	2014-07-21	2014	3	7	July	2014-07	21	Monday	0	FY2014/15	Winter
20140722	2014-07-22	2014	3	7	July	2014-07	22	Tuesday	0	FY2014/15	Winter
20140723	2014-07-23	2014	3	7	July	2014-07	23	Wednesday	0	FY2014/15	Winter
20140724	2014-07-24	2014	3	7	July	2014-07	24	Thursday	0	FY2014/15	Winter
20140725	2014-07-25	2014	3	7	July	2014-07	25	Friday	0	FY2014/15	Winter
20140726	2014-07-26	2014	3	7	July	2014-07	26	Saturday	1	FY2014/15	Winter
20140727	2014-07-27	2014	3	7	July	2014-07	27	Sunday	1	FY2014/15	Winter
20140728	2014-07-28	2014	3	7	July	2014-07	28	Monday	0	FY2014/15	Winter
20140729	2014-07-29	2014	3	7	July	2014-07	29	Tuesday	0	FY2014/15	Winter
20140730	2014-07-30	2014	3	7	July	2014-07	30	Wednesday	0	FY2014/15	Winter
20140731	2014-07-31	2014	3	7	July	2014-07	31	Thursday	0	FY2014/15	Winter
20140801	2014-08-01	2014	3	8	August	2014-08	1	Friday	0	FY2014/15	Winter
20140802	2014-08-02	2014	3	8	August	2014-08	2	Saturday	1	FY2014/15	Winter
20140803	2014-08-03	2014	3	8	August	2014-08	3	Sunday	1	FY2014/15	Winter
20140804	2014-08-04	2014	3	8	August	2014-08	4	Monday	0	FY2014/15	Winter
20140805	2014-08-05	2014	3	8	August	2014-08	5	Tuesday	0	FY2014/15	Winter
20140806	2014-08-06	2014	3	8	August	2014-08	6	Wednesday	0	FY2014/15	Winter
20140807	2014-08-07	2014	3	8	August	2014-08	7	Thursday	0	FY2014/15	Winter
20140808	2014-08-08	2014	3	8	August	2014-08	8	Friday	0	FY2014/15	Winter
20140809	2014-08-09	2014	3	8	August	2014-08	9	Saturday	1	FY2014/15	Winter
20140810	2014-08-10	2014	3	8	August	2014-08	10	Sunday	1	FY2014/15	Winter
20140811	2014-08-11	2014	3	8	August	2014-08	11	Monday	0	FY2014/15	Winter
20140812	2014-08-12	2014	3	8	August	2014-08	12	Tuesday	0	FY2014/15	Winter
20140813	2014-08-13	2014	3	8	August	2014-08	13	Wednesday	0	FY2014/15	Winter
20140814	2014-08-14	2014	3	8	August	2014-08	14	Thursday	0	FY2014/15	Winter
20140815	2014-08-15	2014	3	8	August	2014-08	15	Friday	0	FY2014/15	Winter
20140816	2014-08-16	2014	3	8	August	2014-08	16	Saturday	1	FY2014/15	Winter
20140817	2014-08-17	2014	3	8	August	2014-08	17	Sunday	1	FY2014/15	Winter
20140818	2014-08-18	2014	3	8	August	2014-08	18	Monday	0	FY2014/15	Winter
20140819	2014-08-19	2014	3	8	August	2014-08	19	Tuesday	0	FY2014/15	Winter
20140820	2014-08-20	2014	3	8	August	2014-08	20	Wednesday	0	FY2014/15	Winter
20140821	2014-08-21	2014	3	8	August	2014-08	21	Thursday	0	FY2014/15	Winter
20140822	2014-08-22	2014	3	8	August	2014-08	22	Friday	0	FY2014/15	Winter
20140823	2014-08-23	2014	3	8	August	2014-08	23	Saturday	1	FY2014/15	Winter
20140824	2014-08-24	2014	3	8	August	2014-08	24	Sunday	1	FY2014/15	Winter
20140825	2014-08-25	2014	3	8	August	2014-08	25	Monday	0	FY2014/15	Winter
20140826	2014-08-26	2014	3	8	August	2014-08	26	Tuesday	0	FY2014/15	Winter
20140827	2014-08-27	2014	3	8	August	2014-08	27	Wednesday	0	FY2014/15	Winter
20140828	2014-08-28	2014	3	8	August	2014-08	28	Thursday	0	FY2014/15	Winter
20140829	2014-08-29	2014	3	8	August	2014-08	29	Friday	0	FY2014/15	Winter
20140830	2014-08-30	2014	3	8	August	2014-08	30	Saturday	1	FY2014/15	Winter
20140831	2014-08-31	2014	3	8	August	2014-08	31	Sunday	1	FY2014/15	Winter
20140901	2014-09-01	2014	3	9	September	2014-09	1	Monday	0	FY2014/15	Spring
20140902	2014-09-02	2014	3	9	September	2014-09	2	Tuesday	0	FY2014/15	Spring
20140903	2014-09-03	2014	3	9	September	2014-09	3	Wednesday	0	FY2014/15	Spring
20140904	2014-09-04	2014	3	9	September	2014-09	4	Thursday	0	FY2014/15	Spring
20140905	2014-09-05	2014	3	9	September	2014-09	5	Friday	0	FY2014/15	Spring
20140906	2014-09-06	2014	3	9	September	2014-09	6	Saturday	1	FY2014/15	Spring
20140907	2014-09-07	2014	3	9	September	2014-09	7	Sunday	1	FY2014/15	Spring
20140908	2014-09-08	2014	3	9	September	2014-09	8	Monday	0	FY2014/15	Spring
20140909	2014-09-09	2014	3	9	September	2014-09	9	Tuesday	0	FY2014/15	Spring
20140910	2014-09-10	2014	3	9	September	2014-09	10	Wednesday	0	FY2014/15	Spring
20140911	2014-09-11	2014	3	9	September	2014-09	11	Thursday	0	FY2014/15	Spring
20140912	2014-09-12	2014	3	9	September	2014-09	12	Friday	0	FY2014/15	Spring
20140913	2014-09-13	2014	3	9	September	2014-09	13	Saturday	1	FY2014/15	Spring
20140914	2014-09-14	2014	3	9	September	2014-09	14	Sunday	1	FY2014/15	Spring
20140915	2014-09-15	2014	3	9	September	2014-09	15	Monday	0	FY2014/15	Spring
20140916	2014-09-16	2014	3	9	September	2014-09	16	Tuesday	0	FY2014/15	Spring
20140917	2014-09-17	2014	3	9	September	2014-09	17	Wednesday	0	FY2014/15	Spring
20140918	2014-09-18	2014	3	9	September	2014-09	18	Thursday	0	FY2014/15	Spring
20140919	2014-09-19	2014	3	9	September	2014-09	19	Friday	0	FY2014/15	Spring
20140920	2014-09-20	2014	3	9	September	2014-09	20	Saturday	1	FY2014/15	Spring
20140921	2014-09-21	2014	3	9	September	2014-09	21	Sunday	1	FY2014/15	Spring
20140922	2014-09-22	2014	3	9	September	2014-09	22	Monday	0	FY2014/15	Spring
20140923	2014-09-23	2014	3	9	September	2014-09	23	Tuesday	0	FY2014/15	Spring
20140924	2014-09-24	2014	3	9	September	2014-09	24	Wednesday	0	FY2014/15	Spring
20140925	2014-09-25	2014	3	9	September	2014-09	25	Thursday	0	FY2014/15	Spring
20140926	2014-09-26	2014	3	9	September	2014-09	26	Friday	0	FY2014/15	Spring
20140927	2014-09-27	2014	3	9	September	2014-09	27	Saturday	1	FY2014/15	Spring
20140928	2014-09-28	2014	3	9	September	2014-09	28	Sunday	1	FY2014/15	Spring
20140929	2014-09-29	2014	3	9	September	2014-09	29	Monday	0	FY2014/15	Spring
20140930	2014-09-30	2014	3	9	September	2014-09	30	Tuesday	0	FY2014/15	Spring
20141001	2014-10-01	2014	4	10	October	2014-10	1	Wednesday	0	FY2014/15	Spring
20141002	2014-10-02	2014	4	10	October	2014-10	2	Thursday	0	FY2014/15	Spring
20141003	2014-10-03	2014	4	10	October	2014-10	3	Friday	0	FY2014/15	Spring
20141004	2014-10-04	2014	4	10	October	2014-10	4	Saturday	1	FY2014/15	Spring
20141005	2014-10-05	2014	4	10	October	2014-10	5	Sunday	1	FY2014/15	Spring
20141006	2014-10-06	2014	4	10	October	2014-10	6	Monday	0	FY2014/15	Spring
20141007	2014-10-07	2014	4	10	October	2014-10	7	Tuesday	0	FY2014/15	Spring
20141008	2014-10-08	2014	4	10	October	2014-10	8	Wednesday	0	FY2014/15	Spring
20141009	2014-10-09	2014	4	10	October	2014-10	9	Thursday	0	FY2014/15	Spring
20141010	2014-10-10	2014	4	10	October	2014-10	10	Friday	0	FY2014/15	Spring
20141011	2014-10-11	2014	4	10	October	2014-10	11	Saturday	1	FY2014/15	Spring
20141012	2014-10-12	2014	4	10	October	2014-10	12	Sunday	1	FY2014/15	Spring
20141013	2014-10-13	2014	4	10	October	2014-10	13	Monday	0	FY2014/15	Spring
20141014	2014-10-14	2014	4	10	October	2014-10	14	Tuesday	0	FY2014/15	Spring
20141015	2014-10-15	2014	4	10	October	2014-10	15	Wednesday	0	FY2014/15	Spring
20141016	2014-10-16	2014	4	10	October	2014-10	16	Thursday	0	FY2014/15	Spring
20141017	2014-10-17	2014	4	10	October	2014-10	17	Friday	0	FY2014/15	Spring
20141018	2014-10-18	2014	4	10	October	2014-10	18	Saturday	1	FY2014/15	Spring
20141019	2014-10-19	2014	4	10	October	2014-10	19	Sunday	1	FY2014/15	Spring
20141020	2014-10-20	2014	4	10	October	2014-10	20	Monday	0	FY2014/15	Spring
20141021	2014-10-21	2014	4	10	October	2014-10	21	Tuesday	0	FY2014/15	Spring
20141022	2014-10-22	2014	4	10	October	2014-10	22	Wednesday	0	FY2014/15	Spring
20141023	2014-10-23	2014	4	10	October	2014-10	23	Thursday	0	FY2014/15	Spring
20141024	2014-10-24	2014	4	10	October	2014-10	24	Friday	0	FY2014/15	Spring
20141025	2014-10-25	2014	4	10	October	2014-10	25	Saturday	1	FY2014/15	Spring
20141026	2014-10-26	2014	4	10	October	2014-10	26	Sunday	1	FY2014/15	Spring
20141027	2014-10-27	2014	4	10	October	2014-10	27	Monday	0	FY2014/15	Spring
20141028	2014-10-28	2014	4	10	October	2014-10	28	Tuesday	0	FY2014/15	Spring
20141029	2014-10-29	2014	4	10	October	2014-10	29	Wednesday	0	FY2014/15	Spring
20141030	2014-10-30	2014	4	10	October	2014-10	30	Thursday	0	FY2014/15	Spring
20141031	2014-10-31	2014	4	10	October	2014-10	31	Friday	0	FY2014/15	Spring
20141101	2014-11-01	2014	4	11	November	2014-11	1	Saturday	1	FY2014/15	Spring
20141102	2014-11-02	2014	4	11	November	2014-11	2	Sunday	1	FY2014/15	Spring
20141103	2014-11-03	2014	4	11	November	2014-11	3	Monday	0	FY2014/15	Spring
20141104	2014-11-04	2014	4	11	November	2014-11	4	Tuesday	0	FY2014/15	Spring
20141105	2014-11-05	2014	4	11	November	2014-11	5	Wednesday	0	FY2014/15	Spring
20141106	2014-11-06	2014	4	11	November	2014-11	6	Thursday	0	FY2014/15	Spring
20141107	2014-11-07	2014	4	11	November	2014-11	7	Friday	0	FY2014/15	Spring
20141108	2014-11-08	2014	4	11	November	2014-11	8	Saturday	1	FY2014/15	Spring
20141109	2014-11-09	2014	4	11	November	2014-11	9	Sunday	1	FY2014/15	Spring
20141110	2014-11-10	2014	4	11	November	2014-11	10	Monday	0	FY2014/15	Spring
20141111	2014-11-11	2014	4	11	November	2014-11	11	Tuesday	0	FY2014/15	Spring
20141112	2014-11-12	2014	4	11	November	2014-11	12	Wednesday	0	FY2014/15	Spring
20141113	2014-11-13	2014	4	11	November	2014-11	13	Thursday	0	FY2014/15	Spring
20141114	2014-11-14	2014	4	11	November	2014-11	14	Friday	0	FY2014/15	Spring
20141115	2014-11-15	2014	4	11	November	2014-11	15	Saturday	1	FY2014/15	Spring
20141116	2014-11-16	2014	4	11	November	2014-11	16	Sunday	1	FY2014/15	Spring
20141117	2014-11-17	2014	4	11	November	2014-11	17	Monday	0	FY2014/15	Spring
20141118	2014-11-18	2014	4	11	November	2014-11	18	Tuesday	0	FY2014/15	Spring
20141119	2014-11-19	2014	4	11	November	2014-11	19	Wednesday	0	FY2014/15	Spring
20141120	2014-11-20	2014	4	11	November	2014-11	20	Thursday	0	FY2014/15	Spring
20141121	2014-11-21	2014	4	11	November	2014-11	21	Friday	0	FY2014/15	Spring
20141122	2014-11-22	2014	4	11	November	2014-11	22	Saturday	1	FY2014/15	Spring
20141123	2014-11-23	2014	4	11	November	2014-11	23	Sunday	1	FY2014/15	Spring
20141124	2014-11-24	2014	4	11	November	2014-11	24	Monday	0	FY2014/15	Spring
20141125	2014-11-25	2014	4	11	November	2014-11	25	Tuesday	0	FY2014/15	Spring
20141126	2014-11-26	2014	4	11	November	2014-11	26	Wednesday	0	FY2014/15	Spring
20141127	2014-11-27	2014	4	11	November	2014-11	27	Thursday	0	FY2014/15	Spring
20141128	2014-11-28	2014	4	11	November	2014-11	28	Friday	0	FY2014/15	Spring
20141129	2014-11-29	2014	4	11	November	2014-11	29	Saturday	1	FY2014/15	Spring
20141130	2014-11-30	2014	4	11	November	2014-11	30	Sunday	1	FY2014/15	Spring
20141201	2014-12-01	2014	4	12	December	2014-12	1	Monday	0	FY2014/15	Summer
20141202	2014-12-02	2014	4	12	December	2014-12	2	Tuesday	0	FY2014/15	Summer
20141203	2014-12-03	2014	4	12	December	2014-12	3	Wednesday	0	FY2014/15	Summer
20141204	2014-12-04	2014	4	12	December	2014-12	4	Thursday	0	FY2014/15	Summer
20141205	2014-12-05	2014	4	12	December	2014-12	5	Friday	0	FY2014/15	Summer
20141206	2014-12-06	2014	4	12	December	2014-12	6	Saturday	1	FY2014/15	Summer
20141207	2014-12-07	2014	4	12	December	2014-12	7	Sunday	1	FY2014/15	Summer
20141208	2014-12-08	2014	4	12	December	2014-12	8	Monday	0	FY2014/15	Summer
20141209	2014-12-09	2014	4	12	December	2014-12	9	Tuesday	0	FY2014/15	Summer
20141210	2014-12-10	2014	4	12	December	2014-12	10	Wednesday	0	FY2014/15	Summer
20141211	2014-12-11	2014	4	12	December	2014-12	11	Thursday	0	FY2014/15	Summer
20141212	2014-12-12	2014	4	12	December	2014-12	12	Friday	0	FY2014/15	Summer
20141213	2014-12-13	2014	4	12	December	2014-12	13	Saturday	1	FY2014/15	Summer
20141214	2014-12-14	2014	4	12	December	2014-12	14	Sunday	1	FY2014/15	Summer
20141215	2014-12-15	2014	4	12	December	2014-12	15	Monday	0	FY2014/15	Summer
20141216	2014-12-16	2014	4	12	December	2014-12	16	Tuesday	0	FY2014/15	Summer
20141217	2014-12-17	2014	4	12	December	2014-12	17	Wednesday	0	FY2014/15	Summer
20141218	2014-12-18	2014	4	12	December	2014-12	18	Thursday	0	FY2014/15	Summer
20141219	2014-12-19	2014	4	12	December	2014-12	19	Friday	0	FY2014/15	Summer
20141220	2014-12-20	2014	4	12	December	2014-12	20	Saturday	1	FY2014/15	Summer
20141221	2014-12-21	2014	4	12	December	2014-12	21	Sunday	1	FY2014/15	Summer
20141222	2014-12-22	2014	4	12	December	2014-12	22	Monday	0	FY2014/15	Summer
20141223	2014-12-23	2014	4	12	December	2014-12	23	Tuesday	0	FY2014/15	Summer
20141224	2014-12-24	2014	4	12	December	2014-12	24	Wednesday	0	FY2014/15	Summer
20141225	2014-12-25	2014	4	12	December	2014-12	25	Thursday	0	FY2014/15	Summer
20141226	2014-12-26	2014	4	12	December	2014-12	26	Friday	0	FY2014/15	Summer
20141227	2014-12-27	2014	4	12	December	2014-12	27	Saturday	1	FY2014/15	Summer
20141228	2014-12-28	2014	4	12	December	2014-12	28	Sunday	1	FY2014/15	Summer
20141229	2014-12-29	2014	4	12	December	2014-12	29	Monday	0	FY2014/15	Summer
20141230	2014-12-30	2014	4	12	December	2014-12	30	Tuesday	0	FY2014/15	Summer
20141231	2014-12-31	2014	4	12	December	2014-12	31	Wednesday	0	FY2014/15	Summer
20150101	2015-01-01	2015	1	1	January	2015-01	1	Thursday	0	FY2014/15	Summer
20150102	2015-01-02	2015	1	1	January	2015-01	2	Friday	0	FY2014/15	Summer
20150103	2015-01-03	2015	1	1	January	2015-01	3	Saturday	1	FY2014/15	Summer
20150104	2015-01-04	2015	1	1	January	2015-01	4	Sunday	1	FY2014/15	Summer
20150105	2015-01-05	2015	1	1	January	2015-01	5	Monday	0	FY2014/15	Summer
20150106	2015-01-06	2015	1	1	January	2015-01	6	Tuesday	0	FY2014/15	Summer
20150107	2015-01-07	2015	1	1	January	2015-01	7	Wednesday	0	FY2014/15	Summer
20150108	2015-01-08	2015	1	1	January	2015-01	8	Thursday	0	FY2014/15	Summer
20150109	2015-01-09	2015	1	1	January	2015-01	9	Friday	0	FY2014/15	Summer
20150110	2015-01-10	2015	1	1	January	2015-01	10	Saturday	1	FY2014/15	Summer
20150111	2015-01-11	2015	1	1	January	2015-01	11	Sunday	1	FY2014/15	Summer
20150112	2015-01-12	2015	1	1	January	2015-01	12	Monday	0	FY2014/15	Summer
20150113	2015-01-13	2015	1	1	January	2015-01	13	Tuesday	0	FY2014/15	Summer
20150114	2015-01-14	2015	1	1	January	2015-01	14	Wednesday	0	FY2014/15	Summer
20150115	2015-01-15	2015	1	1	January	2015-01	15	Thursday	0	FY2014/15	Summer
20150116	2015-01-16	2015	1	1	January	2015-01	16	Friday	0	FY2014/15	Summer
20150117	2015-01-17	2015	1	1	January	2015-01	17	Saturday	1	FY2014/15	Summer
20150118	2015-01-18	2015	1	1	January	2015-01	18	Sunday	1	FY2014/15	Summer
20150119	2015-01-19	2015	1	1	January	2015-01	19	Monday	0	FY2014/15	Summer
20150120	2015-01-20	2015	1	1	January	2015-01	20	Tuesday	0	FY2014/15	Summer
20150121	2015-01-21	2015	1	1	January	2015-01	21	Wednesday	0	FY2014/15	Summer
20150122	2015-01-22	2015	1	1	January	2015-01	22	Thursday	0	FY2014/15	Summer
20150123	2015-01-23	2015	1	1	January	2015-01	23	Friday	0	FY2014/15	Summer
20150124	2015-01-24	2015	1	1	January	2015-01	24	Saturday	1	FY2014/15	Summer
20150125	2015-01-25	2015	1	1	January	2015-01	25	Sunday	1	FY2014/15	Summer
20150126	2015-01-26	2015	1	1	January	2015-01	26	Monday	0	FY2014/15	Summer
20150127	2015-01-27	2015	1	1	January	2015-01	27	Tuesday	0	FY2014/15	Summer
20150128	2015-01-28	2015	1	1	January	2015-01	28	Wednesday	0	FY2014/15	Summer
20150129	2015-01-29	2015	1	1	January	2015-01	29	Thursday	0	FY2014/15	Summer
20150130	2015-01-30	2015	1	1	January	2015-01	30	Friday	0	FY2014/15	Summer
20150131	2015-01-31	2015	1	1	January	2015-01	31	Saturday	1	FY2014/15	Summer
20150201	2015-02-01	2015	1	2	February	2015-02	1	Sunday	1	FY2014/15	Summer
20150202	2015-02-02	2015	1	2	February	2015-02	2	Monday	0	FY2014/15	Summer
20150203	2015-02-03	2015	1	2	February	2015-02	3	Tuesday	0	FY2014/15	Summer
20150204	2015-02-04	2015	1	2	February	2015-02	4	Wednesday	0	FY2014/15	Summer
20150205	2015-02-05	2015	1	2	February	2015-02	5	Thursday	0	FY2014/15	Summer
20150206	2015-02-06	2015	1	2	February	2015-02	6	Friday	0	FY2014/15	Summer
20150207	2015-02-07	2015	1	2	February	2015-02	7	Saturday	1	FY2014/15	Summer
20150208	2015-02-08	2015	1	2	February	2015-02	8	Sunday	1	FY2014/15	Summer
20150209	2015-02-09	2015	1	2	February	2015-02	9	Monday	0	FY2014/15	Summer
20150210	2015-02-10	2015	1	2	February	2015-02	10	Tuesday	0	FY2014/15	Summer
20150211	2015-02-11	2015	1	2	February	2015-02	11	Wednesday	0	FY2014/15	Summer
20150212	2015-02-12	2015	1	2	February	2015-02	12	Thursday	0	FY2014/15	Summer
20150213	2015-02-13	2015	1	2	February	2015-02	13	Friday	0	FY2014/15	Summer
20150214	2015-02-14	2015	1	2	February	2015-02	14	Saturday	1	FY2014/15	Summer
20150215	2015-02-15	2015	1	2	February	2015-02	15	Sunday	1	FY2014/15	Summer
20150216	2015-02-16	2015	1	2	February	2015-02	16	Monday	0	FY2014/15	Summer
20150217	2015-02-17	2015	1	2	February	2015-02	17	Tuesday	0	FY2014/15	Summer
20150218	2015-02-18	2015	1	2	February	2015-02	18	Wednesday	0	FY2014/15	Summer
20150219	2015-02-19	2015	1	2	February	2015-02	19	Thursday	0	FY2014/15	Summer
20150220	2015-02-20	2015	1	2	February	2015-02	20	Friday	0	FY2014/15	Summer
20150221	2015-02-21	2015	1	2	February	2015-02	21	Saturday	1	FY2014/15	Summer
20150222	2015-02-22	2015	1	2	February	2015-02	22	Sunday	1	FY2014/15	Summer
20150223	2015-02-23	2015	1	2	February	2015-02	23	Monday	0	FY2014/15	Summer
20150224	2015-02-24	2015	1	2	February	2015-02	24	Tuesday	0	FY2014/15	Summer
20150225	2015-02-25	2015	1	2	February	2015-02	25	Wednesday	0	FY2014/15	Summer
20150226	2015-02-26	2015	1	2	February	2015-02	26	Thursday	0	FY2014/15	Summer
20150227	2015-02-27	2015	1	2	February	2015-02	27	Friday	0	FY2014/15	Summer
20150228	2015-02-28	2015	1	2	February	2015-02	28	Saturday	1	FY2014/15	Summer
20150301	2015-03-01	2015	1	3	March	2015-03	1	Sunday	1	FY2014/15	Autumn
20150302	2015-03-02	2015	1	3	March	2015-03	2	Monday	0	FY2014/15	Autumn
20150303	2015-03-03	2015	1	3	March	2015-03	3	Tuesday	0	FY2014/15	Autumn
20150304	2015-03-04	2015	1	3	March	2015-03	4	Wednesday	0	FY2014/15	Autumn
20150305	2015-03-05	2015	1	3	March	2015-03	5	Thursday	0	FY2014/15	Autumn
20150306	2015-03-06	2015	1	3	March	2015-03	6	Friday	0	FY2014/15	Autumn
20150307	2015-03-07	2015	1	3	March	2015-03	7	Saturday	1	FY2014/15	Autumn
20150308	2015-03-08	2015	1	3	March	2015-03	8	Sunday	1	FY2014/15	Autumn
20150309	2015-03-09	2015	1	3	March	2015-03	9	Monday	0	FY2014/15	Autumn
20150310	2015-03-10	2015	1	3	March	2015-03	10	Tuesday	0	FY2014/15	Autumn
20150311	2015-03-11	2015	1	3	March	2015-03	11	Wednesday	0	FY2014/15	Autumn
20150312	2015-03-12	2015	1	3	March	2015-03	12	Thursday	0	FY2014/15	Autumn
20150313	2015-03-13	2015	1	3	March	2015-03	13	Friday	0	FY2014/15	Autumn
20150314	2015-03-14	2015	1	3	March	2015-03	14	Saturday	1	FY2014/15	Autumn
20150315	2015-03-15	2015	1	3	March	2015-03	15	Sunday	1	FY2014/15	Autumn
20150316	2015-03-16	2015	1	3	March	2015-03	16	Monday	0	FY2014/15	Autumn
20150317	2015-03-17	2015	1	3	March	2015-03	17	Tuesday	0	FY2014/15	Autumn
20150318	2015-03-18	2015	1	3	March	2015-03	18	Wednesday	0	FY2014/15	Autumn
20150319	2015-03-19	2015	1	3	March	2015-03	19	Thursday	0	FY2014/15	Autumn
20150320	2015-03-20	2015	1	3	March	2015-03	20	Friday	0	FY2014/15	Autumn
20150321	2015-03-21	2015	1	3	March	2015-03	21	Saturday	1	FY2014/15	Autumn
20150322	2015-03-22	2015	1	3	March	2015-03	22	Sunday	1	FY2014/15	Autumn
20150323	2015-03-23	2015	1	3	March	2015-03	23	Monday	0	FY2014/15	Autumn
20150324	2015-03-24	2015	1	3	March	2015-03	24	Tuesday	0	FY2014/15	Autumn
20150325	2015-03-25	2015	1	3	March	2015-03	25	Wednesday	0	FY2014/15	Autumn
20150326	2015-03-26	2015	1	3	March	2015-03	26	Thursday	0	FY2014/15	Autumn
20150327	2015-03-27	2015	1	3	March	2015-03	27	Friday	0	FY2014/15	Autumn
20150328	2015-03-28	2015	1	3	March	2015-03	28	Saturday	1	FY2014/15	Autumn
20150329	2015-03-29	2015	1	3	March	2015-03	29	Sunday	1	FY2014/15	Autumn
20150330	2015-03-30	2015	1	3	March	2015-03	30	Monday	0	FY2014/15	Autumn
20150331	2015-03-31	2015	1	3	March	2015-03	31	Tuesday	0	FY2014/15	Autumn
20150401	2015-04-01	2015	2	4	April	2015-04	1	Wednesday	0	FY2015/16	Autumn
20150402	2015-04-02	2015	2	4	April	2015-04	2	Thursday	0	FY2015/16	Autumn
20150403	2015-04-03	2015	2	4	April	2015-04	3	Friday	0	FY2015/16	Autumn
20150404	2015-04-04	2015	2	4	April	2015-04	4	Saturday	1	FY2015/16	Autumn
20150405	2015-04-05	2015	2	4	April	2015-04	5	Sunday	1	FY2015/16	Autumn
20150406	2015-04-06	2015	2	4	April	2015-04	6	Monday	0	FY2015/16	Autumn
20150407	2015-04-07	2015	2	4	April	2015-04	7	Tuesday	0	FY2015/16	Autumn
20150408	2015-04-08	2015	2	4	April	2015-04	8	Wednesday	0	FY2015/16	Autumn
20150409	2015-04-09	2015	2	4	April	2015-04	9	Thursday	0	FY2015/16	Autumn
20150410	2015-04-10	2015	2	4	April	2015-04	10	Friday	0	FY2015/16	Autumn
20150411	2015-04-11	2015	2	4	April	2015-04	11	Saturday	1	FY2015/16	Autumn
20150412	2015-04-12	2015	2	4	April	2015-04	12	Sunday	1	FY2015/16	Autumn
20150413	2015-04-13	2015	2	4	April	2015-04	13	Monday	0	FY2015/16	Autumn
20150414	2015-04-14	2015	2	4	April	2015-04	14	Tuesday	0	FY2015/16	Autumn
20150415	2015-04-15	2015	2	4	April	2015-04	15	Wednesday	0	FY2015/16	Autumn
20150416	2015-04-16	2015	2	4	April	2015-04	16	Thursday	0	FY2015/16	Autumn
20150417	2015-04-17	2015	2	4	April	2015-04	17	Friday	0	FY2015/16	Autumn
20150418	2015-04-18	2015	2	4	April	2015-04	18	Saturday	1	FY2015/16	Autumn
20150419	2015-04-19	2015	2	4	April	2015-04	19	Sunday	1	FY2015/16	Autumn
20150420	2015-04-20	2015	2	4	April	2015-04	20	Monday	0	FY2015/16	Autumn
20150421	2015-04-21	2015	2	4	April	2015-04	21	Tuesday	0	FY2015/16	Autumn
20150422	2015-04-22	2015	2	4	April	2015-04	22	Wednesday	0	FY2015/16	Autumn
20150423	2015-04-23	2015	2	4	April	2015-04	23	Thursday	0	FY2015/16	Autumn
20150424	2015-04-24	2015	2	4	April	2015-04	24	Friday	0	FY2015/16	Autumn
20150425	2015-04-25	2015	2	4	April	2015-04	25	Saturday	1	FY2015/16	Autumn
20150426	2015-04-26	2015	2	4	April	2015-04	26	Sunday	1	FY2015/16	Autumn
20150427	2015-04-27	2015	2	4	April	2015-04	27	Monday	0	FY2015/16	Autumn
20150428	2015-04-28	2015	2	4	April	2015-04	28	Tuesday	0	FY2015/16	Autumn
20150429	2015-04-29	2015	2	4	April	2015-04	29	Wednesday	0	FY2015/16	Autumn
20150430	2015-04-30	2015	2	4	April	2015-04	30	Thursday	0	FY2015/16	Autumn
20150501	2015-05-01	2015	2	5	May	2015-05	1	Friday	0	FY2015/16	Autumn
20150502	2015-05-02	2015	2	5	May	2015-05	2	Saturday	1	FY2015/16	Autumn
20150503	2015-05-03	2015	2	5	May	2015-05	3	Sunday	1	FY2015/16	Autumn
20150504	2015-05-04	2015	2	5	May	2015-05	4	Monday	0	FY2015/16	Autumn
20150505	2015-05-05	2015	2	5	May	2015-05	5	Tuesday	0	FY2015/16	Autumn
20150506	2015-05-06	2015	2	5	May	2015-05	6	Wednesday	0	FY2015/16	Autumn
20150507	2015-05-07	2015	2	5	May	2015-05	7	Thursday	0	FY2015/16	Autumn
20150508	2015-05-08	2015	2	5	May	2015-05	8	Friday	0	FY2015/16	Autumn
20150509	2015-05-09	2015	2	5	May	2015-05	9	Saturday	1	FY2015/16	Autumn
20150510	2015-05-10	2015	2	5	May	2015-05	10	Sunday	1	FY2015/16	Autumn
20150511	2015-05-11	2015	2	5	May	2015-05	11	Monday	0	FY2015/16	Autumn
20150512	2015-05-12	2015	2	5	May	2015-05	12	Tuesday	0	FY2015/16	Autumn
20150513	2015-05-13	2015	2	5	May	2015-05	13	Wednesday	0	FY2015/16	Autumn
20150514	2015-05-14	2015	2	5	May	2015-05	14	Thursday	0	FY2015/16	Autumn
20150515	2015-05-15	2015	2	5	May	2015-05	15	Friday	0	FY2015/16	Autumn
20150516	2015-05-16	2015	2	5	May	2015-05	16	Saturday	1	FY2015/16	Autumn
20150517	2015-05-17	2015	2	5	May	2015-05	17	Sunday	1	FY2015/16	Autumn
20150518	2015-05-18	2015	2	5	May	2015-05	18	Monday	0	FY2015/16	Autumn
20150519	2015-05-19	2015	2	5	May	2015-05	19	Tuesday	0	FY2015/16	Autumn
20150520	2015-05-20	2015	2	5	May	2015-05	20	Wednesday	0	FY2015/16	Autumn
20150521	2015-05-21	2015	2	5	May	2015-05	21	Thursday	0	FY2015/16	Autumn
20150522	2015-05-22	2015	2	5	May	2015-05	22	Friday	0	FY2015/16	Autumn
20150523	2015-05-23	2015	2	5	May	2015-05	23	Saturday	1	FY2015/16	Autumn
20150524	2015-05-24	2015	2	5	May	2015-05	24	Sunday	1	FY2015/16	Autumn
20150525	2015-05-25	2015	2	5	May	2015-05	25	Monday	0	FY2015/16	Autumn
20150526	2015-05-26	2015	2	5	May	2015-05	26	Tuesday	0	FY2015/16	Autumn
20150527	2015-05-27	2015	2	5	May	2015-05	27	Wednesday	0	FY2015/16	Autumn
20150528	2015-05-28	2015	2	5	May	2015-05	28	Thursday	0	FY2015/16	Autumn
20150529	2015-05-29	2015	2	5	May	2015-05	29	Friday	0	FY2015/16	Autumn
20150530	2015-05-30	2015	2	5	May	2015-05	30	Saturday	1	FY2015/16	Autumn
20150531	2015-05-31	2015	2	5	May	2015-05	31	Sunday	1	FY2015/16	Autumn
20150601	2015-06-01	2015	2	6	June	2015-06	1	Monday	0	FY2015/16	Winter
20150602	2015-06-02	2015	2	6	June	2015-06	2	Tuesday	0	FY2015/16	Winter
20150603	2015-06-03	2015	2	6	June	2015-06	3	Wednesday	0	FY2015/16	Winter
20150604	2015-06-04	2015	2	6	June	2015-06	4	Thursday	0	FY2015/16	Winter
20150605	2015-06-05	2015	2	6	June	2015-06	5	Friday	0	FY2015/16	Winter
20150606	2015-06-06	2015	2	6	June	2015-06	6	Saturday	1	FY2015/16	Winter
20150607	2015-06-07	2015	2	6	June	2015-06	7	Sunday	1	FY2015/16	Winter
20150608	2015-06-08	2015	2	6	June	2015-06	8	Monday	0	FY2015/16	Winter
20150609	2015-06-09	2015	2	6	June	2015-06	9	Tuesday	0	FY2015/16	Winter
20150610	2015-06-10	2015	2	6	June	2015-06	10	Wednesday	0	FY2015/16	Winter
20150611	2015-06-11	2015	2	6	June	2015-06	11	Thursday	0	FY2015/16	Winter
20150612	2015-06-12	2015	2	6	June	2015-06	12	Friday	0	FY2015/16	Winter
20150613	2015-06-13	2015	2	6	June	2015-06	13	Saturday	1	FY2015/16	Winter
20150614	2015-06-14	2015	2	6	June	2015-06	14	Sunday	1	FY2015/16	Winter
20150615	2015-06-15	2015	2	6	June	2015-06	15	Monday	0	FY2015/16	Winter
20150616	2015-06-16	2015	2	6	June	2015-06	16	Tuesday	0	FY2015/16	Winter
20150617	2015-06-17	2015	2	6	June	2015-06	17	Wednesday	0	FY2015/16	Winter
20150618	2015-06-18	2015	2	6	June	2015-06	18	Thursday	0	FY2015/16	Winter
20150619	2015-06-19	2015	2	6	June	2015-06	19	Friday	0	FY2015/16	Winter
20150620	2015-06-20	2015	2	6	June	2015-06	20	Saturday	1	FY2015/16	Winter
20150621	2015-06-21	2015	2	6	June	2015-06	21	Sunday	1	FY2015/16	Winter
20150622	2015-06-22	2015	2	6	June	2015-06	22	Monday	0	FY2015/16	Winter
20150623	2015-06-23	2015	2	6	June	2015-06	23	Tuesday	0	FY2015/16	Winter
20150624	2015-06-24	2015	2	6	June	2015-06	24	Wednesday	0	FY2015/16	Winter
20150625	2015-06-25	2015	2	6	June	2015-06	25	Thursday	0	FY2015/16	Winter
20150626	2015-06-26	2015	2	6	June	2015-06	26	Friday	0	FY2015/16	Winter
20150627	2015-06-27	2015	2	6	June	2015-06	27	Saturday	1	FY2015/16	Winter
20150628	2015-06-28	2015	2	6	June	2015-06	28	Sunday	1	FY2015/16	Winter
20150629	2015-06-29	2015	2	6	June	2015-06	29	Monday	0	FY2015/16	Winter
20150630	2015-06-30	2015	2	6	June	2015-06	30	Tuesday	0	FY2015/16	Winter
20150701	2015-07-01	2015	3	7	July	2015-07	1	Wednesday	0	FY2015/16	Winter
20150702	2015-07-02	2015	3	7	July	2015-07	2	Thursday	0	FY2015/16	Winter
20150703	2015-07-03	2015	3	7	July	2015-07	3	Friday	0	FY2015/16	Winter
20150704	2015-07-04	2015	3	7	July	2015-07	4	Saturday	1	FY2015/16	Winter
20150705	2015-07-05	2015	3	7	July	2015-07	5	Sunday	1	FY2015/16	Winter
20150706	2015-07-06	2015	3	7	July	2015-07	6	Monday	0	FY2015/16	Winter
20150707	2015-07-07	2015	3	7	July	2015-07	7	Tuesday	0	FY2015/16	Winter
20150708	2015-07-08	2015	3	7	July	2015-07	8	Wednesday	0	FY2015/16	Winter
20150709	2015-07-09	2015	3	7	July	2015-07	9	Thursday	0	FY2015/16	Winter
20150710	2015-07-10	2015	3	7	July	2015-07	10	Friday	0	FY2015/16	Winter
20150711	2015-07-11	2015	3	7	July	2015-07	11	Saturday	1	FY2015/16	Winter
20150712	2015-07-12	2015	3	7	July	2015-07	12	Sunday	1	FY2015/16	Winter
20150713	2015-07-13	2015	3	7	July	2015-07	13	Monday	0	FY2015/16	Winter
20150714	2015-07-14	2015	3	7	July	2015-07	14	Tuesday	0	FY2015/16	Winter
20150715	2015-07-15	2015	3	7	July	2015-07	15	Wednesday	0	FY2015/16	Winter
20150716	2015-07-16	2015	3	7	July	2015-07	16	Thursday	0	FY2015/16	Winter
20150717	2015-07-17	2015	3	7	July	2015-07	17	Friday	0	FY2015/16	Winter
20150718	2015-07-18	2015	3	7	July	2015-07	18	Saturday	1	FY2015/16	Winter
20150719	2015-07-19	2015	3	7	July	2015-07	19	Sunday	1	FY2015/16	Winter
20150720	2015-07-20	2015	3	7	July	2015-07	20	Monday	0	FY2015/16	Winter
20150721	2015-07-21	2015	3	7	July	2015-07	21	Tuesday	0	FY2015/16	Winter
20150722	2015-07-22	2015	3	7	July	2015-07	22	Wednesday	0	FY2015/16	Winter
20150723	2015-07-23	2015	3	7	July	2015-07	23	Thursday	0	FY2015/16	Winter
20150724	2015-07-24	2015	3	7	July	2015-07	24	Friday	0	FY2015/16	Winter
20150725	2015-07-25	2015	3	7	July	2015-07	25	Saturday	1	FY2015/16	Winter
20150726	2015-07-26	2015	3	7	July	2015-07	26	Sunday	1	FY2015/16	Winter
20150727	2015-07-27	2015	3	7	July	2015-07	27	Monday	0	FY2015/16	Winter
20150728	2015-07-28	2015	3	7	July	2015-07	28	Tuesday	0	FY2015/16	Winter
20150729	2015-07-29	2015	3	7	July	2015-07	29	Wednesday	0	FY2015/16	Winter
20150730	2015-07-30	2015	3	7	July	2015-07	30	Thursday	0	FY2015/16	Winter
20150731	2015-07-31	2015	3	7	July	2015-07	31	Friday	0	FY2015/16	Winter
20150801	2015-08-01	2015	3	8	August	2015-08	1	Saturday	1	FY2015/16	Winter
20150802	2015-08-02	2015	3	8	August	2015-08	2	Sunday	1	FY2015/16	Winter
20150803	2015-08-03	2015	3	8	August	2015-08	3	Monday	0	FY2015/16	Winter
20150804	2015-08-04	2015	3	8	August	2015-08	4	Tuesday	0	FY2015/16	Winter
20150805	2015-08-05	2015	3	8	August	2015-08	5	Wednesday	0	FY2015/16	Winter
20150806	2015-08-06	2015	3	8	August	2015-08	6	Thursday	0	FY2015/16	Winter
20150807	2015-08-07	2015	3	8	August	2015-08	7	Friday	0	FY2015/16	Winter
20150808	2015-08-08	2015	3	8	August	2015-08	8	Saturday	1	FY2015/16	Winter
20150809	2015-08-09	2015	3	8	August	2015-08	9	Sunday	1	FY2015/16	Winter
20150810	2015-08-10	2015	3	8	August	2015-08	10	Monday	0	FY2015/16	Winter
20150811	2015-08-11	2015	3	8	August	2015-08	11	Tuesday	0	FY2015/16	Winter
20150812	2015-08-12	2015	3	8	August	2015-08	12	Wednesday	0	FY2015/16	Winter
20150813	2015-08-13	2015	3	8	August	2015-08	13	Thursday	0	FY2015/16	Winter
20150814	2015-08-14	2015	3	8	August	2015-08	14	Friday	0	FY2015/16	Winter
20150815	2015-08-15	2015	3	8	August	2015-08	15	Saturday	1	FY2015/16	Winter
20150816	2015-08-16	2015	3	8	August	2015-08	16	Sunday	1	FY2015/16	Winter
20150817	2015-08-17	2015	3	8	August	2015-08	17	Monday	0	FY2015/16	Winter
20150818	2015-08-18	2015	3	8	August	2015-08	18	Tuesday	0	FY2015/16	Winter
20150819	2015-08-19	2015	3	8	August	2015-08	19	Wednesday	0	FY2015/16	Winter
20150820	2015-08-20	2015	3	8	August	2015-08	20	Thursday	0	FY2015/16	Winter
20150821	2015-08-21	2015	3	8	August	2015-08	21	Friday	0	FY2015/16	Winter
20150822	2015-08-22	2015	3	8	August	2015-08	22	Saturday	1	FY2015/16	Winter
20150823	2015-08-23	2015	3	8	August	2015-08	23	Sunday	1	FY2015/16	Winter
20150824	2015-08-24	2015	3	8	August	2015-08	24	Monday	0	FY2015/16	Winter
20150825	2015-08-25	2015	3	8	August	2015-08	25	Tuesday	0	FY2015/16	Winter
20150826	2015-08-26	2015	3	8	August	2015-08	26	Wednesday	0	FY2015/16	Winter
20150827	2015-08-27	2015	3	8	August	2015-08	27	Thursday	0	FY2015/16	Winter
20150828	2015-08-28	2015	3	8	August	2015-08	28	Friday	0	FY2015/16	Winter
20150829	2015-08-29	2015	3	8	August	2015-08	29	Saturday	1	FY2015/16	Winter
20150830	2015-08-30	2015	3	8	August	2015-08	30	Sunday	1	FY2015/16	Winter
20150831	2015-08-31	2015	3	8	August	2015-08	31	Monday	0	FY2015/16	Winter
20150901	2015-09-01	2015	3	9	September	2015-09	1	Tuesday	0	FY2015/16	Spring
20150902	2015-09-02	2015	3	9	September	2015-09	2	Wednesday	0	FY2015/16	Spring
20150903	2015-09-03	2015	3	9	September	2015-09	3	Thursday	0	FY2015/16	Spring
20150904	2015-09-04	2015	3	9	September	2015-09	4	Friday	0	FY2015/16	Spring
20150905	2015-09-05	2015	3	9	September	2015-09	5	Saturday	1	FY2015/16	Spring
20150906	2015-09-06	2015	3	9	September	2015-09	6	Sunday	1	FY2015/16	Spring
20150907	2015-09-07	2015	3	9	September	2015-09	7	Monday	0	FY2015/16	Spring
20150908	2015-09-08	2015	3	9	September	2015-09	8	Tuesday	0	FY2015/16	Spring
20150909	2015-09-09	2015	3	9	September	2015-09	9	Wednesday	0	FY2015/16	Spring
20150910	2015-09-10	2015	3	9	September	2015-09	10	Thursday	0	FY2015/16	Spring
20150911	2015-09-11	2015	3	9	September	2015-09	11	Friday	0	FY2015/16	Spring
20150912	2015-09-12	2015	3	9	September	2015-09	12	Saturday	1	FY2015/16	Spring
20150913	2015-09-13	2015	3	9	September	2015-09	13	Sunday	1	FY2015/16	Spring
20150914	2015-09-14	2015	3	9	September	2015-09	14	Monday	0	FY2015/16	Spring
20150915	2015-09-15	2015	3	9	September	2015-09	15	Tuesday	0	FY2015/16	Spring
20150916	2015-09-16	2015	3	9	September	2015-09	16	Wednesday	0	FY2015/16	Spring
20150917	2015-09-17	2015	3	9	September	2015-09	17	Thursday	0	FY2015/16	Spring
20150918	2015-09-18	2015	3	9	September	2015-09	18	Friday	0	FY2015/16	Spring
20150919	2015-09-19	2015	3	9	September	2015-09	19	Saturday	1	FY2015/16	Spring
20150920	2015-09-20	2015	3	9	September	2015-09	20	Sunday	1	FY2015/16	Spring
20150921	2015-09-21	2015	3	9	September	2015-09	21	Monday	0	FY2015/16	Spring
20150922	2015-09-22	2015	3	9	September	2015-09	22	Tuesday	0	FY2015/16	Spring
20150923	2015-09-23	2015	3	9	September	2015-09	23	Wednesday	0	FY2015/16	Spring
20150924	2015-09-24	2015	3	9	September	2015-09	24	Thursday	0	FY2015/16	Spring
20150925	2015-09-25	2015	3	9	September	2015-09	25	Friday	0	FY2015/16	Spring
20150926	2015-09-26	2015	3	9	September	2015-09	26	Saturday	1	FY2015/16	Spring
20150927	2015-09-27	2015	3	9	September	2015-09	27	Sunday	1	FY2015/16	Spring
20150928	2015-09-28	2015	3	9	September	2015-09	28	Monday	0	FY2015/16	Spring
20150929	2015-09-29	2015	3	9	September	2015-09	29	Tuesday	0	FY2015/16	Spring
20150930	2015-09-30	2015	3	9	September	2015-09	30	Wednesday	0	FY2015/16	Spring
20151001	2015-10-01	2015	4	10	October	2015-10	1	Thursday	0	FY2015/16	Spring
20151002	2015-10-02	2015	4	10	October	2015-10	2	Friday	0	FY2015/16	Spring
20151003	2015-10-03	2015	4	10	October	2015-10	3	Saturday	1	FY2015/16	Spring
20151004	2015-10-04	2015	4	10	October	2015-10	4	Sunday	1	FY2015/16	Spring
20151005	2015-10-05	2015	4	10	October	2015-10	5	Monday	0	FY2015/16	Spring
20151006	2015-10-06	2015	4	10	October	2015-10	6	Tuesday	0	FY2015/16	Spring
20151007	2015-10-07	2015	4	10	October	2015-10	7	Wednesday	0	FY2015/16	Spring
20151008	2015-10-08	2015	4	10	October	2015-10	8	Thursday	0	FY2015/16	Spring
20151009	2015-10-09	2015	4	10	October	2015-10	9	Friday	0	FY2015/16	Spring
20151010	2015-10-10	2015	4	10	October	2015-10	10	Saturday	1	FY2015/16	Spring
20151011	2015-10-11	2015	4	10	October	2015-10	11	Sunday	1	FY2015/16	Spring
20151012	2015-10-12	2015	4	10	October	2015-10	12	Monday	0	FY2015/16	Spring
20151013	2015-10-13	2015	4	10	October	2015-10	13	Tuesday	0	FY2015/16	Spring
20151014	2015-10-14	2015	4	10	October	2015-10	14	Wednesday	0	FY2015/16	Spring
20151015	2015-10-15	2015	4	10	October	2015-10	15	Thursday	0	FY2015/16	Spring
20151016	2015-10-16	2015	4	10	October	2015-10	16	Friday	0	FY2015/16	Spring
20151017	2015-10-17	2015	4	10	October	2015-10	17	Saturday	1	FY2015/16	Spring
20151018	2015-10-18	2015	4	10	October	2015-10	18	Sunday	1	FY2015/16	Spring
20151019	2015-10-19	2015	4	10	October	2015-10	19	Monday	0	FY2015/16	Spring
20151020	2015-10-20	2015	4	10	October	2015-10	20	Tuesday	0	FY2015/16	Spring
20151021	2015-10-21	2015	4	10	October	2015-10	21	Wednesday	0	FY2015/16	Spring
20151022	2015-10-22	2015	4	10	October	2015-10	22	Thursday	0	FY2015/16	Spring
20151023	2015-10-23	2015	4	10	October	2015-10	23	Friday	0	FY2015/16	Spring
20151024	2015-10-24	2015	4	10	October	2015-10	24	Saturday	1	FY2015/16	Spring
20151025	2015-10-25	2015	4	10	October	2015-10	25	Sunday	1	FY2015/16	Spring
20151026	2015-10-26	2015	4	10	October	2015-10	26	Monday	0	FY2015/16	Spring
20151027	2015-10-27	2015	4	10	October	2015-10	27	Tuesday	0	FY2015/16	Spring
20151028	2015-10-28	2015	4	10	October	2015-10	28	Wednesday	0	FY2015/16	Spring
20151029	2015-10-29	2015	4	10	October	2015-10	29	Thursday	0	FY2015/16	Spring
20151030	2015-10-30	2015	4	10	October	2015-10	30	Friday	0	FY2015/16	Spring
20151031	2015-10-31	2015	4	10	October	2015-10	31	Saturday	1	FY2015/16	Spring
20151101	2015-11-01	2015	4	11	November	2015-11	1	Sunday	1	FY2015/16	Spring
20151102	2015-11-02	2015	4	11	November	2015-11	2	Monday	0	FY2015/16	Spring
20151103	2015-11-03	2015	4	11	November	2015-11	3	Tuesday	0	FY2015/16	Spring
20151104	2015-11-04	2015	4	11	November	2015-11	4	Wednesday	0	FY2015/16	Spring
20151105	2015-11-05	2015	4	11	November	2015-11	5	Thursday	0	FY2015/16	Spring
20151106	2015-11-06	2015	4	11	November	2015-11	6	Friday	0	FY2015/16	Spring
20151107	2015-11-07	2015	4	11	November	2015-11	7	Saturday	1	FY2015/16	Spring
20151108	2015-11-08	2015	4	11	November	2015-11	8	Sunday	1	FY2015/16	Spring
20151109	2015-11-09	2015	4	11	November	2015-11	9	Monday	0	FY2015/16	Spring
20151110	2015-11-10	2015	4	11	November	2015-11	10	Tuesday	0	FY2015/16	Spring
20151111	2015-11-11	2015	4	11	November	2015-11	11	Wednesday	0	FY2015/16	Spring
20151112	2015-11-12	2015	4	11	November	2015-11	12	Thursday	0	FY2015/16	Spring
20151113	2015-11-13	2015	4	11	November	2015-11	13	Friday	0	FY2015/16	Spring
20151114	2015-11-14	2015	4	11	November	2015-11	14	Saturday	1	FY2015/16	Spring
20151115	2015-11-15	2015	4	11	November	2015-11	15	Sunday	1	FY2015/16	Spring
20151116	2015-11-16	2015	4	11	November	2015-11	16	Monday	0	FY2015/16	Spring
20151117	2015-11-17	2015	4	11	November	2015-11	17	Tuesday	0	FY2015/16	Spring
20151118	2015-11-18	2015	4	11	November	2015-11	18	Wednesday	0	FY2015/16	Spring
20151119	2015-11-19	2015	4	11	November	2015-11	19	Thursday	0	FY2015/16	Spring
20151120	2015-11-20	2015	4	11	November	2015-11	20	Friday	0	FY2015/16	Spring
20151121	2015-11-21	2015	4	11	November	2015-11	21	Saturday	1	FY2015/16	Spring
20151122	2015-11-22	2015	4	11	November	2015-11	22	Sunday	1	FY2015/16	Spring
20151123	2015-11-23	2015	4	11	November	2015-11	23	Monday	0	FY2015/16	Spring
20151124	2015-11-24	2015	4	11	November	2015-11	24	Tuesday	0	FY2015/16	Spring
20151125	2015-11-25	2015	4	11	November	2015-11	25	Wednesday	0	FY2015/16	Spring
20151126	2015-11-26	2015	4	11	November	2015-11	26	Thursday	0	FY2015/16	Spring
20151127	2015-11-27	2015	4	11	November	2015-11	27	Friday	0	FY2015/16	Spring
20151128	2015-11-28	2015	4	11	November	2015-11	28	Saturday	1	FY2015/16	Spring
20151129	2015-11-29	2015	4	11	November	2015-11	29	Sunday	1	FY2015/16	Spring
20151130	2015-11-30	2015	4	11	November	2015-11	30	Monday	0	FY2015/16	Spring
20151201	2015-12-01	2015	4	12	December	2015-12	1	Tuesday	0	FY2015/16	Summer
20151202	2015-12-02	2015	4	12	December	2015-12	2	Wednesday	0	FY2015/16	Summer
20151203	2015-12-03	2015	4	12	December	2015-12	3	Thursday	0	FY2015/16	Summer
20151204	2015-12-04	2015	4	12	December	2015-12	4	Friday	0	FY2015/16	Summer
20151205	2015-12-05	2015	4	12	December	2015-12	5	Saturday	1	FY2015/16	Summer
20151206	2015-12-06	2015	4	12	December	2015-12	6	Sunday	1	FY2015/16	Summer
20151207	2015-12-07	2015	4	12	December	2015-12	7	Monday	0	FY2015/16	Summer
20151208	2015-12-08	2015	4	12	December	2015-12	8	Tuesday	0	FY2015/16	Summer
20151209	2015-12-09	2015	4	12	December	2015-12	9	Wednesday	0	FY2015/16	Summer
20151210	2015-12-10	2015	4	12	December	2015-12	10	Thursday	0	FY2015/16	Summer
20151211	2015-12-11	2015	4	12	December	2015-12	11	Friday	0	FY2015/16	Summer
20151212	2015-12-12	2015	4	12	December	2015-12	12	Saturday	1	FY2015/16	Summer
20151213	2015-12-13	2015	4	12	December	2015-12	13	Sunday	1	FY2015/16	Summer
20151214	2015-12-14	2015	4	12	December	2015-12	14	Monday	0	FY2015/16	Summer
20151215	2015-12-15	2015	4	12	December	2015-12	15	Tuesday	0	FY2015/16	Summer
20151216	2015-12-16	2015	4	12	December	2015-12	16	Wednesday	0	FY2015/16	Summer
20151217	2015-12-17	2015	4	12	December	2015-12	17	Thursday	0	FY2015/16	Summer
20151218	2015-12-18	2015	4	12	December	2015-12	18	Friday	0	FY2015/16	Summer
20151219	2015-12-19	2015	4	12	December	2015-12	19	Saturday	1	FY2015/16	Summer
20151220	2015-12-20	2015	4	12	December	2015-12	20	Sunday	1	FY2015/16	Summer
20151221	2015-12-21	2015	4	12	December	2015-12	21	Monday	0	FY2015/16	Summer
20151222	2015-12-22	2015	4	12	December	2015-12	22	Tuesday	0	FY2015/16	Summer
20151223	2015-12-23	2015	4	12	December	2015-12	23	Wednesday	0	FY2015/16	Summer
20151224	2015-12-24	2015	4	12	December	2015-12	24	Thursday	0	FY2015/16	Summer
20151225	2015-12-25	2015	4	12	December	2015-12	25	Friday	0	FY2015/16	Summer
20151226	2015-12-26	2015	4	12	December	2015-12	26	Saturday	1	FY2015/16	Summer
20151227	2015-12-27	2015	4	12	December	2015-12	27	Sunday	1	FY2015/16	Summer
20151228	2015-12-28	2015	4	12	December	2015-12	28	Monday	0	FY2015/16	Summer
20151229	2015-12-29	2015	4	12	December	2015-12	29	Tuesday	0	FY2015/16	Summer
20151230	2015-12-30	2015	4	12	December	2015-12	30	Wednesday	0	FY2015/16	Summer
20151231	2015-12-31	2015	4	12	December	2015-12	31	Thursday	0	FY2015/16	Summer
20160101	2016-01-01	2016	1	1	January	2016-01	1	Friday	0	FY2015/16	Summer
20160102	2016-01-02	2016	1	1	January	2016-01	2	Saturday	1	FY2015/16	Summer
20160103	2016-01-03	2016	1	1	January	2016-01	3	Sunday	1	FY2015/16	Summer
20160104	2016-01-04	2016	1	1	January	2016-01	4	Monday	0	FY2015/16	Summer
20160105	2016-01-05	2016	1	1	January	2016-01	5	Tuesday	0	FY2015/16	Summer
20160106	2016-01-06	2016	1	1	January	2016-01	6	Wednesday	0	FY2015/16	Summer
20160107	2016-01-07	2016	1	1	January	2016-01	7	Thursday	0	FY2015/16	Summer
20160108	2016-01-08	2016	1	1	January	2016-01	8	Friday	0	FY2015/16	Summer
20160109	2016-01-09	2016	1	1	January	2016-01	9	Saturday	1	FY2015/16	Summer
20160110	2016-01-10	2016	1	1	January	2016-01	10	Sunday	1	FY2015/16	Summer
20160111	2016-01-11	2016	1	1	January	2016-01	11	Monday	0	FY2015/16	Summer
20160112	2016-01-12	2016	1	1	January	2016-01	12	Tuesday	0	FY2015/16	Summer
20160113	2016-01-13	2016	1	1	January	2016-01	13	Wednesday	0	FY2015/16	Summer
20160114	2016-01-14	2016	1	1	January	2016-01	14	Thursday	0	FY2015/16	Summer
20160115	2016-01-15	2016	1	1	January	2016-01	15	Friday	0	FY2015/16	Summer
20160116	2016-01-16	2016	1	1	January	2016-01	16	Saturday	1	FY2015/16	Summer
20160117	2016-01-17	2016	1	1	January	2016-01	17	Sunday	1	FY2015/16	Summer
20160118	2016-01-18	2016	1	1	January	2016-01	18	Monday	0	FY2015/16	Summer
20160119	2016-01-19	2016	1	1	January	2016-01	19	Tuesday	0	FY2015/16	Summer
20160120	2016-01-20	2016	1	1	January	2016-01	20	Wednesday	0	FY2015/16	Summer
20160121	2016-01-21	2016	1	1	January	2016-01	21	Thursday	0	FY2015/16	Summer
20160122	2016-01-22	2016	1	1	January	2016-01	22	Friday	0	FY2015/16	Summer
20160123	2016-01-23	2016	1	1	January	2016-01	23	Saturday	1	FY2015/16	Summer
20160124	2016-01-24	2016	1	1	January	2016-01	24	Sunday	1	FY2015/16	Summer
20160125	2016-01-25	2016	1	1	January	2016-01	25	Monday	0	FY2015/16	Summer
20160126	2016-01-26	2016	1	1	January	2016-01	26	Tuesday	0	FY2015/16	Summer
20160127	2016-01-27	2016	1	1	January	2016-01	27	Wednesday	0	FY2015/16	Summer
20160128	2016-01-28	2016	1	1	January	2016-01	28	Thursday	0	FY2015/16	Summer
20160129	2016-01-29	2016	1	1	January	2016-01	29	Friday	0	FY2015/16	Summer
20160130	2016-01-30	2016	1	1	January	2016-01	30	Saturday	1	FY2015/16	Summer
20160131	2016-01-31	2016	1	1	January	2016-01	31	Sunday	1	FY2015/16	Summer
20160201	2016-02-01	2016	1	2	February	2016-02	1	Monday	0	FY2015/16	Summer
20160202	2016-02-02	2016	1	2	February	2016-02	2	Tuesday	0	FY2015/16	Summer
20160203	2016-02-03	2016	1	2	February	2016-02	3	Wednesday	0	FY2015/16	Summer
20160204	2016-02-04	2016	1	2	February	2016-02	4	Thursday	0	FY2015/16	Summer
20160205	2016-02-05	2016	1	2	February	2016-02	5	Friday	0	FY2015/16	Summer
20160206	2016-02-06	2016	1	2	February	2016-02	6	Saturday	1	FY2015/16	Summer
20160207	2016-02-07	2016	1	2	February	2016-02	7	Sunday	1	FY2015/16	Summer
20160208	2016-02-08	2016	1	2	February	2016-02	8	Monday	0	FY2015/16	Summer
20160209	2016-02-09	2016	1	2	February	2016-02	9	Tuesday	0	FY2015/16	Summer
20160210	2016-02-10	2016	1	2	February	2016-02	10	Wednesday	0	FY2015/16	Summer
20160211	2016-02-11	2016	1	2	February	2016-02	11	Thursday	0	FY2015/16	Summer
20160212	2016-02-12	2016	1	2	February	2016-02	12	Friday	0	FY2015/16	Summer
20160213	2016-02-13	2016	1	2	February	2016-02	13	Saturday	1	FY2015/16	Summer
20160214	2016-02-14	2016	1	2	February	2016-02	14	Sunday	1	FY2015/16	Summer
20160215	2016-02-15	2016	1	2	February	2016-02	15	Monday	0	FY2015/16	Summer
20160216	2016-02-16	2016	1	2	February	2016-02	16	Tuesday	0	FY2015/16	Summer
20160217	2016-02-17	2016	1	2	February	2016-02	17	Wednesday	0	FY2015/16	Summer
20160218	2016-02-18	2016	1	2	February	2016-02	18	Thursday	0	FY2015/16	Summer
20160219	2016-02-19	2016	1	2	February	2016-02	19	Friday	0	FY2015/16	Summer
20160220	2016-02-20	2016	1	2	February	2016-02	20	Saturday	1	FY2015/16	Summer
20160221	2016-02-21	2016	1	2	February	2016-02	21	Sunday	1	FY2015/16	Summer
20160222	2016-02-22	2016	1	2	February	2016-02	22	Monday	0	FY2015/16	Summer
20160223	2016-02-23	2016	1	2	February	2016-02	23	Tuesday	0	FY2015/16	Summer
20160224	2016-02-24	2016	1	2	February	2016-02	24	Wednesday	0	FY2015/16	Summer
20160225	2016-02-25	2016	1	2	February	2016-02	25	Thursday	0	FY2015/16	Summer
20160226	2016-02-26	2016	1	2	February	2016-02	26	Friday	0	FY2015/16	Summer
20160227	2016-02-27	2016	1	2	February	2016-02	27	Saturday	1	FY2015/16	Summer
20160228	2016-02-28	2016	1	2	February	2016-02	28	Sunday	1	FY2015/16	Summer
20160229	2016-02-29	2016	1	2	February	2016-02	29	Monday	0	FY2015/16	Summer
20160301	2016-03-01	2016	1	3	March	2016-03	1	Tuesday	0	FY2015/16	Autumn
20160302	2016-03-02	2016	1	3	March	2016-03	2	Wednesday	0	FY2015/16	Autumn
20160303	2016-03-03	2016	1	3	March	2016-03	3	Thursday	0	FY2015/16	Autumn
20160304	2016-03-04	2016	1	3	March	2016-03	4	Friday	0	FY2015/16	Autumn
20160305	2016-03-05	2016	1	3	March	2016-03	5	Saturday	1	FY2015/16	Autumn
20160306	2016-03-06	2016	1	3	March	2016-03	6	Sunday	1	FY2015/16	Autumn
20160307	2016-03-07	2016	1	3	March	2016-03	7	Monday	0	FY2015/16	Autumn
20160308	2016-03-08	2016	1	3	March	2016-03	8	Tuesday	0	FY2015/16	Autumn
20160309	2016-03-09	2016	1	3	March	2016-03	9	Wednesday	0	FY2015/16	Autumn
20160310	2016-03-10	2016	1	3	March	2016-03	10	Thursday	0	FY2015/16	Autumn
20160311	2016-03-11	2016	1	3	March	2016-03	11	Friday	0	FY2015/16	Autumn
20160312	2016-03-12	2016	1	3	March	2016-03	12	Saturday	1	FY2015/16	Autumn
20160313	2016-03-13	2016	1	3	March	2016-03	13	Sunday	1	FY2015/16	Autumn
20160314	2016-03-14	2016	1	3	March	2016-03	14	Monday	0	FY2015/16	Autumn
20160315	2016-03-15	2016	1	3	March	2016-03	15	Tuesday	0	FY2015/16	Autumn
20160316	2016-03-16	2016	1	3	March	2016-03	16	Wednesday	0	FY2015/16	Autumn
20160317	2016-03-17	2016	1	3	March	2016-03	17	Thursday	0	FY2015/16	Autumn
20160318	2016-03-18	2016	1	3	March	2016-03	18	Friday	0	FY2015/16	Autumn
20160319	2016-03-19	2016	1	3	March	2016-03	19	Saturday	1	FY2015/16	Autumn
20160320	2016-03-20	2016	1	3	March	2016-03	20	Sunday	1	FY2015/16	Autumn
20160321	2016-03-21	2016	1	3	March	2016-03	21	Monday	0	FY2015/16	Autumn
20160322	2016-03-22	2016	1	3	March	2016-03	22	Tuesday	0	FY2015/16	Autumn
20160323	2016-03-23	2016	1	3	March	2016-03	23	Wednesday	0	FY2015/16	Autumn
20160324	2016-03-24	2016	1	3	March	2016-03	24	Thursday	0	FY2015/16	Autumn
20160325	2016-03-25	2016	1	3	March	2016-03	25	Friday	0	FY2015/16	Autumn
20160326	2016-03-26	2016	1	3	March	2016-03	26	Saturday	1	FY2015/16	Autumn
20160327	2016-03-27	2016	1	3	March	2016-03	27	Sunday	1	FY2015/16	Autumn
20160328	2016-03-28	2016	1	3	March	2016-03	28	Monday	0	FY2015/16	Autumn
20160329	2016-03-29	2016	1	3	March	2016-03	29	Tuesday	0	FY2015/16	Autumn
20160330	2016-03-30	2016	1	3	March	2016-03	30	Wednesday	0	FY2015/16	Autumn
20160331	2016-03-31	2016	1	3	March	2016-03	31	Thursday	0	FY2015/16	Autumn
20160401	2016-04-01	2016	2	4	April	2016-04	1	Friday	0	FY2016/17	Autumn
20160402	2016-04-02	2016	2	4	April	2016-04	2	Saturday	1	FY2016/17	Autumn
20160403	2016-04-03	2016	2	4	April	2016-04	3	Sunday	1	FY2016/17	Autumn
20160404	2016-04-04	2016	2	4	April	2016-04	4	Monday	0	FY2016/17	Autumn
20160405	2016-04-05	2016	2	4	April	2016-04	5	Tuesday	0	FY2016/17	Autumn
20160406	2016-04-06	2016	2	4	April	2016-04	6	Wednesday	0	FY2016/17	Autumn
20160407	2016-04-07	2016	2	4	April	2016-04	7	Thursday	0	FY2016/17	Autumn
20160408	2016-04-08	2016	2	4	April	2016-04	8	Friday	0	FY2016/17	Autumn
20160409	2016-04-09	2016	2	4	April	2016-04	9	Saturday	1	FY2016/17	Autumn
20160410	2016-04-10	2016	2	4	April	2016-04	10	Sunday	1	FY2016/17	Autumn
20160411	2016-04-11	2016	2	4	April	2016-04	11	Monday	0	FY2016/17	Autumn
20160412	2016-04-12	2016	2	4	April	2016-04	12	Tuesday	0	FY2016/17	Autumn
20160413	2016-04-13	2016	2	4	April	2016-04	13	Wednesday	0	FY2016/17	Autumn
20160414	2016-04-14	2016	2	4	April	2016-04	14	Thursday	0	FY2016/17	Autumn
20160415	2016-04-15	2016	2	4	April	2016-04	15	Friday	0	FY2016/17	Autumn
20160416	2016-04-16	2016	2	4	April	2016-04	16	Saturday	1	FY2016/17	Autumn
20160417	2016-04-17	2016	2	4	April	2016-04	17	Sunday	1	FY2016/17	Autumn
20160418	2016-04-18	2016	2	4	April	2016-04	18	Monday	0	FY2016/17	Autumn
20160419	2016-04-19	2016	2	4	April	2016-04	19	Tuesday	0	FY2016/17	Autumn
20160420	2016-04-20	2016	2	4	April	2016-04	20	Wednesday	0	FY2016/17	Autumn
20160421	2016-04-21	2016	2	4	April	2016-04	21	Thursday	0	FY2016/17	Autumn
20160422	2016-04-22	2016	2	4	April	2016-04	22	Friday	0	FY2016/17	Autumn
20160423	2016-04-23	2016	2	4	April	2016-04	23	Saturday	1	FY2016/17	Autumn
20160424	2016-04-24	2016	2	4	April	2016-04	24	Sunday	1	FY2016/17	Autumn
20160425	2016-04-25	2016	2	4	April	2016-04	25	Monday	0	FY2016/17	Autumn
20160426	2016-04-26	2016	2	4	April	2016-04	26	Tuesday	0	FY2016/17	Autumn
20160427	2016-04-27	2016	2	4	April	2016-04	27	Wednesday	0	FY2016/17	Autumn
20160428	2016-04-28	2016	2	4	April	2016-04	28	Thursday	0	FY2016/17	Autumn
20160429	2016-04-29	2016	2	4	April	2016-04	29	Friday	0	FY2016/17	Autumn
20160430	2016-04-30	2016	2	4	April	2016-04	30	Saturday	1	FY2016/17	Autumn
20160501	2016-05-01	2016	2	5	May	2016-05	1	Sunday	1	FY2016/17	Autumn
20160502	2016-05-02	2016	2	5	May	2016-05	2	Monday	0	FY2016/17	Autumn
20160503	2016-05-03	2016	2	5	May	2016-05	3	Tuesday	0	FY2016/17	Autumn
20160504	2016-05-04	2016	2	5	May	2016-05	4	Wednesday	0	FY2016/17	Autumn
20160505	2016-05-05	2016	2	5	May	2016-05	5	Thursday	0	FY2016/17	Autumn
20160506	2016-05-06	2016	2	5	May	2016-05	6	Friday	0	FY2016/17	Autumn
20160507	2016-05-07	2016	2	5	May	2016-05	7	Saturday	1	FY2016/17	Autumn
20160508	2016-05-08	2016	2	5	May	2016-05	8	Sunday	1	FY2016/17	Autumn
20160509	2016-05-09	2016	2	5	May	2016-05	9	Monday	0	FY2016/17	Autumn
20160510	2016-05-10	2016	2	5	May	2016-05	10	Tuesday	0	FY2016/17	Autumn
20160511	2016-05-11	2016	2	5	May	2016-05	11	Wednesday	0	FY2016/17	Autumn
20160512	2016-05-12	2016	2	5	May	2016-05	12	Thursday	0	FY2016/17	Autumn
20160513	2016-05-13	2016	2	5	May	2016-05	13	Friday	0	FY2016/17	Autumn
20160514	2016-05-14	2016	2	5	May	2016-05	14	Saturday	1	FY2016/17	Autumn
20160515	2016-05-15	2016	2	5	May	2016-05	15	Sunday	1	FY2016/17	Autumn
20160516	2016-05-16	2016	2	5	May	2016-05	16	Monday	0	FY2016/17	Autumn
20160517	2016-05-17	2016	2	5	May	2016-05	17	Tuesday	0	FY2016/17	Autumn
20160518	2016-05-18	2016	2	5	May	2016-05	18	Wednesday	0	FY2016/17	Autumn
20160519	2016-05-19	2016	2	5	May	2016-05	19	Thursday	0	FY2016/17	Autumn
20160520	2016-05-20	2016	2	5	May	2016-05	20	Friday	0	FY2016/17	Autumn
20160521	2016-05-21	2016	2	5	May	2016-05	21	Saturday	1	FY2016/17	Autumn
20160522	2016-05-22	2016	2	5	May	2016-05	22	Sunday	1	FY2016/17	Autumn
20160523	2016-05-23	2016	2	5	May	2016-05	23	Monday	0	FY2016/17	Autumn
20160524	2016-05-24	2016	2	5	May	2016-05	24	Tuesday	0	FY2016/17	Autumn
20160525	2016-05-25	2016	2	5	May	2016-05	25	Wednesday	0	FY2016/17	Autumn
20160526	2016-05-26	2016	2	5	May	2016-05	26	Thursday	0	FY2016/17	Autumn
20160527	2016-05-27	2016	2	5	May	2016-05	27	Friday	0	FY2016/17	Autumn
20160528	2016-05-28	2016	2	5	May	2016-05	28	Saturday	1	FY2016/17	Autumn
20160529	2016-05-29	2016	2	5	May	2016-05	29	Sunday	1	FY2016/17	Autumn
20160530	2016-05-30	2016	2	5	May	2016-05	30	Monday	0	FY2016/17	Autumn
20160531	2016-05-31	2016	2	5	May	2016-05	31	Tuesday	0	FY2016/17	Autumn
20160601	2016-06-01	2016	2	6	June	2016-06	1	Wednesday	0	FY2016/17	Winter
20160602	2016-06-02	2016	2	6	June	2016-06	2	Thursday	0	FY2016/17	Winter
20160603	2016-06-03	2016	2	6	June	2016-06	3	Friday	0	FY2016/17	Winter
20160604	2016-06-04	2016	2	6	June	2016-06	4	Saturday	1	FY2016/17	Winter
20160605	2016-06-05	2016	2	6	June	2016-06	5	Sunday	1	FY2016/17	Winter
20160606	2016-06-06	2016	2	6	June	2016-06	6	Monday	0	FY2016/17	Winter
20160607	2016-06-07	2016	2	6	June	2016-06	7	Tuesday	0	FY2016/17	Winter
20160608	2016-06-08	2016	2	6	June	2016-06	8	Wednesday	0	FY2016/17	Winter
20160609	2016-06-09	2016	2	6	June	2016-06	9	Thursday	0	FY2016/17	Winter
20160610	2016-06-10	2016	2	6	June	2016-06	10	Friday	0	FY2016/17	Winter
20160611	2016-06-11	2016	2	6	June	2016-06	11	Saturday	1	FY2016/17	Winter
20160612	2016-06-12	2016	2	6	June	2016-06	12	Sunday	1	FY2016/17	Winter
20160613	2016-06-13	2016	2	6	June	2016-06	13	Monday	0	FY2016/17	Winter
20160614	2016-06-14	2016	2	6	June	2016-06	14	Tuesday	0	FY2016/17	Winter
20160615	2016-06-15	2016	2	6	June	2016-06	15	Wednesday	0	FY2016/17	Winter
20160616	2016-06-16	2016	2	6	June	2016-06	16	Thursday	0	FY2016/17	Winter
20160617	2016-06-17	2016	2	6	June	2016-06	17	Friday	0	FY2016/17	Winter
20160618	2016-06-18	2016	2	6	June	2016-06	18	Saturday	1	FY2016/17	Winter
20160619	2016-06-19	2016	2	6	June	2016-06	19	Sunday	1	FY2016/17	Winter
20160620	2016-06-20	2016	2	6	June	2016-06	20	Monday	0	FY2016/17	Winter
20160621	2016-06-21	2016	2	6	June	2016-06	21	Tuesday	0	FY2016/17	Winter
20160622	2016-06-22	2016	2	6	June	2016-06	22	Wednesday	0	FY2016/17	Winter
20160623	2016-06-23	2016	2	6	June	2016-06	23	Thursday	0	FY2016/17	Winter
20160624	2016-06-24	2016	2	6	June	2016-06	24	Friday	0	FY2016/17	Winter
20160625	2016-06-25	2016	2	6	June	2016-06	25	Saturday	1	FY2016/17	Winter
20160626	2016-06-26	2016	2	6	June	2016-06	26	Sunday	1	FY2016/17	Winter
20160627	2016-06-27	2016	2	6	June	2016-06	27	Monday	0	FY2016/17	Winter
20160628	2016-06-28	2016	2	6	June	2016-06	28	Tuesday	0	FY2016/17	Winter
20160629	2016-06-29	2016	2	6	June	2016-06	29	Wednesday	0	FY2016/17	Winter
20160630	2016-06-30	2016	2	6	June	2016-06	30	Thursday	0	FY2016/17	Winter
20160701	2016-07-01	2016	3	7	July	2016-07	1	Friday	0	FY2016/17	Winter
20160702	2016-07-02	2016	3	7	July	2016-07	2	Saturday	1	FY2016/17	Winter
20160703	2016-07-03	2016	3	7	July	2016-07	3	Sunday	1	FY2016/17	Winter
20160704	2016-07-04	2016	3	7	July	2016-07	4	Monday	0	FY2016/17	Winter
20160705	2016-07-05	2016	3	7	July	2016-07	5	Tuesday	0	FY2016/17	Winter
20160706	2016-07-06	2016	3	7	July	2016-07	6	Wednesday	0	FY2016/17	Winter
20160707	2016-07-07	2016	3	7	July	2016-07	7	Thursday	0	FY2016/17	Winter
20160708	2016-07-08	2016	3	7	July	2016-07	8	Friday	0	FY2016/17	Winter
20160709	2016-07-09	2016	3	7	July	2016-07	9	Saturday	1	FY2016/17	Winter
20160710	2016-07-10	2016	3	7	July	2016-07	10	Sunday	1	FY2016/17	Winter
20160711	2016-07-11	2016	3	7	July	2016-07	11	Monday	0	FY2016/17	Winter
20160712	2016-07-12	2016	3	7	July	2016-07	12	Tuesday	0	FY2016/17	Winter
20160713	2016-07-13	2016	3	7	July	2016-07	13	Wednesday	0	FY2016/17	Winter
20160714	2016-07-14	2016	3	7	July	2016-07	14	Thursday	0	FY2016/17	Winter
20160715	2016-07-15	2016	3	7	July	2016-07	15	Friday	0	FY2016/17	Winter
20160716	2016-07-16	2016	3	7	July	2016-07	16	Saturday	1	FY2016/17	Winter
20160717	2016-07-17	2016	3	7	July	2016-07	17	Sunday	1	FY2016/17	Winter
20160718	2016-07-18	2016	3	7	July	2016-07	18	Monday	0	FY2016/17	Winter
20160719	2016-07-19	2016	3	7	July	2016-07	19	Tuesday	0	FY2016/17	Winter
20160720	2016-07-20	2016	3	7	July	2016-07	20	Wednesday	0	FY2016/17	Winter
20160721	2016-07-21	2016	3	7	July	2016-07	21	Thursday	0	FY2016/17	Winter
20160722	2016-07-22	2016	3	7	July	2016-07	22	Friday	0	FY2016/17	Winter
20160723	2016-07-23	2016	3	7	July	2016-07	23	Saturday	1	FY2016/17	Winter
20160724	2016-07-24	2016	3	7	July	2016-07	24	Sunday	1	FY2016/17	Winter
20160725	2016-07-25	2016	3	7	July	2016-07	25	Monday	0	FY2016/17	Winter
20160726	2016-07-26	2016	3	7	July	2016-07	26	Tuesday	0	FY2016/17	Winter
20160727	2016-07-27	2016	3	7	July	2016-07	27	Wednesday	0	FY2016/17	Winter
20160728	2016-07-28	2016	3	7	July	2016-07	28	Thursday	0	FY2016/17	Winter
20160729	2016-07-29	2016	3	7	July	2016-07	29	Friday	0	FY2016/17	Winter
20160730	2016-07-30	2016	3	7	July	2016-07	30	Saturday	1	FY2016/17	Winter
20160731	2016-07-31	2016	3	7	July	2016-07	31	Sunday	1	FY2016/17	Winter
20160801	2016-08-01	2016	3	8	August	2016-08	1	Monday	0	FY2016/17	Winter
20160802	2016-08-02	2016	3	8	August	2016-08	2	Tuesday	0	FY2016/17	Winter
20160803	2016-08-03	2016	3	8	August	2016-08	3	Wednesday	0	FY2016/17	Winter
20160804	2016-08-04	2016	3	8	August	2016-08	4	Thursday	0	FY2016/17	Winter
20160805	2016-08-05	2016	3	8	August	2016-08	5	Friday	0	FY2016/17	Winter
20160806	2016-08-06	2016	3	8	August	2016-08	6	Saturday	1	FY2016/17	Winter
20160807	2016-08-07	2016	3	8	August	2016-08	7	Sunday	1	FY2016/17	Winter
20160808	2016-08-08	2016	3	8	August	2016-08	8	Monday	0	FY2016/17	Winter
20160809	2016-08-09	2016	3	8	August	2016-08	9	Tuesday	0	FY2016/17	Winter
20160810	2016-08-10	2016	3	8	August	2016-08	10	Wednesday	0	FY2016/17	Winter
20160811	2016-08-11	2016	3	8	August	2016-08	11	Thursday	0	FY2016/17	Winter
20160812	2016-08-12	2016	3	8	August	2016-08	12	Friday	0	FY2016/17	Winter
20160813	2016-08-13	2016	3	8	August	2016-08	13	Saturday	1	FY2016/17	Winter
20160814	2016-08-14	2016	3	8	August	2016-08	14	Sunday	1	FY2016/17	Winter
20160815	2016-08-15	2016	3	8	August	2016-08	15	Monday	0	FY2016/17	Winter
20160816	2016-08-16	2016	3	8	August	2016-08	16	Tuesday	0	FY2016/17	Winter
20160817	2016-08-17	2016	3	8	August	2016-08	17	Wednesday	0	FY2016/17	Winter
20160818	2016-08-18	2016	3	8	August	2016-08	18	Thursday	0	FY2016/17	Winter
20160819	2016-08-19	2016	3	8	August	2016-08	19	Friday	0	FY2016/17	Winter
20160820	2016-08-20	2016	3	8	August	2016-08	20	Saturday	1	FY2016/17	Winter
20160821	2016-08-21	2016	3	8	August	2016-08	21	Sunday	1	FY2016/17	Winter
20160822	2016-08-22	2016	3	8	August	2016-08	22	Monday	0	FY2016/17	Winter
20160823	2016-08-23	2016	3	8	August	2016-08	23	Tuesday	0	FY2016/17	Winter
20160824	2016-08-24	2016	3	8	August	2016-08	24	Wednesday	0	FY2016/17	Winter
20160825	2016-08-25	2016	3	8	August	2016-08	25	Thursday	0	FY2016/17	Winter
20160826	2016-08-26	2016	3	8	August	2016-08	26	Friday	0	FY2016/17	Winter
20160827	2016-08-27	2016	3	8	August	2016-08	27	Saturday	1	FY2016/17	Winter
20160828	2016-08-28	2016	3	8	August	2016-08	28	Sunday	1	FY2016/17	Winter
20160829	2016-08-29	2016	3	8	August	2016-08	29	Monday	0	FY2016/17	Winter
20160830	2016-08-30	2016	3	8	August	2016-08	30	Tuesday	0	FY2016/17	Winter
20160831	2016-08-31	2016	3	8	August	2016-08	31	Wednesday	0	FY2016/17	Winter
20160901	2016-09-01	2016	3	9	September	2016-09	1	Thursday	0	FY2016/17	Spring
20160902	2016-09-02	2016	3	9	September	2016-09	2	Friday	0	FY2016/17	Spring
20160903	2016-09-03	2016	3	9	September	2016-09	3	Saturday	1	FY2016/17	Spring
20160904	2016-09-04	2016	3	9	September	2016-09	4	Sunday	1	FY2016/17	Spring
20160905	2016-09-05	2016	3	9	September	2016-09	5	Monday	0	FY2016/17	Spring
20160906	2016-09-06	2016	3	9	September	2016-09	6	Tuesday	0	FY2016/17	Spring
20160907	2016-09-07	2016	3	9	September	2016-09	7	Wednesday	0	FY2016/17	Spring
20160908	2016-09-08	2016	3	9	September	2016-09	8	Thursday	0	FY2016/17	Spring
20160909	2016-09-09	2016	3	9	September	2016-09	9	Friday	0	FY2016/17	Spring
20160910	2016-09-10	2016	3	9	September	2016-09	10	Saturday	1	FY2016/17	Spring
20160911	2016-09-11	2016	3	9	September	2016-09	11	Sunday	1	FY2016/17	Spring
20160912	2016-09-12	2016	3	9	September	2016-09	12	Monday	0	FY2016/17	Spring
20160913	2016-09-13	2016	3	9	September	2016-09	13	Tuesday	0	FY2016/17	Spring
20160914	2016-09-14	2016	3	9	September	2016-09	14	Wednesday	0	FY2016/17	Spring
20160915	2016-09-15	2016	3	9	September	2016-09	15	Thursday	0	FY2016/17	Spring
20160916	2016-09-16	2016	3	9	September	2016-09	16	Friday	0	FY2016/17	Spring
20160917	2016-09-17	2016	3	9	September	2016-09	17	Saturday	1	FY2016/17	Spring
20160918	2016-09-18	2016	3	9	September	2016-09	18	Sunday	1	FY2016/17	Spring
20160919	2016-09-19	2016	3	9	September	2016-09	19	Monday	0	FY2016/17	Spring
20160920	2016-09-20	2016	3	9	September	2016-09	20	Tuesday	0	FY2016/17	Spring
20160921	2016-09-21	2016	3	9	September	2016-09	21	Wednesday	0	FY2016/17	Spring
20160922	2016-09-22	2016	3	9	September	2016-09	22	Thursday	0	FY2016/17	Spring
20160923	2016-09-23	2016	3	9	September	2016-09	23	Friday	0	FY2016/17	Spring
20160924	2016-09-24	2016	3	9	September	2016-09	24	Saturday	1	FY2016/17	Spring
20160925	2016-09-25	2016	3	9	September	2016-09	25	Sunday	1	FY2016/17	Spring
20160926	2016-09-26	2016	3	9	September	2016-09	26	Monday	0	FY2016/17	Spring
20160927	2016-09-27	2016	3	9	September	2016-09	27	Tuesday	0	FY2016/17	Spring
20160928	2016-09-28	2016	3	9	September	2016-09	28	Wednesday	0	FY2016/17	Spring
20160929	2016-09-29	2016	3	9	September	2016-09	29	Thursday	0	FY2016/17	Spring
20160930	2016-09-30	2016	3	9	September	2016-09	30	Friday	0	FY2016/17	Spring
20161001	2016-10-01	2016	4	10	October	2016-10	1	Saturday	1	FY2016/17	Spring
20161002	2016-10-02	2016	4	10	October	2016-10	2	Sunday	1	FY2016/17	Spring
20161003	2016-10-03	2016	4	10	October	2016-10	3	Monday	0	FY2016/17	Spring
20161004	2016-10-04	2016	4	10	October	2016-10	4	Tuesday	0	FY2016/17	Spring
20161005	2016-10-05	2016	4	10	October	2016-10	5	Wednesday	0	FY2016/17	Spring
20161006	2016-10-06	2016	4	10	October	2016-10	6	Thursday	0	FY2016/17	Spring
20161007	2016-10-07	2016	4	10	October	2016-10	7	Friday	0	FY2016/17	Spring
20161008	2016-10-08	2016	4	10	October	2016-10	8	Saturday	1	FY2016/17	Spring
20161009	2016-10-09	2016	4	10	October	2016-10	9	Sunday	1	FY2016/17	Spring
20161010	2016-10-10	2016	4	10	October	2016-10	10	Monday	0	FY2016/17	Spring
20161011	2016-10-11	2016	4	10	October	2016-10	11	Tuesday	0	FY2016/17	Spring
20161012	2016-10-12	2016	4	10	October	2016-10	12	Wednesday	0	FY2016/17	Spring
20161013	2016-10-13	2016	4	10	October	2016-10	13	Thursday	0	FY2016/17	Spring
20161014	2016-10-14	2016	4	10	October	2016-10	14	Friday	0	FY2016/17	Spring
20161015	2016-10-15	2016	4	10	October	2016-10	15	Saturday	1	FY2016/17	Spring
20161016	2016-10-16	2016	4	10	October	2016-10	16	Sunday	1	FY2016/17	Spring
20161017	2016-10-17	2016	4	10	October	2016-10	17	Monday	0	FY2016/17	Spring
20161018	2016-10-18	2016	4	10	October	2016-10	18	Tuesday	0	FY2016/17	Spring
20161019	2016-10-19	2016	4	10	October	2016-10	19	Wednesday	0	FY2016/17	Spring
20161020	2016-10-20	2016	4	10	October	2016-10	20	Thursday	0	FY2016/17	Spring
20161021	2016-10-21	2016	4	10	October	2016-10	21	Friday	0	FY2016/17	Spring
20161022	2016-10-22	2016	4	10	October	2016-10	22	Saturday	1	FY2016/17	Spring
20161023	2016-10-23	2016	4	10	October	2016-10	23	Sunday	1	FY2016/17	Spring
20161024	2016-10-24	2016	4	10	October	2016-10	24	Monday	0	FY2016/17	Spring
20161025	2016-10-25	2016	4	10	October	2016-10	25	Tuesday	0	FY2016/17	Spring
20161026	2016-10-26	2016	4	10	October	2016-10	26	Wednesday	0	FY2016/17	Spring
20161027	2016-10-27	2016	4	10	October	2016-10	27	Thursday	0	FY2016/17	Spring
20161028	2016-10-28	2016	4	10	October	2016-10	28	Friday	0	FY2016/17	Spring
20161029	2016-10-29	2016	4	10	October	2016-10	29	Saturday	1	FY2016/17	Spring
20161030	2016-10-30	2016	4	10	October	2016-10	30	Sunday	1	FY2016/17	Spring
20161031	2016-10-31	2016	4	10	October	2016-10	31	Monday	0	FY2016/17	Spring
20161101	2016-11-01	2016	4	11	November	2016-11	1	Tuesday	0	FY2016/17	Spring
20161102	2016-11-02	2016	4	11	November	2016-11	2	Wednesday	0	FY2016/17	Spring
20161103	2016-11-03	2016	4	11	November	2016-11	3	Thursday	0	FY2016/17	Spring
20161104	2016-11-04	2016	4	11	November	2016-11	4	Friday	0	FY2016/17	Spring
20161105	2016-11-05	2016	4	11	November	2016-11	5	Saturday	1	FY2016/17	Spring
20161106	2016-11-06	2016	4	11	November	2016-11	6	Sunday	1	FY2016/17	Spring
20161107	2016-11-07	2016	4	11	November	2016-11	7	Monday	0	FY2016/17	Spring
20161108	2016-11-08	2016	4	11	November	2016-11	8	Tuesday	0	FY2016/17	Spring
20161109	2016-11-09	2016	4	11	November	2016-11	9	Wednesday	0	FY2016/17	Spring
20161110	2016-11-10	2016	4	11	November	2016-11	10	Thursday	0	FY2016/17	Spring
20161111	2016-11-11	2016	4	11	November	2016-11	11	Friday	0	FY2016/17	Spring
20161112	2016-11-12	2016	4	11	November	2016-11	12	Saturday	1	FY2016/17	Spring
20161113	2016-11-13	2016	4	11	November	2016-11	13	Sunday	1	FY2016/17	Spring
20161114	2016-11-14	2016	4	11	November	2016-11	14	Monday	0	FY2016/17	Spring
20161115	2016-11-15	2016	4	11	November	2016-11	15	Tuesday	0	FY2016/17	Spring
20161116	2016-11-16	2016	4	11	November	2016-11	16	Wednesday	0	FY2016/17	Spring
20161117	2016-11-17	2016	4	11	November	2016-11	17	Thursday	0	FY2016/17	Spring
20161118	2016-11-18	2016	4	11	November	2016-11	18	Friday	0	FY2016/17	Spring
20161119	2016-11-19	2016	4	11	November	2016-11	19	Saturday	1	FY2016/17	Spring
20161120	2016-11-20	2016	4	11	November	2016-11	20	Sunday	1	FY2016/17	Spring
20161121	2016-11-21	2016	4	11	November	2016-11	21	Monday	0	FY2016/17	Spring
20161122	2016-11-22	2016	4	11	November	2016-11	22	Tuesday	0	FY2016/17	Spring
20161123	2016-11-23	2016	4	11	November	2016-11	23	Wednesday	0	FY2016/17	Spring
20161124	2016-11-24	2016	4	11	November	2016-11	24	Thursday	0	FY2016/17	Spring
20161125	2016-11-25	2016	4	11	November	2016-11	25	Friday	0	FY2016/17	Spring
20161126	2016-11-26	2016	4	11	November	2016-11	26	Saturday	1	FY2016/17	Spring
20161127	2016-11-27	2016	4	11	November	2016-11	27	Sunday	1	FY2016/17	Spring
20161128	2016-11-28	2016	4	11	November	2016-11	28	Monday	0	FY2016/17	Spring
20161129	2016-11-29	2016	4	11	November	2016-11	29	Tuesday	0	FY2016/17	Spring
20161130	2016-11-30	2016	4	11	November	2016-11	30	Wednesday	0	FY2016/17	Spring
20161201	2016-12-01	2016	4	12	December	2016-12	1	Thursday	0	FY2016/17	Summer
20161202	2016-12-02	2016	4	12	December	2016-12	2	Friday	0	FY2016/17	Summer
20161203	2016-12-03	2016	4	12	December	2016-12	3	Saturday	1	FY2016/17	Summer
20161204	2016-12-04	2016	4	12	December	2016-12	4	Sunday	1	FY2016/17	Summer
20161205	2016-12-05	2016	4	12	December	2016-12	5	Monday	0	FY2016/17	Summer
20161206	2016-12-06	2016	4	12	December	2016-12	6	Tuesday	0	FY2016/17	Summer
20161207	2016-12-07	2016	4	12	December	2016-12	7	Wednesday	0	FY2016/17	Summer
20161208	2016-12-08	2016	4	12	December	2016-12	8	Thursday	0	FY2016/17	Summer
20161209	2016-12-09	2016	4	12	December	2016-12	9	Friday	0	FY2016/17	Summer
20161210	2016-12-10	2016	4	12	December	2016-12	10	Saturday	1	FY2016/17	Summer
20161211	2016-12-11	2016	4	12	December	2016-12	11	Sunday	1	FY2016/17	Summer
20161212	2016-12-12	2016	4	12	December	2016-12	12	Monday	0	FY2016/17	Summer
20161213	2016-12-13	2016	4	12	December	2016-12	13	Tuesday	0	FY2016/17	Summer
20161214	2016-12-14	2016	4	12	December	2016-12	14	Wednesday	0	FY2016/17	Summer
20161215	2016-12-15	2016	4	12	December	2016-12	15	Thursday	0	FY2016/17	Summer
20161216	2016-12-16	2016	4	12	December	2016-12	16	Friday	0	FY2016/17	Summer
20161217	2016-12-17	2016	4	12	December	2016-12	17	Saturday	1	FY2016/17	Summer
20161218	2016-12-18	2016	4	12	December	2016-12	18	Sunday	1	FY2016/17	Summer
20161219	2016-12-19	2016	4	12	December	2016-12	19	Monday	0	FY2016/17	Summer
20161220	2016-12-20	2016	4	12	December	2016-12	20	Tuesday	0	FY2016/17	Summer
20161221	2016-12-21	2016	4	12	December	2016-12	21	Wednesday	0	FY2016/17	Summer
20161222	2016-12-22	2016	4	12	December	2016-12	22	Thursday	0	FY2016/17	Summer
20161223	2016-12-23	2016	4	12	December	2016-12	23	Friday	0	FY2016/17	Summer
20161224	2016-12-24	2016	4	12	December	2016-12	24	Saturday	1	FY2016/17	Summer
20161225	2016-12-25	2016	4	12	December	2016-12	25	Sunday	1	FY2016/17	Summer
20161226	2016-12-26	2016	4	12	December	2016-12	26	Monday	0	FY2016/17	Summer
20161227	2016-12-27	2016	4	12	December	2016-12	27	Tuesday	0	FY2016/17	Summer
20161228	2016-12-28	2016	4	12	December	2016-12	28	Wednesday	0	FY2016/17	Summer
20161229	2016-12-29	2016	4	12	December	2016-12	29	Thursday	0	FY2016/17	Summer
20161230	2016-12-30	2016	4	12	December	2016-12	30	Friday	0	FY2016/17	Summer
20161231	2016-12-31	2016	4	12	December	2016-12	31	Saturday	1	FY2016/17	Summer
20170101	2017-01-01	2017	1	1	January	2017-01	1	Sunday	1	FY2016/17	Summer
20170102	2017-01-02	2017	1	1	January	2017-01	2	Monday	0	FY2016/17	Summer
20170103	2017-01-03	2017	1	1	January	2017-01	3	Tuesday	0	FY2016/17	Summer
20170104	2017-01-04	2017	1	1	January	2017-01	4	Wednesday	0	FY2016/17	Summer
20170105	2017-01-05	2017	1	1	January	2017-01	5	Thursday	0	FY2016/17	Summer
20170106	2017-01-06	2017	1	1	January	2017-01	6	Friday	0	FY2016/17	Summer
20170107	2017-01-07	2017	1	1	January	2017-01	7	Saturday	1	FY2016/17	Summer
20170108	2017-01-08	2017	1	1	January	2017-01	8	Sunday	1	FY2016/17	Summer
20170109	2017-01-09	2017	1	1	January	2017-01	9	Monday	0	FY2016/17	Summer
20170110	2017-01-10	2017	1	1	January	2017-01	10	Tuesday	0	FY2016/17	Summer
20170111	2017-01-11	2017	1	1	January	2017-01	11	Wednesday	0	FY2016/17	Summer
20170112	2017-01-12	2017	1	1	January	2017-01	12	Thursday	0	FY2016/17	Summer
20170113	2017-01-13	2017	1	1	January	2017-01	13	Friday	0	FY2016/17	Summer
20170114	2017-01-14	2017	1	1	January	2017-01	14	Saturday	1	FY2016/17	Summer
20170115	2017-01-15	2017	1	1	January	2017-01	15	Sunday	1	FY2016/17	Summer
20170116	2017-01-16	2017	1	1	January	2017-01	16	Monday	0	FY2016/17	Summer
20170117	2017-01-17	2017	1	1	January	2017-01	17	Tuesday	0	FY2016/17	Summer
20170118	2017-01-18	2017	1	1	January	2017-01	18	Wednesday	0	FY2016/17	Summer
20170119	2017-01-19	2017	1	1	January	2017-01	19	Thursday	0	FY2016/17	Summer
20170120	2017-01-20	2017	1	1	January	2017-01	20	Friday	0	FY2016/17	Summer
20170121	2017-01-21	2017	1	1	January	2017-01	21	Saturday	1	FY2016/17	Summer
20170122	2017-01-22	2017	1	1	January	2017-01	22	Sunday	1	FY2016/17	Summer
20170123	2017-01-23	2017	1	1	January	2017-01	23	Monday	0	FY2016/17	Summer
20170124	2017-01-24	2017	1	1	January	2017-01	24	Tuesday	0	FY2016/17	Summer
20170125	2017-01-25	2017	1	1	January	2017-01	25	Wednesday	0	FY2016/17	Summer
20170126	2017-01-26	2017	1	1	January	2017-01	26	Thursday	0	FY2016/17	Summer
20170127	2017-01-27	2017	1	1	January	2017-01	27	Friday	0	FY2016/17	Summer
20170128	2017-01-28	2017	1	1	January	2017-01	28	Saturday	1	FY2016/17	Summer
20170129	2017-01-29	2017	1	1	January	2017-01	29	Sunday	1	FY2016/17	Summer
20170130	2017-01-30	2017	1	1	January	2017-01	30	Monday	0	FY2016/17	Summer
20170131	2017-01-31	2017	1	1	January	2017-01	31	Tuesday	0	FY2016/17	Summer
20170201	2017-02-01	2017	1	2	February	2017-02	1	Wednesday	0	FY2016/17	Summer
20170202	2017-02-02	2017	1	2	February	2017-02	2	Thursday	0	FY2016/17	Summer
20170203	2017-02-03	2017	1	2	February	2017-02	3	Friday	0	FY2016/17	Summer
20170204	2017-02-04	2017	1	2	February	2017-02	4	Saturday	1	FY2016/17	Summer
20170205	2017-02-05	2017	1	2	February	2017-02	5	Sunday	1	FY2016/17	Summer
20170206	2017-02-06	2017	1	2	February	2017-02	6	Monday	0	FY2016/17	Summer
20170207	2017-02-07	2017	1	2	February	2017-02	7	Tuesday	0	FY2016/17	Summer
20170208	2017-02-08	2017	1	2	February	2017-02	8	Wednesday	0	FY2016/17	Summer
20170209	2017-02-09	2017	1	2	February	2017-02	9	Thursday	0	FY2016/17	Summer
20170210	2017-02-10	2017	1	2	February	2017-02	10	Friday	0	FY2016/17	Summer
20170211	2017-02-11	2017	1	2	February	2017-02	11	Saturday	1	FY2016/17	Summer
20170212	2017-02-12	2017	1	2	February	2017-02	12	Sunday	1	FY2016/17	Summer
20170213	2017-02-13	2017	1	2	February	2017-02	13	Monday	0	FY2016/17	Summer
20170214	2017-02-14	2017	1	2	February	2017-02	14	Tuesday	0	FY2016/17	Summer
20170215	2017-02-15	2017	1	2	February	2017-02	15	Wednesday	0	FY2016/17	Summer
20170216	2017-02-16	2017	1	2	February	2017-02	16	Thursday	0	FY2016/17	Summer
20170217	2017-02-17	2017	1	2	February	2017-02	17	Friday	0	FY2016/17	Summer
20170218	2017-02-18	2017	1	2	February	2017-02	18	Saturday	1	FY2016/17	Summer
20170219	2017-02-19	2017	1	2	February	2017-02	19	Sunday	1	FY2016/17	Summer
20170220	2017-02-20	2017	1	2	February	2017-02	20	Monday	0	FY2016/17	Summer
20170221	2017-02-21	2017	1	2	February	2017-02	21	Tuesday	0	FY2016/17	Summer
20170222	2017-02-22	2017	1	2	February	2017-02	22	Wednesday	0	FY2016/17	Summer
20170223	2017-02-23	2017	1	2	February	2017-02	23	Thursday	0	FY2016/17	Summer
20170224	2017-02-24	2017	1	2	February	2017-02	24	Friday	0	FY2016/17	Summer
20170225	2017-02-25	2017	1	2	February	2017-02	25	Saturday	1	FY2016/17	Summer
20170226	2017-02-26	2017	1	2	February	2017-02	26	Sunday	1	FY2016/17	Summer
20170227	2017-02-27	2017	1	2	February	2017-02	27	Monday	0	FY2016/17	Summer
20170228	2017-02-28	2017	1	2	February	2017-02	28	Tuesday	0	FY2016/17	Summer
20170301	2017-03-01	2017	1	3	March	2017-03	1	Wednesday	0	FY2016/17	Autumn
20170302	2017-03-02	2017	1	3	March	2017-03	2	Thursday	0	FY2016/17	Autumn
20170303	2017-03-03	2017	1	3	March	2017-03	3	Friday	0	FY2016/17	Autumn
20170304	2017-03-04	2017	1	3	March	2017-03	4	Saturday	1	FY2016/17	Autumn
20170305	2017-03-05	2017	1	3	March	2017-03	5	Sunday	1	FY2016/17	Autumn
20170306	2017-03-06	2017	1	3	March	2017-03	6	Monday	0	FY2016/17	Autumn
20170307	2017-03-07	2017	1	3	March	2017-03	7	Tuesday	0	FY2016/17	Autumn
20170308	2017-03-08	2017	1	3	March	2017-03	8	Wednesday	0	FY2016/17	Autumn
20170309	2017-03-09	2017	1	3	March	2017-03	9	Thursday	0	FY2016/17	Autumn
20170310	2017-03-10	2017	1	3	March	2017-03	10	Friday	0	FY2016/17	Autumn
20170311	2017-03-11	2017	1	3	March	2017-03	11	Saturday	1	FY2016/17	Autumn
20170312	2017-03-12	2017	1	3	March	2017-03	12	Sunday	1	FY2016/17	Autumn
20170313	2017-03-13	2017	1	3	March	2017-03	13	Monday	0	FY2016/17	Autumn
20170314	2017-03-14	2017	1	3	March	2017-03	14	Tuesday	0	FY2016/17	Autumn
20170315	2017-03-15	2017	1	3	March	2017-03	15	Wednesday	0	FY2016/17	Autumn
20170316	2017-03-16	2017	1	3	March	2017-03	16	Thursday	0	FY2016/17	Autumn
20170317	2017-03-17	2017	1	3	March	2017-03	17	Friday	0	FY2016/17	Autumn
20170318	2017-03-18	2017	1	3	March	2017-03	18	Saturday	1	FY2016/17	Autumn
20170319	2017-03-19	2017	1	3	March	2017-03	19	Sunday	1	FY2016/17	Autumn
20170320	2017-03-20	2017	1	3	March	2017-03	20	Monday	0	FY2016/17	Autumn
20170321	2017-03-21	2017	1	3	March	2017-03	21	Tuesday	0	FY2016/17	Autumn
20170322	2017-03-22	2017	1	3	March	2017-03	22	Wednesday	0	FY2016/17	Autumn
20170323	2017-03-23	2017	1	3	March	2017-03	23	Thursday	0	FY2016/17	Autumn
20170324	2017-03-24	2017	1	3	March	2017-03	24	Friday	0	FY2016/17	Autumn
20170325	2017-03-25	2017	1	3	March	2017-03	25	Saturday	1	FY2016/17	Autumn
20170326	2017-03-26	2017	1	3	March	2017-03	26	Sunday	1	FY2016/17	Autumn
20170327	2017-03-27	2017	1	3	March	2017-03	27	Monday	0	FY2016/17	Autumn
20170328	2017-03-28	2017	1	3	March	2017-03	28	Tuesday	0	FY2016/17	Autumn
20170329	2017-03-29	2017	1	3	March	2017-03	29	Wednesday	0	FY2016/17	Autumn
20170330	2017-03-30	2017	1	3	March	2017-03	30	Thursday	0	FY2016/17	Autumn
20170331	2017-03-31	2017	1	3	March	2017-03	31	Friday	0	FY2016/17	Autumn
20170401	2017-04-01	2017	2	4	April	2017-04	1	Saturday	1	FY2017/18	Autumn
20170402	2017-04-02	2017	2	4	April	2017-04	2	Sunday	1	FY2017/18	Autumn
20170403	2017-04-03	2017	2	4	April	2017-04	3	Monday	0	FY2017/18	Autumn
20170404	2017-04-04	2017	2	4	April	2017-04	4	Tuesday	0	FY2017/18	Autumn
20170405	2017-04-05	2017	2	4	April	2017-04	5	Wednesday	0	FY2017/18	Autumn
20170406	2017-04-06	2017	2	4	April	2017-04	6	Thursday	0	FY2017/18	Autumn
20170407	2017-04-07	2017	2	4	April	2017-04	7	Friday	0	FY2017/18	Autumn
20170408	2017-04-08	2017	2	4	April	2017-04	8	Saturday	1	FY2017/18	Autumn
20170409	2017-04-09	2017	2	4	April	2017-04	9	Sunday	1	FY2017/18	Autumn
20170410	2017-04-10	2017	2	4	April	2017-04	10	Monday	0	FY2017/18	Autumn
20170411	2017-04-11	2017	2	4	April	2017-04	11	Tuesday	0	FY2017/18	Autumn
20170412	2017-04-12	2017	2	4	April	2017-04	12	Wednesday	0	FY2017/18	Autumn
20170413	2017-04-13	2017	2	4	April	2017-04	13	Thursday	0	FY2017/18	Autumn
20170414	2017-04-14	2017	2	4	April	2017-04	14	Friday	0	FY2017/18	Autumn
20170415	2017-04-15	2017	2	4	April	2017-04	15	Saturday	1	FY2017/18	Autumn
20170416	2017-04-16	2017	2	4	April	2017-04	16	Sunday	1	FY2017/18	Autumn
20170417	2017-04-17	2017	2	4	April	2017-04	17	Monday	0	FY2017/18	Autumn
20170418	2017-04-18	2017	2	4	April	2017-04	18	Tuesday	0	FY2017/18	Autumn
20170419	2017-04-19	2017	2	4	April	2017-04	19	Wednesday	0	FY2017/18	Autumn
20170420	2017-04-20	2017	2	4	April	2017-04	20	Thursday	0	FY2017/18	Autumn
20170421	2017-04-21	2017	2	4	April	2017-04	21	Friday	0	FY2017/18	Autumn
20170422	2017-04-22	2017	2	4	April	2017-04	22	Saturday	1	FY2017/18	Autumn
20170423	2017-04-23	2017	2	4	April	2017-04	23	Sunday	1	FY2017/18	Autumn
20170424	2017-04-24	2017	2	4	April	2017-04	24	Monday	0	FY2017/18	Autumn
20170425	2017-04-25	2017	2	4	April	2017-04	25	Tuesday	0	FY2017/18	Autumn
20170426	2017-04-26	2017	2	4	April	2017-04	26	Wednesday	0	FY2017/18	Autumn
20170427	2017-04-27	2017	2	4	April	2017-04	27	Thursday	0	FY2017/18	Autumn
20170428	2017-04-28	2017	2	4	April	2017-04	28	Friday	0	FY2017/18	Autumn
20170429	2017-04-29	2017	2	4	April	2017-04	29	Saturday	1	FY2017/18	Autumn
20170430	2017-04-30	2017	2	4	April	2017-04	30	Sunday	1	FY2017/18	Autumn
20170501	2017-05-01	2017	2	5	May	2017-05	1	Monday	0	FY2017/18	Autumn
20170502	2017-05-02	2017	2	5	May	2017-05	2	Tuesday	0	FY2017/18	Autumn
20170503	2017-05-03	2017	2	5	May	2017-05	3	Wednesday	0	FY2017/18	Autumn
20170504	2017-05-04	2017	2	5	May	2017-05	4	Thursday	0	FY2017/18	Autumn
20170505	2017-05-05	2017	2	5	May	2017-05	5	Friday	0	FY2017/18	Autumn
20170506	2017-05-06	2017	2	5	May	2017-05	6	Saturday	1	FY2017/18	Autumn
20170507	2017-05-07	2017	2	5	May	2017-05	7	Sunday	1	FY2017/18	Autumn
20170508	2017-05-08	2017	2	5	May	2017-05	8	Monday	0	FY2017/18	Autumn
20170509	2017-05-09	2017	2	5	May	2017-05	9	Tuesday	0	FY2017/18	Autumn
20170510	2017-05-10	2017	2	5	May	2017-05	10	Wednesday	0	FY2017/18	Autumn
20170511	2017-05-11	2017	2	5	May	2017-05	11	Thursday	0	FY2017/18	Autumn
20170512	2017-05-12	2017	2	5	May	2017-05	12	Friday	0	FY2017/18	Autumn
20170513	2017-05-13	2017	2	5	May	2017-05	13	Saturday	1	FY2017/18	Autumn
20170514	2017-05-14	2017	2	5	May	2017-05	14	Sunday	1	FY2017/18	Autumn
20170515	2017-05-15	2017	2	5	May	2017-05	15	Monday	0	FY2017/18	Autumn
20170516	2017-05-16	2017	2	5	May	2017-05	16	Tuesday	0	FY2017/18	Autumn
20170517	2017-05-17	2017	2	5	May	2017-05	17	Wednesday	0	FY2017/18	Autumn
20170518	2017-05-18	2017	2	5	May	2017-05	18	Thursday	0	FY2017/18	Autumn
20170519	2017-05-19	2017	2	5	May	2017-05	19	Friday	0	FY2017/18	Autumn
20170520	2017-05-20	2017	2	5	May	2017-05	20	Saturday	1	FY2017/18	Autumn
20170521	2017-05-21	2017	2	5	May	2017-05	21	Sunday	1	FY2017/18	Autumn
20170522	2017-05-22	2017	2	5	May	2017-05	22	Monday	0	FY2017/18	Autumn
20170523	2017-05-23	2017	2	5	May	2017-05	23	Tuesday	0	FY2017/18	Autumn
20170524	2017-05-24	2017	2	5	May	2017-05	24	Wednesday	0	FY2017/18	Autumn
20170525	2017-05-25	2017	2	5	May	2017-05	25	Thursday	0	FY2017/18	Autumn
20170526	2017-05-26	2017	2	5	May	2017-05	26	Friday	0	FY2017/18	Autumn
20170527	2017-05-27	2017	2	5	May	2017-05	27	Saturday	1	FY2017/18	Autumn
20170528	2017-05-28	2017	2	5	May	2017-05	28	Sunday	1	FY2017/18	Autumn
20170529	2017-05-29	2017	2	5	May	2017-05	29	Monday	0	FY2017/18	Autumn
20170530	2017-05-30	2017	2	5	May	2017-05	30	Tuesday	0	FY2017/18	Autumn
20170531	2017-05-31	2017	2	5	May	2017-05	31	Wednesday	0	FY2017/18	Autumn
20170601	2017-06-01	2017	2	6	June	2017-06	1	Thursday	0	FY2017/18	Winter
20170602	2017-06-02	2017	2	6	June	2017-06	2	Friday	0	FY2017/18	Winter
20170603	2017-06-03	2017	2	6	June	2017-06	3	Saturday	1	FY2017/18	Winter
20170604	2017-06-04	2017	2	6	June	2017-06	4	Sunday	1	FY2017/18	Winter
20170605	2017-06-05	2017	2	6	June	2017-06	5	Monday	0	FY2017/18	Winter
20170606	2017-06-06	2017	2	6	June	2017-06	6	Tuesday	0	FY2017/18	Winter
20170607	2017-06-07	2017	2	6	June	2017-06	7	Wednesday	0	FY2017/18	Winter
20170608	2017-06-08	2017	2	6	June	2017-06	8	Thursday	0	FY2017/18	Winter
20170609	2017-06-09	2017	2	6	June	2017-06	9	Friday	0	FY2017/18	Winter
20170610	2017-06-10	2017	2	6	June	2017-06	10	Saturday	1	FY2017/18	Winter
20170611	2017-06-11	2017	2	6	June	2017-06	11	Sunday	1	FY2017/18	Winter
20170612	2017-06-12	2017	2	6	June	2017-06	12	Monday	0	FY2017/18	Winter
20170613	2017-06-13	2017	2	6	June	2017-06	13	Tuesday	0	FY2017/18	Winter
20170614	2017-06-14	2017	2	6	June	2017-06	14	Wednesday	0	FY2017/18	Winter
20170615	2017-06-15	2017	2	6	June	2017-06	15	Thursday	0	FY2017/18	Winter
20170616	2017-06-16	2017	2	6	June	2017-06	16	Friday	0	FY2017/18	Winter
20170617	2017-06-17	2017	2	6	June	2017-06	17	Saturday	1	FY2017/18	Winter
20170618	2017-06-18	2017	2	6	June	2017-06	18	Sunday	1	FY2017/18	Winter
20170619	2017-06-19	2017	2	6	June	2017-06	19	Monday	0	FY2017/18	Winter
20170620	2017-06-20	2017	2	6	June	2017-06	20	Tuesday	0	FY2017/18	Winter
20170621	2017-06-21	2017	2	6	June	2017-06	21	Wednesday	0	FY2017/18	Winter
20170622	2017-06-22	2017	2	6	June	2017-06	22	Thursday	0	FY2017/18	Winter
20170623	2017-06-23	2017	2	6	June	2017-06	23	Friday	0	FY2017/18	Winter
20170624	2017-06-24	2017	2	6	June	2017-06	24	Saturday	1	FY2017/18	Winter
20170625	2017-06-25	2017	2	6	June	2017-06	25	Sunday	1	FY2017/18	Winter
20170626	2017-06-26	2017	2	6	June	2017-06	26	Monday	0	FY2017/18	Winter
20170627	2017-06-27	2017	2	6	June	2017-06	27	Tuesday	0	FY2017/18	Winter
20170628	2017-06-28	2017	2	6	June	2017-06	28	Wednesday	0	FY2017/18	Winter
20170629	2017-06-29	2017	2	6	June	2017-06	29	Thursday	0	FY2017/18	Winter
20170630	2017-06-30	2017	2	6	June	2017-06	30	Friday	0	FY2017/18	Winter
20170701	2017-07-01	2017	3	7	July	2017-07	1	Saturday	1	FY2017/18	Winter
20170702	2017-07-02	2017	3	7	July	2017-07	2	Sunday	1	FY2017/18	Winter
20170703	2017-07-03	2017	3	7	July	2017-07	3	Monday	0	FY2017/18	Winter
20170704	2017-07-04	2017	3	7	July	2017-07	4	Tuesday	0	FY2017/18	Winter
20170705	2017-07-05	2017	3	7	July	2017-07	5	Wednesday	0	FY2017/18	Winter
20170706	2017-07-06	2017	3	7	July	2017-07	6	Thursday	0	FY2017/18	Winter
20170707	2017-07-07	2017	3	7	July	2017-07	7	Friday	0	FY2017/18	Winter
20170708	2017-07-08	2017	3	7	July	2017-07	8	Saturday	1	FY2017/18	Winter
20170709	2017-07-09	2017	3	7	July	2017-07	9	Sunday	1	FY2017/18	Winter
20170710	2017-07-10	2017	3	7	July	2017-07	10	Monday	0	FY2017/18	Winter
20170711	2017-07-11	2017	3	7	July	2017-07	11	Tuesday	0	FY2017/18	Winter
20170712	2017-07-12	2017	3	7	July	2017-07	12	Wednesday	0	FY2017/18	Winter
20170713	2017-07-13	2017	3	7	July	2017-07	13	Thursday	0	FY2017/18	Winter
20170714	2017-07-14	2017	3	7	July	2017-07	14	Friday	0	FY2017/18	Winter
20170715	2017-07-15	2017	3	7	July	2017-07	15	Saturday	1	FY2017/18	Winter
20170716	2017-07-16	2017	3	7	July	2017-07	16	Sunday	1	FY2017/18	Winter
20170717	2017-07-17	2017	3	7	July	2017-07	17	Monday	0	FY2017/18	Winter
20170718	2017-07-18	2017	3	7	July	2017-07	18	Tuesday	0	FY2017/18	Winter
20170719	2017-07-19	2017	3	7	July	2017-07	19	Wednesday	0	FY2017/18	Winter
20170720	2017-07-20	2017	3	7	July	2017-07	20	Thursday	0	FY2017/18	Winter
20170721	2017-07-21	2017	3	7	July	2017-07	21	Friday	0	FY2017/18	Winter
20170722	2017-07-22	2017	3	7	July	2017-07	22	Saturday	1	FY2017/18	Winter
20170723	2017-07-23	2017	3	7	July	2017-07	23	Sunday	1	FY2017/18	Winter
20170724	2017-07-24	2017	3	7	July	2017-07	24	Monday	0	FY2017/18	Winter
20170725	2017-07-25	2017	3	7	July	2017-07	25	Tuesday	0	FY2017/18	Winter
20170726	2017-07-26	2017	3	7	July	2017-07	26	Wednesday	0	FY2017/18	Winter
20170727	2017-07-27	2017	3	7	July	2017-07	27	Thursday	0	FY2017/18	Winter
20170728	2017-07-28	2017	3	7	July	2017-07	28	Friday	0	FY2017/18	Winter
20170729	2017-07-29	2017	3	7	July	2017-07	29	Saturday	1	FY2017/18	Winter
20170730	2017-07-30	2017	3	7	July	2017-07	30	Sunday	1	FY2017/18	Winter
20170731	2017-07-31	2017	3	7	July	2017-07	31	Monday	0	FY2017/18	Winter
20170801	2017-08-01	2017	3	8	August	2017-08	1	Tuesday	0	FY2017/18	Winter
20170802	2017-08-02	2017	3	8	August	2017-08	2	Wednesday	0	FY2017/18	Winter
20170803	2017-08-03	2017	3	8	August	2017-08	3	Thursday	0	FY2017/18	Winter
20170804	2017-08-04	2017	3	8	August	2017-08	4	Friday	0	FY2017/18	Winter
20170805	2017-08-05	2017	3	8	August	2017-08	5	Saturday	1	FY2017/18	Winter
20170806	2017-08-06	2017	3	8	August	2017-08	6	Sunday	1	FY2017/18	Winter
20170807	2017-08-07	2017	3	8	August	2017-08	7	Monday	0	FY2017/18	Winter
20170808	2017-08-08	2017	3	8	August	2017-08	8	Tuesday	0	FY2017/18	Winter
20170809	2017-08-09	2017	3	8	August	2017-08	9	Wednesday	0	FY2017/18	Winter
20170810	2017-08-10	2017	3	8	August	2017-08	10	Thursday	0	FY2017/18	Winter
20170811	2017-08-11	2017	3	8	August	2017-08	11	Friday	0	FY2017/18	Winter
20170812	2017-08-12	2017	3	8	August	2017-08	12	Saturday	1	FY2017/18	Winter
20170813	2017-08-13	2017	3	8	August	2017-08	13	Sunday	1	FY2017/18	Winter
20170814	2017-08-14	2017	3	8	August	2017-08	14	Monday	0	FY2017/18	Winter
20170815	2017-08-15	2017	3	8	August	2017-08	15	Tuesday	0	FY2017/18	Winter
20170816	2017-08-16	2017	3	8	August	2017-08	16	Wednesday	0	FY2017/18	Winter
20170817	2017-08-17	2017	3	8	August	2017-08	17	Thursday	0	FY2017/18	Winter
20170818	2017-08-18	2017	3	8	August	2017-08	18	Friday	0	FY2017/18	Winter
20170819	2017-08-19	2017	3	8	August	2017-08	19	Saturday	1	FY2017/18	Winter
20170820	2017-08-20	2017	3	8	August	2017-08	20	Sunday	1	FY2017/18	Winter
20170821	2017-08-21	2017	3	8	August	2017-08	21	Monday	0	FY2017/18	Winter
20170822	2017-08-22	2017	3	8	August	2017-08	22	Tuesday	0	FY2017/18	Winter
20170823	2017-08-23	2017	3	8	August	2017-08	23	Wednesday	0	FY2017/18	Winter
20170824	2017-08-24	2017	3	8	August	2017-08	24	Thursday	0	FY2017/18	Winter
20170825	2017-08-25	2017	3	8	August	2017-08	25	Friday	0	FY2017/18	Winter
20170826	2017-08-26	2017	3	8	August	2017-08	26	Saturday	1	FY2017/18	Winter
20170827	2017-08-27	2017	3	8	August	2017-08	27	Sunday	1	FY2017/18	Winter
20170828	2017-08-28	2017	3	8	August	2017-08	28	Monday	0	FY2017/18	Winter
20170829	2017-08-29	2017	3	8	August	2017-08	29	Tuesday	0	FY2017/18	Winter
20170830	2017-08-30	2017	3	8	August	2017-08	30	Wednesday	0	FY2017/18	Winter
20170831	2017-08-31	2017	3	8	August	2017-08	31	Thursday	0	FY2017/18	Winter
20170901	2017-09-01	2017	3	9	September	2017-09	1	Friday	0	FY2017/18	Spring
20170902	2017-09-02	2017	3	9	September	2017-09	2	Saturday	1	FY2017/18	Spring
20170903	2017-09-03	2017	3	9	September	2017-09	3	Sunday	1	FY2017/18	Spring
20170904	2017-09-04	2017	3	9	September	2017-09	4	Monday	0	FY2017/18	Spring
20170905	2017-09-05	2017	3	9	September	2017-09	5	Tuesday	0	FY2017/18	Spring
20170906	2017-09-06	2017	3	9	September	2017-09	6	Wednesday	0	FY2017/18	Spring
20170907	2017-09-07	2017	3	9	September	2017-09	7	Thursday	0	FY2017/18	Spring
20170908	2017-09-08	2017	3	9	September	2017-09	8	Friday	0	FY2017/18	Spring
20170909	2017-09-09	2017	3	9	September	2017-09	9	Saturday	1	FY2017/18	Spring
20170910	2017-09-10	2017	3	9	September	2017-09	10	Sunday	1	FY2017/18	Spring
20170911	2017-09-11	2017	3	9	September	2017-09	11	Monday	0	FY2017/18	Spring
20170912	2017-09-12	2017	3	9	September	2017-09	12	Tuesday	0	FY2017/18	Spring
20170913	2017-09-13	2017	3	9	September	2017-09	13	Wednesday	0	FY2017/18	Spring
20170914	2017-09-14	2017	3	9	September	2017-09	14	Thursday	0	FY2017/18	Spring
20170915	2017-09-15	2017	3	9	September	2017-09	15	Friday	0	FY2017/18	Spring
20170916	2017-09-16	2017	3	9	September	2017-09	16	Saturday	1	FY2017/18	Spring
20170917	2017-09-17	2017	3	9	September	2017-09	17	Sunday	1	FY2017/18	Spring
20170918	2017-09-18	2017	3	9	September	2017-09	18	Monday	0	FY2017/18	Spring
20170919	2017-09-19	2017	3	9	September	2017-09	19	Tuesday	0	FY2017/18	Spring
20170920	2017-09-20	2017	3	9	September	2017-09	20	Wednesday	0	FY2017/18	Spring
20170921	2017-09-21	2017	3	9	September	2017-09	21	Thursday	0	FY2017/18	Spring
20170922	2017-09-22	2017	3	9	September	2017-09	22	Friday	0	FY2017/18	Spring
20170923	2017-09-23	2017	3	9	September	2017-09	23	Saturday	1	FY2017/18	Spring
20170924	2017-09-24	2017	3	9	September	2017-09	24	Sunday	1	FY2017/18	Spring
20170925	2017-09-25	2017	3	9	September	2017-09	25	Monday	0	FY2017/18	Spring
20170926	2017-09-26	2017	3	9	September	2017-09	26	Tuesday	0	FY2017/18	Spring
20170927	2017-09-27	2017	3	9	September	2017-09	27	Wednesday	0	FY2017/18	Spring
20170928	2017-09-28	2017	3	9	September	2017-09	28	Thursday	0	FY2017/18	Spring
20170929	2017-09-29	2017	3	9	September	2017-09	29	Friday	0	FY2017/18	Spring
20170930	2017-09-30	2017	3	9	September	2017-09	30	Saturday	1	FY2017/18	Spring
20171001	2017-10-01	2017	4	10	October	2017-10	1	Sunday	1	FY2017/18	Spring
20171002	2017-10-02	2017	4	10	October	2017-10	2	Monday	0	FY2017/18	Spring
20171003	2017-10-03	2017	4	10	October	2017-10	3	Tuesday	0	FY2017/18	Spring
20171004	2017-10-04	2017	4	10	October	2017-10	4	Wednesday	0	FY2017/18	Spring
20171005	2017-10-05	2017	4	10	October	2017-10	5	Thursday	0	FY2017/18	Spring
20171006	2017-10-06	2017	4	10	October	2017-10	6	Friday	0	FY2017/18	Spring
20171007	2017-10-07	2017	4	10	October	2017-10	7	Saturday	1	FY2017/18	Spring
20171008	2017-10-08	2017	4	10	October	2017-10	8	Sunday	1	FY2017/18	Spring
20171009	2017-10-09	2017	4	10	October	2017-10	9	Monday	0	FY2017/18	Spring
20171010	2017-10-10	2017	4	10	October	2017-10	10	Tuesday	0	FY2017/18	Spring
20171011	2017-10-11	2017	4	10	October	2017-10	11	Wednesday	0	FY2017/18	Spring
20171012	2017-10-12	2017	4	10	October	2017-10	12	Thursday	0	FY2017/18	Spring
20171013	2017-10-13	2017	4	10	October	2017-10	13	Friday	0	FY2017/18	Spring
20171014	2017-10-14	2017	4	10	October	2017-10	14	Saturday	1	FY2017/18	Spring
20171015	2017-10-15	2017	4	10	October	2017-10	15	Sunday	1	FY2017/18	Spring
20171016	2017-10-16	2017	4	10	October	2017-10	16	Monday	0	FY2017/18	Spring
20171017	2017-10-17	2017	4	10	October	2017-10	17	Tuesday	0	FY2017/18	Spring
20171018	2017-10-18	2017	4	10	October	2017-10	18	Wednesday	0	FY2017/18	Spring
20171019	2017-10-19	2017	4	10	October	2017-10	19	Thursday	0	FY2017/18	Spring
20171020	2017-10-20	2017	4	10	October	2017-10	20	Friday	0	FY2017/18	Spring
20171021	2017-10-21	2017	4	10	October	2017-10	21	Saturday	1	FY2017/18	Spring
20171022	2017-10-22	2017	4	10	October	2017-10	22	Sunday	1	FY2017/18	Spring
20171023	2017-10-23	2017	4	10	October	2017-10	23	Monday	0	FY2017/18	Spring
20171024	2017-10-24	2017	4	10	October	2017-10	24	Tuesday	0	FY2017/18	Spring
20171025	2017-10-25	2017	4	10	October	2017-10	25	Wednesday	0	FY2017/18	Spring
20171026	2017-10-26	2017	4	10	October	2017-10	26	Thursday	0	FY2017/18	Spring
20171027	2017-10-27	2017	4	10	October	2017-10	27	Friday	0	FY2017/18	Spring
20171028	2017-10-28	2017	4	10	October	2017-10	28	Saturday	1	FY2017/18	Spring
20171029	2017-10-29	2017	4	10	October	2017-10	29	Sunday	1	FY2017/18	Spring
20171030	2017-10-30	2017	4	10	October	2017-10	30	Monday	0	FY2017/18	Spring
20171031	2017-10-31	2017	4	10	October	2017-10	31	Tuesday	0	FY2017/18	Spring
20171101	2017-11-01	2017	4	11	November	2017-11	1	Wednesday	0	FY2017/18	Spring
20171102	2017-11-02	2017	4	11	November	2017-11	2	Thursday	0	FY2017/18	Spring
20171103	2017-11-03	2017	4	11	November	2017-11	3	Friday	0	FY2017/18	Spring
20171104	2017-11-04	2017	4	11	November	2017-11	4	Saturday	1	FY2017/18	Spring
20171105	2017-11-05	2017	4	11	November	2017-11	5	Sunday	1	FY2017/18	Spring
20171106	2017-11-06	2017	4	11	November	2017-11	6	Monday	0	FY2017/18	Spring
20171107	2017-11-07	2017	4	11	November	2017-11	7	Tuesday	0	FY2017/18	Spring
20171108	2017-11-08	2017	4	11	November	2017-11	8	Wednesday	0	FY2017/18	Spring
20171109	2017-11-09	2017	4	11	November	2017-11	9	Thursday	0	FY2017/18	Spring
20171110	2017-11-10	2017	4	11	November	2017-11	10	Friday	0	FY2017/18	Spring
20171111	2017-11-11	2017	4	11	November	2017-11	11	Saturday	1	FY2017/18	Spring
20171112	2017-11-12	2017	4	11	November	2017-11	12	Sunday	1	FY2017/18	Spring
20171113	2017-11-13	2017	4	11	November	2017-11	13	Monday	0	FY2017/18	Spring
20171114	2017-11-14	2017	4	11	November	2017-11	14	Tuesday	0	FY2017/18	Spring
20171115	2017-11-15	2017	4	11	November	2017-11	15	Wednesday	0	FY2017/18	Spring
20171116	2017-11-16	2017	4	11	November	2017-11	16	Thursday	0	FY2017/18	Spring
20171117	2017-11-17	2017	4	11	November	2017-11	17	Friday	0	FY2017/18	Spring
20171118	2017-11-18	2017	4	11	November	2017-11	18	Saturday	1	FY2017/18	Spring
20171119	2017-11-19	2017	4	11	November	2017-11	19	Sunday	1	FY2017/18	Spring
20171120	2017-11-20	2017	4	11	November	2017-11	20	Monday	0	FY2017/18	Spring
20171121	2017-11-21	2017	4	11	November	2017-11	21	Tuesday	0	FY2017/18	Spring
20171122	2017-11-22	2017	4	11	November	2017-11	22	Wednesday	0	FY2017/18	Spring
20171123	2017-11-23	2017	4	11	November	2017-11	23	Thursday	0	FY2017/18	Spring
20171124	2017-11-24	2017	4	11	November	2017-11	24	Friday	0	FY2017/18	Spring
20171125	2017-11-25	2017	4	11	November	2017-11	25	Saturday	1	FY2017/18	Spring
20171126	2017-11-26	2017	4	11	November	2017-11	26	Sunday	1	FY2017/18	Spring
20171127	2017-11-27	2017	4	11	November	2017-11	27	Monday	0	FY2017/18	Spring
20171128	2017-11-28	2017	4	11	November	2017-11	28	Tuesday	0	FY2017/18	Spring
20171129	2017-11-29	2017	4	11	November	2017-11	29	Wednesday	0	FY2017/18	Spring
20171130	2017-11-30	2017	4	11	November	2017-11	30	Thursday	0	FY2017/18	Spring
20171201	2017-12-01	2017	4	12	December	2017-12	1	Friday	0	FY2017/18	Summer
20171202	2017-12-02	2017	4	12	December	2017-12	2	Saturday	1	FY2017/18	Summer
20171203	2017-12-03	2017	4	12	December	2017-12	3	Sunday	1	FY2017/18	Summer
20171204	2017-12-04	2017	4	12	December	2017-12	4	Monday	0	FY2017/18	Summer
20171205	2017-12-05	2017	4	12	December	2017-12	5	Tuesday	0	FY2017/18	Summer
20171206	2017-12-06	2017	4	12	December	2017-12	6	Wednesday	0	FY2017/18	Summer
20171207	2017-12-07	2017	4	12	December	2017-12	7	Thursday	0	FY2017/18	Summer
20171208	2017-12-08	2017	4	12	December	2017-12	8	Friday	0	FY2017/18	Summer
20171209	2017-12-09	2017	4	12	December	2017-12	9	Saturday	1	FY2017/18	Summer
20171210	2017-12-10	2017	4	12	December	2017-12	10	Sunday	1	FY2017/18	Summer
20171211	2017-12-11	2017	4	12	December	2017-12	11	Monday	0	FY2017/18	Summer
20171212	2017-12-12	2017	4	12	December	2017-12	12	Tuesday	0	FY2017/18	Summer
20171213	2017-12-13	2017	4	12	December	2017-12	13	Wednesday	0	FY2017/18	Summer
20171214	2017-12-14	2017	4	12	December	2017-12	14	Thursday	0	FY2017/18	Summer
20171215	2017-12-15	2017	4	12	December	2017-12	15	Friday	0	FY2017/18	Summer
20171216	2017-12-16	2017	4	12	December	2017-12	16	Saturday	1	FY2017/18	Summer
20171217	2017-12-17	2017	4	12	December	2017-12	17	Sunday	1	FY2017/18	Summer
20171218	2017-12-18	2017	4	12	December	2017-12	18	Monday	0	FY2017/18	Summer
20171219	2017-12-19	2017	4	12	December	2017-12	19	Tuesday	0	FY2017/18	Summer
20171220	2017-12-20	2017	4	12	December	2017-12	20	Wednesday	0	FY2017/18	Summer
20171221	2017-12-21	2017	4	12	December	2017-12	21	Thursday	0	FY2017/18	Summer
20171222	2017-12-22	2017	4	12	December	2017-12	22	Friday	0	FY2017/18	Summer
20171223	2017-12-23	2017	4	12	December	2017-12	23	Saturday	1	FY2017/18	Summer
20171224	2017-12-24	2017	4	12	December	2017-12	24	Sunday	1	FY2017/18	Summer
20171225	2017-12-25	2017	4	12	December	2017-12	25	Monday	0	FY2017/18	Summer
20171226	2017-12-26	2017	4	12	December	2017-12	26	Tuesday	0	FY2017/18	Summer
20171227	2017-12-27	2017	4	12	December	2017-12	27	Wednesday	0	FY2017/18	Summer
20171228	2017-12-28	2017	4	12	December	2017-12	28	Thursday	0	FY2017/18	Summer
20171229	2017-12-29	2017	4	12	December	2017-12	29	Friday	0	FY2017/18	Summer
20171230	2017-12-30	2017	4	12	December	2017-12	30	Saturday	1	FY2017/18	Summer
20171231	2017-12-31	2017	4	12	December	2017-12	31	Sunday	1	FY2017/18	Summer
20180101	2018-01-01	2018	1	1	January	2018-01	1	Monday	0	FY2017/18	Summer
20180102	2018-01-02	2018	1	1	January	2018-01	2	Tuesday	0	FY2017/18	Summer
20180103	2018-01-03	2018	1	1	January	2018-01	3	Wednesday	0	FY2017/18	Summer
20180104	2018-01-04	2018	1	1	January	2018-01	4	Thursday	0	FY2017/18	Summer
20180105	2018-01-05	2018	1	1	January	2018-01	5	Friday	0	FY2017/18	Summer
20180106	2018-01-06	2018	1	1	January	2018-01	6	Saturday	1	FY2017/18	Summer
20180107	2018-01-07	2018	1	1	January	2018-01	7	Sunday	1	FY2017/18	Summer
20180108	2018-01-08	2018	1	1	January	2018-01	8	Monday	0	FY2017/18	Summer
20180109	2018-01-09	2018	1	1	January	2018-01	9	Tuesday	0	FY2017/18	Summer
20180110	2018-01-10	2018	1	1	January	2018-01	10	Wednesday	0	FY2017/18	Summer
20180111	2018-01-11	2018	1	1	January	2018-01	11	Thursday	0	FY2017/18	Summer
20180112	2018-01-12	2018	1	1	January	2018-01	12	Friday	0	FY2017/18	Summer
20180113	2018-01-13	2018	1	1	January	2018-01	13	Saturday	1	FY2017/18	Summer
20180114	2018-01-14	2018	1	1	January	2018-01	14	Sunday	1	FY2017/18	Summer
20180115	2018-01-15	2018	1	1	January	2018-01	15	Monday	0	FY2017/18	Summer
20180116	2018-01-16	2018	1	1	January	2018-01	16	Tuesday	0	FY2017/18	Summer
20180117	2018-01-17	2018	1	1	January	2018-01	17	Wednesday	0	FY2017/18	Summer
20180118	2018-01-18	2018	1	1	January	2018-01	18	Thursday	0	FY2017/18	Summer
20180119	2018-01-19	2018	1	1	January	2018-01	19	Friday	0	FY2017/18	Summer
20180120	2018-01-20	2018	1	1	January	2018-01	20	Saturday	1	FY2017/18	Summer
20180121	2018-01-21	2018	1	1	January	2018-01	21	Sunday	1	FY2017/18	Summer
20180122	2018-01-22	2018	1	1	January	2018-01	22	Monday	0	FY2017/18	Summer
20180123	2018-01-23	2018	1	1	January	2018-01	23	Tuesday	0	FY2017/18	Summer
20180124	2018-01-24	2018	1	1	January	2018-01	24	Wednesday	0	FY2017/18	Summer
20180125	2018-01-25	2018	1	1	January	2018-01	25	Thursday	0	FY2017/18	Summer
20180126	2018-01-26	2018	1	1	January	2018-01	26	Friday	0	FY2017/18	Summer
20180127	2018-01-27	2018	1	1	January	2018-01	27	Saturday	1	FY2017/18	Summer
20180128	2018-01-28	2018	1	1	January	2018-01	28	Sunday	1	FY2017/18	Summer
20180129	2018-01-29	2018	1	1	January	2018-01	29	Monday	0	FY2017/18	Summer
20180130	2018-01-30	2018	1	1	January	2018-01	30	Tuesday	0	FY2017/18	Summer
20180131	2018-01-31	2018	1	1	January	2018-01	31	Wednesday	0	FY2017/18	Summer
20180201	2018-02-01	2018	1	2	February	2018-02	1	Thursday	0	FY2017/18	Summer
20180202	2018-02-02	2018	1	2	February	2018-02	2	Friday	0	FY2017/18	Summer
20180203	2018-02-03	2018	1	2	February	2018-02	3	Saturday	1	FY2017/18	Summer
20180204	2018-02-04	2018	1	2	February	2018-02	4	Sunday	1	FY2017/18	Summer
20180205	2018-02-05	2018	1	2	February	2018-02	5	Monday	0	FY2017/18	Summer
20180206	2018-02-06	2018	1	2	February	2018-02	6	Tuesday	0	FY2017/18	Summer
20180207	2018-02-07	2018	1	2	February	2018-02	7	Wednesday	0	FY2017/18	Summer
20180208	2018-02-08	2018	1	2	February	2018-02	8	Thursday	0	FY2017/18	Summer
20180209	2018-02-09	2018	1	2	February	2018-02	9	Friday	0	FY2017/18	Summer
20180210	2018-02-10	2018	1	2	February	2018-02	10	Saturday	1	FY2017/18	Summer
20180211	2018-02-11	2018	1	2	February	2018-02	11	Sunday	1	FY2017/18	Summer
20180212	2018-02-12	2018	1	2	February	2018-02	12	Monday	0	FY2017/18	Summer
20180213	2018-02-13	2018	1	2	February	2018-02	13	Tuesday	0	FY2017/18	Summer
20180214	2018-02-14	2018	1	2	February	2018-02	14	Wednesday	0	FY2017/18	Summer
20180215	2018-02-15	2018	1	2	February	2018-02	15	Thursday	0	FY2017/18	Summer
20180216	2018-02-16	2018	1	2	February	2018-02	16	Friday	0	FY2017/18	Summer
20180217	2018-02-17	2018	1	2	February	2018-02	17	Saturday	1	FY2017/18	Summer
20180218	2018-02-18	2018	1	2	February	2018-02	18	Sunday	1	FY2017/18	Summer
20180219	2018-02-19	2018	1	2	February	2018-02	19	Monday	0	FY2017/18	Summer
20180220	2018-02-20	2018	1	2	February	2018-02	20	Tuesday	0	FY2017/18	Summer
20180221	2018-02-21	2018	1	2	February	2018-02	21	Wednesday	0	FY2017/18	Summer
20180222	2018-02-22	2018	1	2	February	2018-02	22	Thursday	0	FY2017/18	Summer
20180223	2018-02-23	2018	1	2	February	2018-02	23	Friday	0	FY2017/18	Summer
20180224	2018-02-24	2018	1	2	February	2018-02	24	Saturday	1	FY2017/18	Summer
20180225	2018-02-25	2018	1	2	February	2018-02	25	Sunday	1	FY2017/18	Summer
20180226	2018-02-26	2018	1	2	February	2018-02	26	Monday	0	FY2017/18	Summer
20180227	2018-02-27	2018	1	2	February	2018-02	27	Tuesday	0	FY2017/18	Summer
20180228	2018-02-28	2018	1	2	February	2018-02	28	Wednesday	0	FY2017/18	Summer
20180301	2018-03-01	2018	1	3	March	2018-03	1	Thursday	0	FY2017/18	Autumn
20180302	2018-03-02	2018	1	3	March	2018-03	2	Friday	0	FY2017/18	Autumn
20180303	2018-03-03	2018	1	3	March	2018-03	3	Saturday	1	FY2017/18	Autumn
20180304	2018-03-04	2018	1	3	March	2018-03	4	Sunday	1	FY2017/18	Autumn
20180305	2018-03-05	2018	1	3	March	2018-03	5	Monday	0	FY2017/18	Autumn
20180306	2018-03-06	2018	1	3	March	2018-03	6	Tuesday	0	FY2017/18	Autumn
20180307	2018-03-07	2018	1	3	March	2018-03	7	Wednesday	0	FY2017/18	Autumn
20180308	2018-03-08	2018	1	3	March	2018-03	8	Thursday	0	FY2017/18	Autumn
20180309	2018-03-09	2018	1	3	March	2018-03	9	Friday	0	FY2017/18	Autumn
20180310	2018-03-10	2018	1	3	March	2018-03	10	Saturday	1	FY2017/18	Autumn
20180311	2018-03-11	2018	1	3	March	2018-03	11	Sunday	1	FY2017/18	Autumn
20180312	2018-03-12	2018	1	3	March	2018-03	12	Monday	0	FY2017/18	Autumn
20180313	2018-03-13	2018	1	3	March	2018-03	13	Tuesday	0	FY2017/18	Autumn
20180314	2018-03-14	2018	1	3	March	2018-03	14	Wednesday	0	FY2017/18	Autumn
20180315	2018-03-15	2018	1	3	March	2018-03	15	Thursday	0	FY2017/18	Autumn
20180316	2018-03-16	2018	1	3	March	2018-03	16	Friday	0	FY2017/18	Autumn
20180317	2018-03-17	2018	1	3	March	2018-03	17	Saturday	1	FY2017/18	Autumn
20180318	2018-03-18	2018	1	3	March	2018-03	18	Sunday	1	FY2017/18	Autumn
20180319	2018-03-19	2018	1	3	March	2018-03	19	Monday	0	FY2017/18	Autumn
20180320	2018-03-20	2018	1	3	March	2018-03	20	Tuesday	0	FY2017/18	Autumn
20180321	2018-03-21	2018	1	3	March	2018-03	21	Wednesday	0	FY2017/18	Autumn
20180322	2018-03-22	2018	1	3	March	2018-03	22	Thursday	0	FY2017/18	Autumn
20180323	2018-03-23	2018	1	3	March	2018-03	23	Friday	0	FY2017/18	Autumn
20180324	2018-03-24	2018	1	3	March	2018-03	24	Saturday	1	FY2017/18	Autumn
20180325	2018-03-25	2018	1	3	March	2018-03	25	Sunday	1	FY2017/18	Autumn
20180326	2018-03-26	2018	1	3	March	2018-03	26	Monday	0	FY2017/18	Autumn
20180327	2018-03-27	2018	1	3	March	2018-03	27	Tuesday	0	FY2017/18	Autumn
20180328	2018-03-28	2018	1	3	March	2018-03	28	Wednesday	0	FY2017/18	Autumn
20180329	2018-03-29	2018	1	3	March	2018-03	29	Thursday	0	FY2017/18	Autumn
20180330	2018-03-30	2018	1	3	March	2018-03	30	Friday	0	FY2017/18	Autumn
20180331	2018-03-31	2018	1	3	March	2018-03	31	Saturday	1	FY2017/18	Autumn
20180401	2018-04-01	2018	2	4	April	2018-04	1	Sunday	1	FY2018/19	Autumn
20180402	2018-04-02	2018	2	4	April	2018-04	2	Monday	0	FY2018/19	Autumn
20180403	2018-04-03	2018	2	4	April	2018-04	3	Tuesday	0	FY2018/19	Autumn
20180404	2018-04-04	2018	2	4	April	2018-04	4	Wednesday	0	FY2018/19	Autumn
20180405	2018-04-05	2018	2	4	April	2018-04	5	Thursday	0	FY2018/19	Autumn
20180406	2018-04-06	2018	2	4	April	2018-04	6	Friday	0	FY2018/19	Autumn
20180407	2018-04-07	2018	2	4	April	2018-04	7	Saturday	1	FY2018/19	Autumn
20180408	2018-04-08	2018	2	4	April	2018-04	8	Sunday	1	FY2018/19	Autumn
20180409	2018-04-09	2018	2	4	April	2018-04	9	Monday	0	FY2018/19	Autumn
20180410	2018-04-10	2018	2	4	April	2018-04	10	Tuesday	0	FY2018/19	Autumn
20180411	2018-04-11	2018	2	4	April	2018-04	11	Wednesday	0	FY2018/19	Autumn
20180412	2018-04-12	2018	2	4	April	2018-04	12	Thursday	0	FY2018/19	Autumn
20180413	2018-04-13	2018	2	4	April	2018-04	13	Friday	0	FY2018/19	Autumn
20180414	2018-04-14	2018	2	4	April	2018-04	14	Saturday	1	FY2018/19	Autumn
20180415	2018-04-15	2018	2	4	April	2018-04	15	Sunday	1	FY2018/19	Autumn
20180416	2018-04-16	2018	2	4	April	2018-04	16	Monday	0	FY2018/19	Autumn
20180417	2018-04-17	2018	2	4	April	2018-04	17	Tuesday	0	FY2018/19	Autumn
20180418	2018-04-18	2018	2	4	April	2018-04	18	Wednesday	0	FY2018/19	Autumn
20180419	2018-04-19	2018	2	4	April	2018-04	19	Thursday	0	FY2018/19	Autumn
20180420	2018-04-20	2018	2	4	April	2018-04	20	Friday	0	FY2018/19	Autumn
20180421	2018-04-21	2018	2	4	April	2018-04	21	Saturday	1	FY2018/19	Autumn
20180422	2018-04-22	2018	2	4	April	2018-04	22	Sunday	1	FY2018/19	Autumn
20180423	2018-04-23	2018	2	4	April	2018-04	23	Monday	0	FY2018/19	Autumn
20180424	2018-04-24	2018	2	4	April	2018-04	24	Tuesday	0	FY2018/19	Autumn
20180425	2018-04-25	2018	2	4	April	2018-04	25	Wednesday	0	FY2018/19	Autumn
20180426	2018-04-26	2018	2	4	April	2018-04	26	Thursday	0	FY2018/19	Autumn
20180427	2018-04-27	2018	2	4	April	2018-04	27	Friday	0	FY2018/19	Autumn
20180428	2018-04-28	2018	2	4	April	2018-04	28	Saturday	1	FY2018/19	Autumn
20180429	2018-04-29	2018	2	4	April	2018-04	29	Sunday	1	FY2018/19	Autumn
20180430	2018-04-30	2018	2	4	April	2018-04	30	Monday	0	FY2018/19	Autumn
20180501	2018-05-01	2018	2	5	May	2018-05	1	Tuesday	0	FY2018/19	Autumn
20180502	2018-05-02	2018	2	5	May	2018-05	2	Wednesday	0	FY2018/19	Autumn
20180503	2018-05-03	2018	2	5	May	2018-05	3	Thursday	0	FY2018/19	Autumn
20180504	2018-05-04	2018	2	5	May	2018-05	4	Friday	0	FY2018/19	Autumn
20180505	2018-05-05	2018	2	5	May	2018-05	5	Saturday	1	FY2018/19	Autumn
20180506	2018-05-06	2018	2	5	May	2018-05	6	Sunday	1	FY2018/19	Autumn
20180507	2018-05-07	2018	2	5	May	2018-05	7	Monday	0	FY2018/19	Autumn
20180508	2018-05-08	2018	2	5	May	2018-05	8	Tuesday	0	FY2018/19	Autumn
20180509	2018-05-09	2018	2	5	May	2018-05	9	Wednesday	0	FY2018/19	Autumn
20180510	2018-05-10	2018	2	5	May	2018-05	10	Thursday	0	FY2018/19	Autumn
20180511	2018-05-11	2018	2	5	May	2018-05	11	Friday	0	FY2018/19	Autumn
20180512	2018-05-12	2018	2	5	May	2018-05	12	Saturday	1	FY2018/19	Autumn
20180513	2018-05-13	2018	2	5	May	2018-05	13	Sunday	1	FY2018/19	Autumn
20180514	2018-05-14	2018	2	5	May	2018-05	14	Monday	0	FY2018/19	Autumn
20180515	2018-05-15	2018	2	5	May	2018-05	15	Tuesday	0	FY2018/19	Autumn
20180516	2018-05-16	2018	2	5	May	2018-05	16	Wednesday	0	FY2018/19	Autumn
20180517	2018-05-17	2018	2	5	May	2018-05	17	Thursday	0	FY2018/19	Autumn
20180518	2018-05-18	2018	2	5	May	2018-05	18	Friday	0	FY2018/19	Autumn
20180519	2018-05-19	2018	2	5	May	2018-05	19	Saturday	1	FY2018/19	Autumn
20180520	2018-05-20	2018	2	5	May	2018-05	20	Sunday	1	FY2018/19	Autumn
20180521	2018-05-21	2018	2	5	May	2018-05	21	Monday	0	FY2018/19	Autumn
20180522	2018-05-22	2018	2	5	May	2018-05	22	Tuesday	0	FY2018/19	Autumn
20180523	2018-05-23	2018	2	5	May	2018-05	23	Wednesday	0	FY2018/19	Autumn
20180524	2018-05-24	2018	2	5	May	2018-05	24	Thursday	0	FY2018/19	Autumn
20180525	2018-05-25	2018	2	5	May	2018-05	25	Friday	0	FY2018/19	Autumn
20180526	2018-05-26	2018	2	5	May	2018-05	26	Saturday	1	FY2018/19	Autumn
20180527	2018-05-27	2018	2	5	May	2018-05	27	Sunday	1	FY2018/19	Autumn
20180528	2018-05-28	2018	2	5	May	2018-05	28	Monday	0	FY2018/19	Autumn
20180529	2018-05-29	2018	2	5	May	2018-05	29	Tuesday	0	FY2018/19	Autumn
20180530	2018-05-30	2018	2	5	May	2018-05	30	Wednesday	0	FY2018/19	Autumn
20180531	2018-05-31	2018	2	5	May	2018-05	31	Thursday	0	FY2018/19	Autumn
20180601	2018-06-01	2018	2	6	June	2018-06	1	Friday	0	FY2018/19	Winter
20180602	2018-06-02	2018	2	6	June	2018-06	2	Saturday	1	FY2018/19	Winter
20180603	2018-06-03	2018	2	6	June	2018-06	3	Sunday	1	FY2018/19	Winter
20180604	2018-06-04	2018	2	6	June	2018-06	4	Monday	0	FY2018/19	Winter
20180605	2018-06-05	2018	2	6	June	2018-06	5	Tuesday	0	FY2018/19	Winter
20180606	2018-06-06	2018	2	6	June	2018-06	6	Wednesday	0	FY2018/19	Winter
20180607	2018-06-07	2018	2	6	June	2018-06	7	Thursday	0	FY2018/19	Winter
20180608	2018-06-08	2018	2	6	June	2018-06	8	Friday	0	FY2018/19	Winter
20180609	2018-06-09	2018	2	6	June	2018-06	9	Saturday	1	FY2018/19	Winter
20180610	2018-06-10	2018	2	6	June	2018-06	10	Sunday	1	FY2018/19	Winter
20180611	2018-06-11	2018	2	6	June	2018-06	11	Monday	0	FY2018/19	Winter
20180612	2018-06-12	2018	2	6	June	2018-06	12	Tuesday	0	FY2018/19	Winter
20180613	2018-06-13	2018	2	6	June	2018-06	13	Wednesday	0	FY2018/19	Winter
20180614	2018-06-14	2018	2	6	June	2018-06	14	Thursday	0	FY2018/19	Winter
20180615	2018-06-15	2018	2	6	June	2018-06	15	Friday	0	FY2018/19	Winter
20180616	2018-06-16	2018	2	6	June	2018-06	16	Saturday	1	FY2018/19	Winter
20180617	2018-06-17	2018	2	6	June	2018-06	17	Sunday	1	FY2018/19	Winter
20180618	2018-06-18	2018	2	6	June	2018-06	18	Monday	0	FY2018/19	Winter
20180619	2018-06-19	2018	2	6	June	2018-06	19	Tuesday	0	FY2018/19	Winter
20180620	2018-06-20	2018	2	6	June	2018-06	20	Wednesday	0	FY2018/19	Winter
20180621	2018-06-21	2018	2	6	June	2018-06	21	Thursday	0	FY2018/19	Winter
20180622	2018-06-22	2018	2	6	June	2018-06	22	Friday	0	FY2018/19	Winter
20180623	2018-06-23	2018	2	6	June	2018-06	23	Saturday	1	FY2018/19	Winter
20180624	2018-06-24	2018	2	6	June	2018-06	24	Sunday	1	FY2018/19	Winter
20180625	2018-06-25	2018	2	6	June	2018-06	25	Monday	0	FY2018/19	Winter
20180626	2018-06-26	2018	2	6	June	2018-06	26	Tuesday	0	FY2018/19	Winter
20180627	2018-06-27	2018	2	6	June	2018-06	27	Wednesday	0	FY2018/19	Winter
20180628	2018-06-28	2018	2	6	June	2018-06	28	Thursday	0	FY2018/19	Winter
20180629	2018-06-29	2018	2	6	June	2018-06	29	Friday	0	FY2018/19	Winter
20180630	2018-06-30	2018	2	6	June	2018-06	30	Saturday	1	FY2018/19	Winter
20180701	2018-07-01	2018	3	7	July	2018-07	1	Sunday	1	FY2018/19	Winter
20180702	2018-07-02	2018	3	7	July	2018-07	2	Monday	0	FY2018/19	Winter
20180703	2018-07-03	2018	3	7	July	2018-07	3	Tuesday	0	FY2018/19	Winter
20180704	2018-07-04	2018	3	7	July	2018-07	4	Wednesday	0	FY2018/19	Winter
20180705	2018-07-05	2018	3	7	July	2018-07	5	Thursday	0	FY2018/19	Winter
20180706	2018-07-06	2018	3	7	July	2018-07	6	Friday	0	FY2018/19	Winter
20180707	2018-07-07	2018	3	7	July	2018-07	7	Saturday	1	FY2018/19	Winter
20180708	2018-07-08	2018	3	7	July	2018-07	8	Sunday	1	FY2018/19	Winter
20180709	2018-07-09	2018	3	7	July	2018-07	9	Monday	0	FY2018/19	Winter
20180710	2018-07-10	2018	3	7	July	2018-07	10	Tuesday	0	FY2018/19	Winter
20180711	2018-07-11	2018	3	7	July	2018-07	11	Wednesday	0	FY2018/19	Winter
20180712	2018-07-12	2018	3	7	July	2018-07	12	Thursday	0	FY2018/19	Winter
20180713	2018-07-13	2018	3	7	July	2018-07	13	Friday	0	FY2018/19	Winter
20180714	2018-07-14	2018	3	7	July	2018-07	14	Saturday	1	FY2018/19	Winter
20180715	2018-07-15	2018	3	7	July	2018-07	15	Sunday	1	FY2018/19	Winter
20180716	2018-07-16	2018	3	7	July	2018-07	16	Monday	0	FY2018/19	Winter
20180717	2018-07-17	2018	3	7	July	2018-07	17	Tuesday	0	FY2018/19	Winter
20180718	2018-07-18	2018	3	7	July	2018-07	18	Wednesday	0	FY2018/19	Winter
20180719	2018-07-19	2018	3	7	July	2018-07	19	Thursday	0	FY2018/19	Winter
20180720	2018-07-20	2018	3	7	July	2018-07	20	Friday	0	FY2018/19	Winter
20180721	2018-07-21	2018	3	7	July	2018-07	21	Saturday	1	FY2018/19	Winter
20180722	2018-07-22	2018	3	7	July	2018-07	22	Sunday	1	FY2018/19	Winter
20180723	2018-07-23	2018	3	7	July	2018-07	23	Monday	0	FY2018/19	Winter
20180724	2018-07-24	2018	3	7	July	2018-07	24	Tuesday	0	FY2018/19	Winter
20180725	2018-07-25	2018	3	7	July	2018-07	25	Wednesday	0	FY2018/19	Winter
20180726	2018-07-26	2018	3	7	July	2018-07	26	Thursday	0	FY2018/19	Winter
20180727	2018-07-27	2018	3	7	July	2018-07	27	Friday	0	FY2018/19	Winter
20180728	2018-07-28	2018	3	7	July	2018-07	28	Saturday	1	FY2018/19	Winter
20180729	2018-07-29	2018	3	7	July	2018-07	29	Sunday	1	FY2018/19	Winter
20180730	2018-07-30	2018	3	7	July	2018-07	30	Monday	0	FY2018/19	Winter
20180731	2018-07-31	2018	3	7	July	2018-07	31	Tuesday	0	FY2018/19	Winter
20180801	2018-08-01	2018	3	8	August	2018-08	1	Wednesday	0	FY2018/19	Winter
20180802	2018-08-02	2018	3	8	August	2018-08	2	Thursday	0	FY2018/19	Winter
20180803	2018-08-03	2018	3	8	August	2018-08	3	Friday	0	FY2018/19	Winter
20180804	2018-08-04	2018	3	8	August	2018-08	4	Saturday	1	FY2018/19	Winter
20180805	2018-08-05	2018	3	8	August	2018-08	5	Sunday	1	FY2018/19	Winter
20180806	2018-08-06	2018	3	8	August	2018-08	6	Monday	0	FY2018/19	Winter
20180807	2018-08-07	2018	3	8	August	2018-08	7	Tuesday	0	FY2018/19	Winter
20180808	2018-08-08	2018	3	8	August	2018-08	8	Wednesday	0	FY2018/19	Winter
20180809	2018-08-09	2018	3	8	August	2018-08	9	Thursday	0	FY2018/19	Winter
20180810	2018-08-10	2018	3	8	August	2018-08	10	Friday	0	FY2018/19	Winter
20180811	2018-08-11	2018	3	8	August	2018-08	11	Saturday	1	FY2018/19	Winter
20180812	2018-08-12	2018	3	8	August	2018-08	12	Sunday	1	FY2018/19	Winter
20180813	2018-08-13	2018	3	8	August	2018-08	13	Monday	0	FY2018/19	Winter
20180814	2018-08-14	2018	3	8	August	2018-08	14	Tuesday	0	FY2018/19	Winter
20180815	2018-08-15	2018	3	8	August	2018-08	15	Wednesday	0	FY2018/19	Winter
20180816	2018-08-16	2018	3	8	August	2018-08	16	Thursday	0	FY2018/19	Winter
20180817	2018-08-17	2018	3	8	August	2018-08	17	Friday	0	FY2018/19	Winter
20180818	2018-08-18	2018	3	8	August	2018-08	18	Saturday	1	FY2018/19	Winter
20180819	2018-08-19	2018	3	8	August	2018-08	19	Sunday	1	FY2018/19	Winter
20180820	2018-08-20	2018	3	8	August	2018-08	20	Monday	0	FY2018/19	Winter
20180821	2018-08-21	2018	3	8	August	2018-08	21	Tuesday	0	FY2018/19	Winter
20180822	2018-08-22	2018	3	8	August	2018-08	22	Wednesday	0	FY2018/19	Winter
20180823	2018-08-23	2018	3	8	August	2018-08	23	Thursday	0	FY2018/19	Winter
20180824	2018-08-24	2018	3	8	August	2018-08	24	Friday	0	FY2018/19	Winter
20180825	2018-08-25	2018	3	8	August	2018-08	25	Saturday	1	FY2018/19	Winter
20180826	2018-08-26	2018	3	8	August	2018-08	26	Sunday	1	FY2018/19	Winter
20180827	2018-08-27	2018	3	8	August	2018-08	27	Monday	0	FY2018/19	Winter
20180828	2018-08-28	2018	3	8	August	2018-08	28	Tuesday	0	FY2018/19	Winter
20180829	2018-08-29	2018	3	8	August	2018-08	29	Wednesday	0	FY2018/19	Winter
20180830	2018-08-30	2018	3	8	August	2018-08	30	Thursday	0	FY2018/19	Winter
20180831	2018-08-31	2018	3	8	August	2018-08	31	Friday	0	FY2018/19	Winter
20180901	2018-09-01	2018	3	9	September	2018-09	1	Saturday	1	FY2018/19	Spring
20180902	2018-09-02	2018	3	9	September	2018-09	2	Sunday	1	FY2018/19	Spring
20180903	2018-09-03	2018	3	9	September	2018-09	3	Monday	0	FY2018/19	Spring
20180904	2018-09-04	2018	3	9	September	2018-09	4	Tuesday	0	FY2018/19	Spring
20180905	2018-09-05	2018	3	9	September	2018-09	5	Wednesday	0	FY2018/19	Spring
20180906	2018-09-06	2018	3	9	September	2018-09	6	Thursday	0	FY2018/19	Spring
20180907	2018-09-07	2018	3	9	September	2018-09	7	Friday	0	FY2018/19	Spring
20180908	2018-09-08	2018	3	9	September	2018-09	8	Saturday	1	FY2018/19	Spring
20180909	2018-09-09	2018	3	9	September	2018-09	9	Sunday	1	FY2018/19	Spring
20180910	2018-09-10	2018	3	9	September	2018-09	10	Monday	0	FY2018/19	Spring
20180911	2018-09-11	2018	3	9	September	2018-09	11	Tuesday	0	FY2018/19	Spring
20180912	2018-09-12	2018	3	9	September	2018-09	12	Wednesday	0	FY2018/19	Spring
20180913	2018-09-13	2018	3	9	September	2018-09	13	Thursday	0	FY2018/19	Spring
20180914	2018-09-14	2018	3	9	September	2018-09	14	Friday	0	FY2018/19	Spring
20180915	2018-09-15	2018	3	9	September	2018-09	15	Saturday	1	FY2018/19	Spring
20180916	2018-09-16	2018	3	9	September	2018-09	16	Sunday	1	FY2018/19	Spring
20180917	2018-09-17	2018	3	9	September	2018-09	17	Monday	0	FY2018/19	Spring
20180918	2018-09-18	2018	3	9	September	2018-09	18	Tuesday	0	FY2018/19	Spring
20180919	2018-09-19	2018	3	9	September	2018-09	19	Wednesday	0	FY2018/19	Spring
20180920	2018-09-20	2018	3	9	September	2018-09	20	Thursday	0	FY2018/19	Spring
20180921	2018-09-21	2018	3	9	September	2018-09	21	Friday	0	FY2018/19	Spring
20180922	2018-09-22	2018	3	9	September	2018-09	22	Saturday	1	FY2018/19	Spring
20180923	2018-09-23	2018	3	9	September	2018-09	23	Sunday	1	FY2018/19	Spring
20180924	2018-09-24	2018	3	9	September	2018-09	24	Monday	0	FY2018/19	Spring
20180925	2018-09-25	2018	3	9	September	2018-09	25	Tuesday	0	FY2018/19	Spring
20180926	2018-09-26	2018	3	9	September	2018-09	26	Wednesday	0	FY2018/19	Spring
20180927	2018-09-27	2018	3	9	September	2018-09	27	Thursday	0	FY2018/19	Spring
20180928	2018-09-28	2018	3	9	September	2018-09	28	Friday	0	FY2018/19	Spring
20180929	2018-09-29	2018	3	9	September	2018-09	29	Saturday	1	FY2018/19	Spring
20180930	2018-09-30	2018	3	9	September	2018-09	30	Sunday	1	FY2018/19	Spring
20181001	2018-10-01	2018	4	10	October	2018-10	1	Monday	0	FY2018/19	Spring
20181002	2018-10-02	2018	4	10	October	2018-10	2	Tuesday	0	FY2018/19	Spring
20181003	2018-10-03	2018	4	10	October	2018-10	3	Wednesday	0	FY2018/19	Spring
20181004	2018-10-04	2018	4	10	October	2018-10	4	Thursday	0	FY2018/19	Spring
20181005	2018-10-05	2018	4	10	October	2018-10	5	Friday	0	FY2018/19	Spring
20181006	2018-10-06	2018	4	10	October	2018-10	6	Saturday	1	FY2018/19	Spring
20181007	2018-10-07	2018	4	10	October	2018-10	7	Sunday	1	FY2018/19	Spring
20181008	2018-10-08	2018	4	10	October	2018-10	8	Monday	0	FY2018/19	Spring
20181009	2018-10-09	2018	4	10	October	2018-10	9	Tuesday	0	FY2018/19	Spring
20181010	2018-10-10	2018	4	10	October	2018-10	10	Wednesday	0	FY2018/19	Spring
20181011	2018-10-11	2018	4	10	October	2018-10	11	Thursday	0	FY2018/19	Spring
20181012	2018-10-12	2018	4	10	October	2018-10	12	Friday	0	FY2018/19	Spring
20181013	2018-10-13	2018	4	10	October	2018-10	13	Saturday	1	FY2018/19	Spring
20181014	2018-10-14	2018	4	10	October	2018-10	14	Sunday	1	FY2018/19	Spring
20181015	2018-10-15	2018	4	10	October	2018-10	15	Monday	0	FY2018/19	Spring
20181016	2018-10-16	2018	4	10	October	2018-10	16	Tuesday	0	FY2018/19	Spring
20181017	2018-10-17	2018	4	10	October	2018-10	17	Wednesday	0	FY2018/19	Spring
20181018	2018-10-18	2018	4	10	October	2018-10	18	Thursday	0	FY2018/19	Spring
20181019	2018-10-19	2018	4	10	October	2018-10	19	Friday	0	FY2018/19	Spring
20181020	2018-10-20	2018	4	10	October	2018-10	20	Saturday	1	FY2018/19	Spring
20181021	2018-10-21	2018	4	10	October	2018-10	21	Sunday	1	FY2018/19	Spring
20181022	2018-10-22	2018	4	10	October	2018-10	22	Monday	0	FY2018/19	Spring
20181023	2018-10-23	2018	4	10	October	2018-10	23	Tuesday	0	FY2018/19	Spring
20181024	2018-10-24	2018	4	10	October	2018-10	24	Wednesday	0	FY2018/19	Spring
20181025	2018-10-25	2018	4	10	October	2018-10	25	Thursday	0	FY2018/19	Spring
20181026	2018-10-26	2018	4	10	October	2018-10	26	Friday	0	FY2018/19	Spring
20181027	2018-10-27	2018	4	10	October	2018-10	27	Saturday	1	FY2018/19	Spring
20181028	2018-10-28	2018	4	10	October	2018-10	28	Sunday	1	FY2018/19	Spring
20181029	2018-10-29	2018	4	10	October	2018-10	29	Monday	0	FY2018/19	Spring
20181030	2018-10-30	2018	4	10	October	2018-10	30	Tuesday	0	FY2018/19	Spring
20181031	2018-10-31	2018	4	10	October	2018-10	31	Wednesday	0	FY2018/19	Spring
20181101	2018-11-01	2018	4	11	November	2018-11	1	Thursday	0	FY2018/19	Spring
20181102	2018-11-02	2018	4	11	November	2018-11	2	Friday	0	FY2018/19	Spring
20181103	2018-11-03	2018	4	11	November	2018-11	3	Saturday	1	FY2018/19	Spring
20181104	2018-11-04	2018	4	11	November	2018-11	4	Sunday	1	FY2018/19	Spring
20181105	2018-11-05	2018	4	11	November	2018-11	5	Monday	0	FY2018/19	Spring
20181106	2018-11-06	2018	4	11	November	2018-11	6	Tuesday	0	FY2018/19	Spring
20181107	2018-11-07	2018	4	11	November	2018-11	7	Wednesday	0	FY2018/19	Spring
20181108	2018-11-08	2018	4	11	November	2018-11	8	Thursday	0	FY2018/19	Spring
20181109	2018-11-09	2018	4	11	November	2018-11	9	Friday	0	FY2018/19	Spring
20181110	2018-11-10	2018	4	11	November	2018-11	10	Saturday	1	FY2018/19	Spring
20181111	2018-11-11	2018	4	11	November	2018-11	11	Sunday	1	FY2018/19	Spring
20181112	2018-11-12	2018	4	11	November	2018-11	12	Monday	0	FY2018/19	Spring
20181113	2018-11-13	2018	4	11	November	2018-11	13	Tuesday	0	FY2018/19	Spring
20181114	2018-11-14	2018	4	11	November	2018-11	14	Wednesday	0	FY2018/19	Spring
20181115	2018-11-15	2018	4	11	November	2018-11	15	Thursday	0	FY2018/19	Spring
20181116	2018-11-16	2018	4	11	November	2018-11	16	Friday	0	FY2018/19	Spring
20181117	2018-11-17	2018	4	11	November	2018-11	17	Saturday	1	FY2018/19	Spring
20181118	2018-11-18	2018	4	11	November	2018-11	18	Sunday	1	FY2018/19	Spring
20181119	2018-11-19	2018	4	11	November	2018-11	19	Monday	0	FY2018/19	Spring
20181120	2018-11-20	2018	4	11	November	2018-11	20	Tuesday	0	FY2018/19	Spring
20181121	2018-11-21	2018	4	11	November	2018-11	21	Wednesday	0	FY2018/19	Spring
20181122	2018-11-22	2018	4	11	November	2018-11	22	Thursday	0	FY2018/19	Spring
20181123	2018-11-23	2018	4	11	November	2018-11	23	Friday	0	FY2018/19	Spring
20181124	2018-11-24	2018	4	11	November	2018-11	24	Saturday	1	FY2018/19	Spring
20181125	2018-11-25	2018	4	11	November	2018-11	25	Sunday	1	FY2018/19	Spring
20181126	2018-11-26	2018	4	11	November	2018-11	26	Monday	0	FY2018/19	Spring
20181127	2018-11-27	2018	4	11	November	2018-11	27	Tuesday	0	FY2018/19	Spring
20181128	2018-11-28	2018	4	11	November	2018-11	28	Wednesday	0	FY2018/19	Spring
20181129	2018-11-29	2018	4	11	November	2018-11	29	Thursday	0	FY2018/19	Spring
20181130	2018-11-30	2018	4	11	November	2018-11	30	Friday	0	FY2018/19	Spring
20181201	2018-12-01	2018	4	12	December	2018-12	1	Saturday	1	FY2018/19	Summer
20181202	2018-12-02	2018	4	12	December	2018-12	2	Sunday	1	FY2018/19	Summer
20181203	2018-12-03	2018	4	12	December	2018-12	3	Monday	0	FY2018/19	Summer
20181204	2018-12-04	2018	4	12	December	2018-12	4	Tuesday	0	FY2018/19	Summer
20181205	2018-12-05	2018	4	12	December	2018-12	5	Wednesday	0	FY2018/19	Summer
20181206	2018-12-06	2018	4	12	December	2018-12	6	Thursday	0	FY2018/19	Summer
20181207	2018-12-07	2018	4	12	December	2018-12	7	Friday	0	FY2018/19	Summer
20181208	2018-12-08	2018	4	12	December	2018-12	8	Saturday	1	FY2018/19	Summer
20181209	2018-12-09	2018	4	12	December	2018-12	9	Sunday	1	FY2018/19	Summer
20181210	2018-12-10	2018	4	12	December	2018-12	10	Monday	0	FY2018/19	Summer
20181211	2018-12-11	2018	4	12	December	2018-12	11	Tuesday	0	FY2018/19	Summer
20181212	2018-12-12	2018	4	12	December	2018-12	12	Wednesday	0	FY2018/19	Summer
20181213	2018-12-13	2018	4	12	December	2018-12	13	Thursday	0	FY2018/19	Summer
20181214	2018-12-14	2018	4	12	December	2018-12	14	Friday	0	FY2018/19	Summer
20181215	2018-12-15	2018	4	12	December	2018-12	15	Saturday	1	FY2018/19	Summer
20181216	2018-12-16	2018	4	12	December	2018-12	16	Sunday	1	FY2018/19	Summer
20181217	2018-12-17	2018	4	12	December	2018-12	17	Monday	0	FY2018/19	Summer
20181218	2018-12-18	2018	4	12	December	2018-12	18	Tuesday	0	FY2018/19	Summer
20181219	2018-12-19	2018	4	12	December	2018-12	19	Wednesday	0	FY2018/19	Summer
20181220	2018-12-20	2018	4	12	December	2018-12	20	Thursday	0	FY2018/19	Summer
20181221	2018-12-21	2018	4	12	December	2018-12	21	Friday	0	FY2018/19	Summer
20181222	2018-12-22	2018	4	12	December	2018-12	22	Saturday	1	FY2018/19	Summer
20181223	2018-12-23	2018	4	12	December	2018-12	23	Sunday	1	FY2018/19	Summer
20181224	2018-12-24	2018	4	12	December	2018-12	24	Monday	0	FY2018/19	Summer
20181225	2018-12-25	2018	4	12	December	2018-12	25	Tuesday	0	FY2018/19	Summer
20181226	2018-12-26	2018	4	12	December	2018-12	26	Wednesday	0	FY2018/19	Summer
20181227	2018-12-27	2018	4	12	December	2018-12	27	Thursday	0	FY2018/19	Summer
20181228	2018-12-28	2018	4	12	December	2018-12	28	Friday	0	FY2018/19	Summer
20181229	2018-12-29	2018	4	12	December	2018-12	29	Saturday	1	FY2018/19	Summer
20181230	2018-12-30	2018	4	12	December	2018-12	30	Sunday	1	FY2018/19	Summer
20181231	2018-12-31	2018	4	12	December	2018-12	31	Monday	0	FY2018/19	Summer
20190101	2019-01-01	2019	1	1	January	2019-01	1	Tuesday	0	FY2018/19	Summer
20190102	2019-01-02	2019	1	1	January	2019-01	2	Wednesday	0	FY2018/19	Summer
20190103	2019-01-03	2019	1	1	January	2019-01	3	Thursday	0	FY2018/19	Summer
20190104	2019-01-04	2019	1	1	January	2019-01	4	Friday	0	FY2018/19	Summer
20190105	2019-01-05	2019	1	1	January	2019-01	5	Saturday	1	FY2018/19	Summer
20190106	2019-01-06	2019	1	1	January	2019-01	6	Sunday	1	FY2018/19	Summer
20190107	2019-01-07	2019	1	1	January	2019-01	7	Monday	0	FY2018/19	Summer
20190108	2019-01-08	2019	1	1	January	2019-01	8	Tuesday	0	FY2018/19	Summer
20190109	2019-01-09	2019	1	1	January	2019-01	9	Wednesday	0	FY2018/19	Summer
20190110	2019-01-10	2019	1	1	January	2019-01	10	Thursday	0	FY2018/19	Summer
20190111	2019-01-11	2019	1	1	January	2019-01	11	Friday	0	FY2018/19	Summer
20190112	2019-01-12	2019	1	1	January	2019-01	12	Saturday	1	FY2018/19	Summer
20190113	2019-01-13	2019	1	1	January	2019-01	13	Sunday	1	FY2018/19	Summer
20190114	2019-01-14	2019	1	1	January	2019-01	14	Monday	0	FY2018/19	Summer
20190115	2019-01-15	2019	1	1	January	2019-01	15	Tuesday	0	FY2018/19	Summer
20190116	2019-01-16	2019	1	1	January	2019-01	16	Wednesday	0	FY2018/19	Summer
20190117	2019-01-17	2019	1	1	January	2019-01	17	Thursday	0	FY2018/19	Summer
20190118	2019-01-18	2019	1	1	January	2019-01	18	Friday	0	FY2018/19	Summer
20190119	2019-01-19	2019	1	1	January	2019-01	19	Saturday	1	FY2018/19	Summer
20190120	2019-01-20	2019	1	1	January	2019-01	20	Sunday	1	FY2018/19	Summer
20190121	2019-01-21	2019	1	1	January	2019-01	21	Monday	0	FY2018/19	Summer
20190122	2019-01-22	2019	1	1	January	2019-01	22	Tuesday	0	FY2018/19	Summer
20190123	2019-01-23	2019	1	1	January	2019-01	23	Wednesday	0	FY2018/19	Summer
20190124	2019-01-24	2019	1	1	January	2019-01	24	Thursday	0	FY2018/19	Summer
20190125	2019-01-25	2019	1	1	January	2019-01	25	Friday	0	FY2018/19	Summer
20190126	2019-01-26	2019	1	1	January	2019-01	26	Saturday	1	FY2018/19	Summer
20190127	2019-01-27	2019	1	1	January	2019-01	27	Sunday	1	FY2018/19	Summer
20190128	2019-01-28	2019	1	1	January	2019-01	28	Monday	0	FY2018/19	Summer
20190129	2019-01-29	2019	1	1	January	2019-01	29	Tuesday	0	FY2018/19	Summer
20190130	2019-01-30	2019	1	1	January	2019-01	30	Wednesday	0	FY2018/19	Summer
20190131	2019-01-31	2019	1	1	January	2019-01	31	Thursday	0	FY2018/19	Summer
20190201	2019-02-01	2019	1	2	February	2019-02	1	Friday	0	FY2018/19	Summer
20190202	2019-02-02	2019	1	2	February	2019-02	2	Saturday	1	FY2018/19	Summer
20190203	2019-02-03	2019	1	2	February	2019-02	3	Sunday	1	FY2018/19	Summer
20190204	2019-02-04	2019	1	2	February	2019-02	4	Monday	0	FY2018/19	Summer
20190205	2019-02-05	2019	1	2	February	2019-02	5	Tuesday	0	FY2018/19	Summer
20190206	2019-02-06	2019	1	2	February	2019-02	6	Wednesday	0	FY2018/19	Summer
20190207	2019-02-07	2019	1	2	February	2019-02	7	Thursday	0	FY2018/19	Summer
20190208	2019-02-08	2019	1	2	February	2019-02	8	Friday	0	FY2018/19	Summer
20190209	2019-02-09	2019	1	2	February	2019-02	9	Saturday	1	FY2018/19	Summer
20190210	2019-02-10	2019	1	2	February	2019-02	10	Sunday	1	FY2018/19	Summer
20190211	2019-02-11	2019	1	2	February	2019-02	11	Monday	0	FY2018/19	Summer
20190212	2019-02-12	2019	1	2	February	2019-02	12	Tuesday	0	FY2018/19	Summer
20190213	2019-02-13	2019	1	2	February	2019-02	13	Wednesday	0	FY2018/19	Summer
20190214	2019-02-14	2019	1	2	February	2019-02	14	Thursday	0	FY2018/19	Summer
20190215	2019-02-15	2019	1	2	February	2019-02	15	Friday	0	FY2018/19	Summer
20190216	2019-02-16	2019	1	2	February	2019-02	16	Saturday	1	FY2018/19	Summer
20190217	2019-02-17	2019	1	2	February	2019-02	17	Sunday	1	FY2018/19	Summer
20190218	2019-02-18	2019	1	2	February	2019-02	18	Monday	0	FY2018/19	Summer
20190219	2019-02-19	2019	1	2	February	2019-02	19	Tuesday	0	FY2018/19	Summer
20190220	2019-02-20	2019	1	2	February	2019-02	20	Wednesday	0	FY2018/19	Summer
20190221	2019-02-21	2019	1	2	February	2019-02	21	Thursday	0	FY2018/19	Summer
20190222	2019-02-22	2019	1	2	February	2019-02	22	Friday	0	FY2018/19	Summer
20190223	2019-02-23	2019	1	2	February	2019-02	23	Saturday	1	FY2018/19	Summer
20190224	2019-02-24	2019	1	2	February	2019-02	24	Sunday	1	FY2018/19	Summer
20190225	2019-02-25	2019	1	2	February	2019-02	25	Monday	0	FY2018/19	Summer
20190226	2019-02-26	2019	1	2	February	2019-02	26	Tuesday	0	FY2018/19	Summer
20190227	2019-02-27	2019	1	2	February	2019-02	27	Wednesday	0	FY2018/19	Summer
20190228	2019-02-28	2019	1	2	February	2019-02	28	Thursday	0	FY2018/19	Summer
20190301	2019-03-01	2019	1	3	March	2019-03	1	Friday	0	FY2018/19	Autumn
20190302	2019-03-02	2019	1	3	March	2019-03	2	Saturday	1	FY2018/19	Autumn
20190303	2019-03-03	2019	1	3	March	2019-03	3	Sunday	1	FY2018/19	Autumn
20190304	2019-03-04	2019	1	3	March	2019-03	4	Monday	0	FY2018/19	Autumn
20190305	2019-03-05	2019	1	3	March	2019-03	5	Tuesday	0	FY2018/19	Autumn
20190306	2019-03-06	2019	1	3	March	2019-03	6	Wednesday	0	FY2018/19	Autumn
20190307	2019-03-07	2019	1	3	March	2019-03	7	Thursday	0	FY2018/19	Autumn
20190308	2019-03-08	2019	1	3	March	2019-03	8	Friday	0	FY2018/19	Autumn
20190309	2019-03-09	2019	1	3	March	2019-03	9	Saturday	1	FY2018/19	Autumn
20190310	2019-03-10	2019	1	3	March	2019-03	10	Sunday	1	FY2018/19	Autumn
20190311	2019-03-11	2019	1	3	March	2019-03	11	Monday	0	FY2018/19	Autumn
20190312	2019-03-12	2019	1	3	March	2019-03	12	Tuesday	0	FY2018/19	Autumn
20190313	2019-03-13	2019	1	3	March	2019-03	13	Wednesday	0	FY2018/19	Autumn
20190314	2019-03-14	2019	1	3	March	2019-03	14	Thursday	0	FY2018/19	Autumn
20190315	2019-03-15	2019	1	3	March	2019-03	15	Friday	0	FY2018/19	Autumn
20190316	2019-03-16	2019	1	3	March	2019-03	16	Saturday	1	FY2018/19	Autumn
20190317	2019-03-17	2019	1	3	March	2019-03	17	Sunday	1	FY2018/19	Autumn
20190318	2019-03-18	2019	1	3	March	2019-03	18	Monday	0	FY2018/19	Autumn
20190319	2019-03-19	2019	1	3	March	2019-03	19	Tuesday	0	FY2018/19	Autumn
20190320	2019-03-20	2019	1	3	March	2019-03	20	Wednesday	0	FY2018/19	Autumn
20190321	2019-03-21	2019	1	3	March	2019-03	21	Thursday	0	FY2018/19	Autumn
20190322	2019-03-22	2019	1	3	March	2019-03	22	Friday	0	FY2018/19	Autumn
20190323	2019-03-23	2019	1	3	March	2019-03	23	Saturday	1	FY2018/19	Autumn
20190324	2019-03-24	2019	1	3	March	2019-03	24	Sunday	1	FY2018/19	Autumn
20190325	2019-03-25	2019	1	3	March	2019-03	25	Monday	0	FY2018/19	Autumn
20190326	2019-03-26	2019	1	3	March	2019-03	26	Tuesday	0	FY2018/19	Autumn
20190327	2019-03-27	2019	1	3	March	2019-03	27	Wednesday	0	FY2018/19	Autumn
20190328	2019-03-28	2019	1	3	March	2019-03	28	Thursday	0	FY2018/19	Autumn
20190329	2019-03-29	2019	1	3	March	2019-03	29	Friday	0	FY2018/19	Autumn
20190330	2019-03-30	2019	1	3	March	2019-03	30	Saturday	1	FY2018/19	Autumn
20190331	2019-03-31	2019	1	3	March	2019-03	31	Sunday	1	FY2018/19	Autumn
20190401	2019-04-01	2019	2	4	April	2019-04	1	Monday	0	FY2019/20	Autumn
20190402	2019-04-02	2019	2	4	April	2019-04	2	Tuesday	0	FY2019/20	Autumn
20190403	2019-04-03	2019	2	4	April	2019-04	3	Wednesday	0	FY2019/20	Autumn
20190404	2019-04-04	2019	2	4	April	2019-04	4	Thursday	0	FY2019/20	Autumn
20190405	2019-04-05	2019	2	4	April	2019-04	5	Friday	0	FY2019/20	Autumn
20190406	2019-04-06	2019	2	4	April	2019-04	6	Saturday	1	FY2019/20	Autumn
20190407	2019-04-07	2019	2	4	April	2019-04	7	Sunday	1	FY2019/20	Autumn
20190408	2019-04-08	2019	2	4	April	2019-04	8	Monday	0	FY2019/20	Autumn
20190409	2019-04-09	2019	2	4	April	2019-04	9	Tuesday	0	FY2019/20	Autumn
20190410	2019-04-10	2019	2	4	April	2019-04	10	Wednesday	0	FY2019/20	Autumn
20190411	2019-04-11	2019	2	4	April	2019-04	11	Thursday	0	FY2019/20	Autumn
20190412	2019-04-12	2019	2	4	April	2019-04	12	Friday	0	FY2019/20	Autumn
20190413	2019-04-13	2019	2	4	April	2019-04	13	Saturday	1	FY2019/20	Autumn
20190414	2019-04-14	2019	2	4	April	2019-04	14	Sunday	1	FY2019/20	Autumn
20190415	2019-04-15	2019	2	4	April	2019-04	15	Monday	0	FY2019/20	Autumn
20190416	2019-04-16	2019	2	4	April	2019-04	16	Tuesday	0	FY2019/20	Autumn
20190417	2019-04-17	2019	2	4	April	2019-04	17	Wednesday	0	FY2019/20	Autumn
20190418	2019-04-18	2019	2	4	April	2019-04	18	Thursday	0	FY2019/20	Autumn
20190419	2019-04-19	2019	2	4	April	2019-04	19	Friday	0	FY2019/20	Autumn
20190420	2019-04-20	2019	2	4	April	2019-04	20	Saturday	1	FY2019/20	Autumn
20190421	2019-04-21	2019	2	4	April	2019-04	21	Sunday	1	FY2019/20	Autumn
20190422	2019-04-22	2019	2	4	April	2019-04	22	Monday	0	FY2019/20	Autumn
20190423	2019-04-23	2019	2	4	April	2019-04	23	Tuesday	0	FY2019/20	Autumn
20190424	2019-04-24	2019	2	4	April	2019-04	24	Wednesday	0	FY2019/20	Autumn
20190425	2019-04-25	2019	2	4	April	2019-04	25	Thursday	0	FY2019/20	Autumn
20190426	2019-04-26	2019	2	4	April	2019-04	26	Friday	0	FY2019/20	Autumn
20190427	2019-04-27	2019	2	4	April	2019-04	27	Saturday	1	FY2019/20	Autumn
20190428	2019-04-28	2019	2	4	April	2019-04	28	Sunday	1	FY2019/20	Autumn
20190429	2019-04-29	2019	2	4	April	2019-04	29	Monday	0	FY2019/20	Autumn
20190430	2019-04-30	2019	2	4	April	2019-04	30	Tuesday	0	FY2019/20	Autumn
20190501	2019-05-01	2019	2	5	May	2019-05	1	Wednesday	0	FY2019/20	Autumn
20190502	2019-05-02	2019	2	5	May	2019-05	2	Thursday	0	FY2019/20	Autumn
20190503	2019-05-03	2019	2	5	May	2019-05	3	Friday	0	FY2019/20	Autumn
20190504	2019-05-04	2019	2	5	May	2019-05	4	Saturday	1	FY2019/20	Autumn
20190505	2019-05-05	2019	2	5	May	2019-05	5	Sunday	1	FY2019/20	Autumn
20190506	2019-05-06	2019	2	5	May	2019-05	6	Monday	0	FY2019/20	Autumn
20190507	2019-05-07	2019	2	5	May	2019-05	7	Tuesday	0	FY2019/20	Autumn
20190508	2019-05-08	2019	2	5	May	2019-05	8	Wednesday	0	FY2019/20	Autumn
20190509	2019-05-09	2019	2	5	May	2019-05	9	Thursday	0	FY2019/20	Autumn
20190510	2019-05-10	2019	2	5	May	2019-05	10	Friday	0	FY2019/20	Autumn
20190511	2019-05-11	2019	2	5	May	2019-05	11	Saturday	1	FY2019/20	Autumn
20190512	2019-05-12	2019	2	5	May	2019-05	12	Sunday	1	FY2019/20	Autumn
20190513	2019-05-13	2019	2	5	May	2019-05	13	Monday	0	FY2019/20	Autumn
20190514	2019-05-14	2019	2	5	May	2019-05	14	Tuesday	0	FY2019/20	Autumn
20190515	2019-05-15	2019	2	5	May	2019-05	15	Wednesday	0	FY2019/20	Autumn
20190516	2019-05-16	2019	2	5	May	2019-05	16	Thursday	0	FY2019/20	Autumn
20190517	2019-05-17	2019	2	5	May	2019-05	17	Friday	0	FY2019/20	Autumn
20190518	2019-05-18	2019	2	5	May	2019-05	18	Saturday	1	FY2019/20	Autumn
20190519	2019-05-19	2019	2	5	May	2019-05	19	Sunday	1	FY2019/20	Autumn
20190520	2019-05-20	2019	2	5	May	2019-05	20	Monday	0	FY2019/20	Autumn
20190521	2019-05-21	2019	2	5	May	2019-05	21	Tuesday	0	FY2019/20	Autumn
20190522	2019-05-22	2019	2	5	May	2019-05	22	Wednesday	0	FY2019/20	Autumn
20190523	2019-05-23	2019	2	5	May	2019-05	23	Thursday	0	FY2019/20	Autumn
20190524	2019-05-24	2019	2	5	May	2019-05	24	Friday	0	FY2019/20	Autumn
20190525	2019-05-25	2019	2	5	May	2019-05	25	Saturday	1	FY2019/20	Autumn
20190526	2019-05-26	2019	2	5	May	2019-05	26	Sunday	1	FY2019/20	Autumn
20190527	2019-05-27	2019	2	5	May	2019-05	27	Monday	0	FY2019/20	Autumn
20190528	2019-05-28	2019	2	5	May	2019-05	28	Tuesday	0	FY2019/20	Autumn
20190529	2019-05-29	2019	2	5	May	2019-05	29	Wednesday	0	FY2019/20	Autumn
20190530	2019-05-30	2019	2	5	May	2019-05	30	Thursday	0	FY2019/20	Autumn
20190531	2019-05-31	2019	2	5	May	2019-05	31	Friday	0	FY2019/20	Autumn
20190601	2019-06-01	2019	2	6	June	2019-06	1	Saturday	1	FY2019/20	Winter
20190602	2019-06-02	2019	2	6	June	2019-06	2	Sunday	1	FY2019/20	Winter
20190603	2019-06-03	2019	2	6	June	2019-06	3	Monday	0	FY2019/20	Winter
20190604	2019-06-04	2019	2	6	June	2019-06	4	Tuesday	0	FY2019/20	Winter
20190605	2019-06-05	2019	2	6	June	2019-06	5	Wednesday	0	FY2019/20	Winter
20190606	2019-06-06	2019	2	6	June	2019-06	6	Thursday	0	FY2019/20	Winter
20190607	2019-06-07	2019	2	6	June	2019-06	7	Friday	0	FY2019/20	Winter
20190608	2019-06-08	2019	2	6	June	2019-06	8	Saturday	1	FY2019/20	Winter
20190609	2019-06-09	2019	2	6	June	2019-06	9	Sunday	1	FY2019/20	Winter
20190610	2019-06-10	2019	2	6	June	2019-06	10	Monday	0	FY2019/20	Winter
20190611	2019-06-11	2019	2	6	June	2019-06	11	Tuesday	0	FY2019/20	Winter
20190612	2019-06-12	2019	2	6	June	2019-06	12	Wednesday	0	FY2019/20	Winter
20190613	2019-06-13	2019	2	6	June	2019-06	13	Thursday	0	FY2019/20	Winter
20190614	2019-06-14	2019	2	6	June	2019-06	14	Friday	0	FY2019/20	Winter
20190615	2019-06-15	2019	2	6	June	2019-06	15	Saturday	1	FY2019/20	Winter
20190616	2019-06-16	2019	2	6	June	2019-06	16	Sunday	1	FY2019/20	Winter
20190617	2019-06-17	2019	2	6	June	2019-06	17	Monday	0	FY2019/20	Winter
20190618	2019-06-18	2019	2	6	June	2019-06	18	Tuesday	0	FY2019/20	Winter
20190619	2019-06-19	2019	2	6	June	2019-06	19	Wednesday	0	FY2019/20	Winter
20190620	2019-06-20	2019	2	6	June	2019-06	20	Thursday	0	FY2019/20	Winter
20190621	2019-06-21	2019	2	6	June	2019-06	21	Friday	0	FY2019/20	Winter
20190622	2019-06-22	2019	2	6	June	2019-06	22	Saturday	1	FY2019/20	Winter
20190623	2019-06-23	2019	2	6	June	2019-06	23	Sunday	1	FY2019/20	Winter
20190624	2019-06-24	2019	2	6	June	2019-06	24	Monday	0	FY2019/20	Winter
20190625	2019-06-25	2019	2	6	June	2019-06	25	Tuesday	0	FY2019/20	Winter
20190626	2019-06-26	2019	2	6	June	2019-06	26	Wednesday	0	FY2019/20	Winter
20190627	2019-06-27	2019	2	6	June	2019-06	27	Thursday	0	FY2019/20	Winter
20190628	2019-06-28	2019	2	6	June	2019-06	28	Friday	0	FY2019/20	Winter
20190629	2019-06-29	2019	2	6	June	2019-06	29	Saturday	1	FY2019/20	Winter
20190630	2019-06-30	2019	2	6	June	2019-06	30	Sunday	1	FY2019/20	Winter
20190701	2019-07-01	2019	3	7	July	2019-07	1	Monday	0	FY2019/20	Winter
20190702	2019-07-02	2019	3	7	July	2019-07	2	Tuesday	0	FY2019/20	Winter
20190703	2019-07-03	2019	3	7	July	2019-07	3	Wednesday	0	FY2019/20	Winter
20190704	2019-07-04	2019	3	7	July	2019-07	4	Thursday	0	FY2019/20	Winter
20190705	2019-07-05	2019	3	7	July	2019-07	5	Friday	0	FY2019/20	Winter
20190706	2019-07-06	2019	3	7	July	2019-07	6	Saturday	1	FY2019/20	Winter
20190707	2019-07-07	2019	3	7	July	2019-07	7	Sunday	1	FY2019/20	Winter
20190708	2019-07-08	2019	3	7	July	2019-07	8	Monday	0	FY2019/20	Winter
20190709	2019-07-09	2019	3	7	July	2019-07	9	Tuesday	0	FY2019/20	Winter
20190710	2019-07-10	2019	3	7	July	2019-07	10	Wednesday	0	FY2019/20	Winter
20190711	2019-07-11	2019	3	7	July	2019-07	11	Thursday	0	FY2019/20	Winter
20190712	2019-07-12	2019	3	7	July	2019-07	12	Friday	0	FY2019/20	Winter
20190713	2019-07-13	2019	3	7	July	2019-07	13	Saturday	1	FY2019/20	Winter
20190714	2019-07-14	2019	3	7	July	2019-07	14	Sunday	1	FY2019/20	Winter
20190715	2019-07-15	2019	3	7	July	2019-07	15	Monday	0	FY2019/20	Winter
20190716	2019-07-16	2019	3	7	July	2019-07	16	Tuesday	0	FY2019/20	Winter
20190717	2019-07-17	2019	3	7	July	2019-07	17	Wednesday	0	FY2019/20	Winter
20190718	2019-07-18	2019	3	7	July	2019-07	18	Thursday	0	FY2019/20	Winter
20190719	2019-07-19	2019	3	7	July	2019-07	19	Friday	0	FY2019/20	Winter
20190720	2019-07-20	2019	3	7	July	2019-07	20	Saturday	1	FY2019/20	Winter
20190721	2019-07-21	2019	3	7	July	2019-07	21	Sunday	1	FY2019/20	Winter
20190722	2019-07-22	2019	3	7	July	2019-07	22	Monday	0	FY2019/20	Winter
20190723	2019-07-23	2019	3	7	July	2019-07	23	Tuesday	0	FY2019/20	Winter
20190724	2019-07-24	2019	3	7	July	2019-07	24	Wednesday	0	FY2019/20	Winter
20190725	2019-07-25	2019	3	7	July	2019-07	25	Thursday	0	FY2019/20	Winter
20190726	2019-07-26	2019	3	7	July	2019-07	26	Friday	0	FY2019/20	Winter
20190727	2019-07-27	2019	3	7	July	2019-07	27	Saturday	1	FY2019/20	Winter
20190728	2019-07-28	2019	3	7	July	2019-07	28	Sunday	1	FY2019/20	Winter
20190729	2019-07-29	2019	3	7	July	2019-07	29	Monday	0	FY2019/20	Winter
20190730	2019-07-30	2019	3	7	July	2019-07	30	Tuesday	0	FY2019/20	Winter
20190731	2019-07-31	2019	3	7	July	2019-07	31	Wednesday	0	FY2019/20	Winter
20190801	2019-08-01	2019	3	8	August	2019-08	1	Thursday	0	FY2019/20	Winter
20190802	2019-08-02	2019	3	8	August	2019-08	2	Friday	0	FY2019/20	Winter
20190803	2019-08-03	2019	3	8	August	2019-08	3	Saturday	1	FY2019/20	Winter
20190804	2019-08-04	2019	3	8	August	2019-08	4	Sunday	1	FY2019/20	Winter
20190805	2019-08-05	2019	3	8	August	2019-08	5	Monday	0	FY2019/20	Winter
20190806	2019-08-06	2019	3	8	August	2019-08	6	Tuesday	0	FY2019/20	Winter
20190807	2019-08-07	2019	3	8	August	2019-08	7	Wednesday	0	FY2019/20	Winter
20190808	2019-08-08	2019	3	8	August	2019-08	8	Thursday	0	FY2019/20	Winter
20190809	2019-08-09	2019	3	8	August	2019-08	9	Friday	0	FY2019/20	Winter
20190810	2019-08-10	2019	3	8	August	2019-08	10	Saturday	1	FY2019/20	Winter
20190811	2019-08-11	2019	3	8	August	2019-08	11	Sunday	1	FY2019/20	Winter
20190812	2019-08-12	2019	3	8	August	2019-08	12	Monday	0	FY2019/20	Winter
20190813	2019-08-13	2019	3	8	August	2019-08	13	Tuesday	0	FY2019/20	Winter
20190814	2019-08-14	2019	3	8	August	2019-08	14	Wednesday	0	FY2019/20	Winter
20190815	2019-08-15	2019	3	8	August	2019-08	15	Thursday	0	FY2019/20	Winter
20190816	2019-08-16	2019	3	8	August	2019-08	16	Friday	0	FY2019/20	Winter
20190817	2019-08-17	2019	3	8	August	2019-08	17	Saturday	1	FY2019/20	Winter
20190818	2019-08-18	2019	3	8	August	2019-08	18	Sunday	1	FY2019/20	Winter
20190819	2019-08-19	2019	3	8	August	2019-08	19	Monday	0	FY2019/20	Winter
20190820	2019-08-20	2019	3	8	August	2019-08	20	Tuesday	0	FY2019/20	Winter
20190821	2019-08-21	2019	3	8	August	2019-08	21	Wednesday	0	FY2019/20	Winter
20190822	2019-08-22	2019	3	8	August	2019-08	22	Thursday	0	FY2019/20	Winter
20190823	2019-08-23	2019	3	8	August	2019-08	23	Friday	0	FY2019/20	Winter
20190824	2019-08-24	2019	3	8	August	2019-08	24	Saturday	1	FY2019/20	Winter
20190825	2019-08-25	2019	3	8	August	2019-08	25	Sunday	1	FY2019/20	Winter
20190826	2019-08-26	2019	3	8	August	2019-08	26	Monday	0	FY2019/20	Winter
20190827	2019-08-27	2019	3	8	August	2019-08	27	Tuesday	0	FY2019/20	Winter
20190828	2019-08-28	2019	3	8	August	2019-08	28	Wednesday	0	FY2019/20	Winter
20190829	2019-08-29	2019	3	8	August	2019-08	29	Thursday	0	FY2019/20	Winter
20190830	2019-08-30	2019	3	8	August	2019-08	30	Friday	0	FY2019/20	Winter
20190831	2019-08-31	2019	3	8	August	2019-08	31	Saturday	1	FY2019/20	Winter
20190901	2019-09-01	2019	3	9	September	2019-09	1	Sunday	1	FY2019/20	Spring
20190902	2019-09-02	2019	3	9	September	2019-09	2	Monday	0	FY2019/20	Spring
20190903	2019-09-03	2019	3	9	September	2019-09	3	Tuesday	0	FY2019/20	Spring
20190904	2019-09-04	2019	3	9	September	2019-09	4	Wednesday	0	FY2019/20	Spring
20190905	2019-09-05	2019	3	9	September	2019-09	5	Thursday	0	FY2019/20	Spring
20190906	2019-09-06	2019	3	9	September	2019-09	6	Friday	0	FY2019/20	Spring
20190907	2019-09-07	2019	3	9	September	2019-09	7	Saturday	1	FY2019/20	Spring
20190908	2019-09-08	2019	3	9	September	2019-09	8	Sunday	1	FY2019/20	Spring
20190909	2019-09-09	2019	3	9	September	2019-09	9	Monday	0	FY2019/20	Spring
20190910	2019-09-10	2019	3	9	September	2019-09	10	Tuesday	0	FY2019/20	Spring
20190911	2019-09-11	2019	3	9	September	2019-09	11	Wednesday	0	FY2019/20	Spring
20190912	2019-09-12	2019	3	9	September	2019-09	12	Thursday	0	FY2019/20	Spring
20190913	2019-09-13	2019	3	9	September	2019-09	13	Friday	0	FY2019/20	Spring
20190914	2019-09-14	2019	3	9	September	2019-09	14	Saturday	1	FY2019/20	Spring
20190915	2019-09-15	2019	3	9	September	2019-09	15	Sunday	1	FY2019/20	Spring
20190916	2019-09-16	2019	3	9	September	2019-09	16	Monday	0	FY2019/20	Spring
20190917	2019-09-17	2019	3	9	September	2019-09	17	Tuesday	0	FY2019/20	Spring
20190918	2019-09-18	2019	3	9	September	2019-09	18	Wednesday	0	FY2019/20	Spring
20190919	2019-09-19	2019	3	9	September	2019-09	19	Thursday	0	FY2019/20	Spring
20190920	2019-09-20	2019	3	9	September	2019-09	20	Friday	0	FY2019/20	Spring
20190921	2019-09-21	2019	3	9	September	2019-09	21	Saturday	1	FY2019/20	Spring
20190922	2019-09-22	2019	3	9	September	2019-09	22	Sunday	1	FY2019/20	Spring
20190923	2019-09-23	2019	3	9	September	2019-09	23	Monday	0	FY2019/20	Spring
20190924	2019-09-24	2019	3	9	September	2019-09	24	Tuesday	0	FY2019/20	Spring
20190925	2019-09-25	2019	3	9	September	2019-09	25	Wednesday	0	FY2019/20	Spring
20190926	2019-09-26	2019	3	9	September	2019-09	26	Thursday	0	FY2019/20	Spring
20190927	2019-09-27	2019	3	9	September	2019-09	27	Friday	0	FY2019/20	Spring
20190928	2019-09-28	2019	3	9	September	2019-09	28	Saturday	1	FY2019/20	Spring
20190929	2019-09-29	2019	3	9	September	2019-09	29	Sunday	1	FY2019/20	Spring
20190930	2019-09-30	2019	3	9	September	2019-09	30	Monday	0	FY2019/20	Spring
20191001	2019-10-01	2019	4	10	October	2019-10	1	Tuesday	0	FY2019/20	Spring
20191002	2019-10-02	2019	4	10	October	2019-10	2	Wednesday	0	FY2019/20	Spring
20191003	2019-10-03	2019	4	10	October	2019-10	3	Thursday	0	FY2019/20	Spring
20191004	2019-10-04	2019	4	10	October	2019-10	4	Friday	0	FY2019/20	Spring
20191005	2019-10-05	2019	4	10	October	2019-10	5	Saturday	1	FY2019/20	Spring
20191006	2019-10-06	2019	4	10	October	2019-10	6	Sunday	1	FY2019/20	Spring
20191007	2019-10-07	2019	4	10	October	2019-10	7	Monday	0	FY2019/20	Spring
20191008	2019-10-08	2019	4	10	October	2019-10	8	Tuesday	0	FY2019/20	Spring
20191009	2019-10-09	2019	4	10	October	2019-10	9	Wednesday	0	FY2019/20	Spring
20191010	2019-10-10	2019	4	10	October	2019-10	10	Thursday	0	FY2019/20	Spring
20191011	2019-10-11	2019	4	10	October	2019-10	11	Friday	0	FY2019/20	Spring
20191012	2019-10-12	2019	4	10	October	2019-10	12	Saturday	1	FY2019/20	Spring
20191013	2019-10-13	2019	4	10	October	2019-10	13	Sunday	1	FY2019/20	Spring
20191014	2019-10-14	2019	4	10	October	2019-10	14	Monday	0	FY2019/20	Spring
20191015	2019-10-15	2019	4	10	October	2019-10	15	Tuesday	0	FY2019/20	Spring
20191016	2019-10-16	2019	4	10	October	2019-10	16	Wednesday	0	FY2019/20	Spring
20191017	2019-10-17	2019	4	10	October	2019-10	17	Thursday	0	FY2019/20	Spring
20191018	2019-10-18	2019	4	10	October	2019-10	18	Friday	0	FY2019/20	Spring
20191019	2019-10-19	2019	4	10	October	2019-10	19	Saturday	1	FY2019/20	Spring
20191020	2019-10-20	2019	4	10	October	2019-10	20	Sunday	1	FY2019/20	Spring
20191021	2019-10-21	2019	4	10	October	2019-10	21	Monday	0	FY2019/20	Spring
20191022	2019-10-22	2019	4	10	October	2019-10	22	Tuesday	0	FY2019/20	Spring
20191023	2019-10-23	2019	4	10	October	2019-10	23	Wednesday	0	FY2019/20	Spring
20191024	2019-10-24	2019	4	10	October	2019-10	24	Thursday	0	FY2019/20	Spring
20191025	2019-10-25	2019	4	10	October	2019-10	25	Friday	0	FY2019/20	Spring
20191026	2019-10-26	2019	4	10	October	2019-10	26	Saturday	1	FY2019/20	Spring
20191027	2019-10-27	2019	4	10	October	2019-10	27	Sunday	1	FY2019/20	Spring
20191028	2019-10-28	2019	4	10	October	2019-10	28	Monday	0	FY2019/20	Spring
20191029	2019-10-29	2019	4	10	October	2019-10	29	Tuesday	0	FY2019/20	Spring
20191030	2019-10-30	2019	4	10	October	2019-10	30	Wednesday	0	FY2019/20	Spring
20191031	2019-10-31	2019	4	10	October	2019-10	31	Thursday	0	FY2019/20	Spring
20191101	2019-11-01	2019	4	11	November	2019-11	1	Friday	0	FY2019/20	Spring
20191102	2019-11-02	2019	4	11	November	2019-11	2	Saturday	1	FY2019/20	Spring
20191103	2019-11-03	2019	4	11	November	2019-11	3	Sunday	1	FY2019/20	Spring
20191104	2019-11-04	2019	4	11	November	2019-11	4	Monday	0	FY2019/20	Spring
20191105	2019-11-05	2019	4	11	November	2019-11	5	Tuesday	0	FY2019/20	Spring
20191106	2019-11-06	2019	4	11	November	2019-11	6	Wednesday	0	FY2019/20	Spring
20191107	2019-11-07	2019	4	11	November	2019-11	7	Thursday	0	FY2019/20	Spring
20191108	2019-11-08	2019	4	11	November	2019-11	8	Friday	0	FY2019/20	Spring
20191109	2019-11-09	2019	4	11	November	2019-11	9	Saturday	1	FY2019/20	Spring
20191110	2019-11-10	2019	4	11	November	2019-11	10	Sunday	1	FY2019/20	Spring
20191111	2019-11-11	2019	4	11	November	2019-11	11	Monday	0	FY2019/20	Spring
20191112	2019-11-12	2019	4	11	November	2019-11	12	Tuesday	0	FY2019/20	Spring
20191113	2019-11-13	2019	4	11	November	2019-11	13	Wednesday	0	FY2019/20	Spring
20191114	2019-11-14	2019	4	11	November	2019-11	14	Thursday	0	FY2019/20	Spring
20191115	2019-11-15	2019	4	11	November	2019-11	15	Friday	0	FY2019/20	Spring
20191116	2019-11-16	2019	4	11	November	2019-11	16	Saturday	1	FY2019/20	Spring
20191117	2019-11-17	2019	4	11	November	2019-11	17	Sunday	1	FY2019/20	Spring
20191118	2019-11-18	2019	4	11	November	2019-11	18	Monday	0	FY2019/20	Spring
20191119	2019-11-19	2019	4	11	November	2019-11	19	Tuesday	0	FY2019/20	Spring
20191120	2019-11-20	2019	4	11	November	2019-11	20	Wednesday	0	FY2019/20	Spring
20191121	2019-11-21	2019	4	11	November	2019-11	21	Thursday	0	FY2019/20	Spring
20191122	2019-11-22	2019	4	11	November	2019-11	22	Friday	0	FY2019/20	Spring
20191123	2019-11-23	2019	4	11	November	2019-11	23	Saturday	1	FY2019/20	Spring
20191124	2019-11-24	2019	4	11	November	2019-11	24	Sunday	1	FY2019/20	Spring
20191125	2019-11-25	2019	4	11	November	2019-11	25	Monday	0	FY2019/20	Spring
20191126	2019-11-26	2019	4	11	November	2019-11	26	Tuesday	0	FY2019/20	Spring
20191127	2019-11-27	2019	4	11	November	2019-11	27	Wednesday	0	FY2019/20	Spring
20191128	2019-11-28	2019	4	11	November	2019-11	28	Thursday	0	FY2019/20	Spring
20191129	2019-11-29	2019	4	11	November	2019-11	29	Friday	0	FY2019/20	Spring
20191130	2019-11-30	2019	4	11	November	2019-11	30	Saturday	1	FY2019/20	Spring
20191201	2019-12-01	2019	4	12	December	2019-12	1	Sunday	1	FY2019/20	Summer
20191202	2019-12-02	2019	4	12	December	2019-12	2	Monday	0	FY2019/20	Summer
20191203	2019-12-03	2019	4	12	December	2019-12	3	Tuesday	0	FY2019/20	Summer
20191204	2019-12-04	2019	4	12	December	2019-12	4	Wednesday	0	FY2019/20	Summer
20191205	2019-12-05	2019	4	12	December	2019-12	5	Thursday	0	FY2019/20	Summer
20191206	2019-12-06	2019	4	12	December	2019-12	6	Friday	0	FY2019/20	Summer
20191207	2019-12-07	2019	4	12	December	2019-12	7	Saturday	1	FY2019/20	Summer
20191208	2019-12-08	2019	4	12	December	2019-12	8	Sunday	1	FY2019/20	Summer
20191209	2019-12-09	2019	4	12	December	2019-12	9	Monday	0	FY2019/20	Summer
20191210	2019-12-10	2019	4	12	December	2019-12	10	Tuesday	0	FY2019/20	Summer
20191211	2019-12-11	2019	4	12	December	2019-12	11	Wednesday	0	FY2019/20	Summer
20191212	2019-12-12	2019	4	12	December	2019-12	12	Thursday	0	FY2019/20	Summer
20191213	2019-12-13	2019	4	12	December	2019-12	13	Friday	0	FY2019/20	Summer
20191214	2019-12-14	2019	4	12	December	2019-12	14	Saturday	1	FY2019/20	Summer
20191215	2019-12-15	2019	4	12	December	2019-12	15	Sunday	1	FY2019/20	Summer
20191216	2019-12-16	2019	4	12	December	2019-12	16	Monday	0	FY2019/20	Summer
20191217	2019-12-17	2019	4	12	December	2019-12	17	Tuesday	0	FY2019/20	Summer
20191218	2019-12-18	2019	4	12	December	2019-12	18	Wednesday	0	FY2019/20	Summer
20191219	2019-12-19	2019	4	12	December	2019-12	19	Thursday	0	FY2019/20	Summer
20191220	2019-12-20	2019	4	12	December	2019-12	20	Friday	0	FY2019/20	Summer
20191221	2019-12-21	2019	4	12	December	2019-12	21	Saturday	1	FY2019/20	Summer
20191222	2019-12-22	2019	4	12	December	2019-12	22	Sunday	1	FY2019/20	Summer
20191223	2019-12-23	2019	4	12	December	2019-12	23	Monday	0	FY2019/20	Summer
20191224	2019-12-24	2019	4	12	December	2019-12	24	Tuesday	0	FY2019/20	Summer
20191225	2019-12-25	2019	4	12	December	2019-12	25	Wednesday	0	FY2019/20	Summer
20191226	2019-12-26	2019	4	12	December	2019-12	26	Thursday	0	FY2019/20	Summer
20191227	2019-12-27	2019	4	12	December	2019-12	27	Friday	0	FY2019/20	Summer
20191228	2019-12-28	2019	4	12	December	2019-12	28	Saturday	1	FY2019/20	Summer
20191229	2019-12-29	2019	4	12	December	2019-12	29	Sunday	1	FY2019/20	Summer
20191230	2019-12-30	2019	4	12	December	2019-12	30	Monday	0	FY2019/20	Summer
20191231	2019-12-31	2019	4	12	December	2019-12	31	Tuesday	0	FY2019/20	Summer
20200101	2020-01-01	2020	1	1	January	2020-01	1	Wednesday	0	FY2019/20	Summer
20200102	2020-01-02	2020	1	1	January	2020-01	2	Thursday	0	FY2019/20	Summer
20200103	2020-01-03	2020	1	1	January	2020-01	3	Friday	0	FY2019/20	Summer
20200104	2020-01-04	2020	1	1	January	2020-01	4	Saturday	1	FY2019/20	Summer
20200105	2020-01-05	2020	1	1	January	2020-01	5	Sunday	1	FY2019/20	Summer
20200106	2020-01-06	2020	1	1	January	2020-01	6	Monday	0	FY2019/20	Summer
20200107	2020-01-07	2020	1	1	January	2020-01	7	Tuesday	0	FY2019/20	Summer
20200108	2020-01-08	2020	1	1	January	2020-01	8	Wednesday	0	FY2019/20	Summer
20200109	2020-01-09	2020	1	1	January	2020-01	9	Thursday	0	FY2019/20	Summer
20200110	2020-01-10	2020	1	1	January	2020-01	10	Friday	0	FY2019/20	Summer
20200111	2020-01-11	2020	1	1	January	2020-01	11	Saturday	1	FY2019/20	Summer
20200112	2020-01-12	2020	1	1	January	2020-01	12	Sunday	1	FY2019/20	Summer
20200113	2020-01-13	2020	1	1	January	2020-01	13	Monday	0	FY2019/20	Summer
20200114	2020-01-14	2020	1	1	January	2020-01	14	Tuesday	0	FY2019/20	Summer
20200115	2020-01-15	2020	1	1	January	2020-01	15	Wednesday	0	FY2019/20	Summer
20200116	2020-01-16	2020	1	1	January	2020-01	16	Thursday	0	FY2019/20	Summer
20200117	2020-01-17	2020	1	1	January	2020-01	17	Friday	0	FY2019/20	Summer
20200118	2020-01-18	2020	1	1	January	2020-01	18	Saturday	1	FY2019/20	Summer
20200119	2020-01-19	2020	1	1	January	2020-01	19	Sunday	1	FY2019/20	Summer
20200120	2020-01-20	2020	1	1	January	2020-01	20	Monday	0	FY2019/20	Summer
20200121	2020-01-21	2020	1	1	January	2020-01	21	Tuesday	0	FY2019/20	Summer
20200122	2020-01-22	2020	1	1	January	2020-01	22	Wednesday	0	FY2019/20	Summer
20200123	2020-01-23	2020	1	1	January	2020-01	23	Thursday	0	FY2019/20	Summer
20200124	2020-01-24	2020	1	1	January	2020-01	24	Friday	0	FY2019/20	Summer
20200125	2020-01-25	2020	1	1	January	2020-01	25	Saturday	1	FY2019/20	Summer
20200126	2020-01-26	2020	1	1	January	2020-01	26	Sunday	1	FY2019/20	Summer
20200127	2020-01-27	2020	1	1	January	2020-01	27	Monday	0	FY2019/20	Summer
20200128	2020-01-28	2020	1	1	January	2020-01	28	Tuesday	0	FY2019/20	Summer
20200129	2020-01-29	2020	1	1	January	2020-01	29	Wednesday	0	FY2019/20	Summer
20200130	2020-01-30	2020	1	1	January	2020-01	30	Thursday	0	FY2019/20	Summer
20200131	2020-01-31	2020	1	1	January	2020-01	31	Friday	0	FY2019/20	Summer
20200201	2020-02-01	2020	1	2	February	2020-02	1	Saturday	1	FY2019/20	Summer
20200202	2020-02-02	2020	1	2	February	2020-02	2	Sunday	1	FY2019/20	Summer
20200203	2020-02-03	2020	1	2	February	2020-02	3	Monday	0	FY2019/20	Summer
20200204	2020-02-04	2020	1	2	February	2020-02	4	Tuesday	0	FY2019/20	Summer
20200205	2020-02-05	2020	1	2	February	2020-02	5	Wednesday	0	FY2019/20	Summer
20200206	2020-02-06	2020	1	2	February	2020-02	6	Thursday	0	FY2019/20	Summer
20200207	2020-02-07	2020	1	2	February	2020-02	7	Friday	0	FY2019/20	Summer
20200208	2020-02-08	2020	1	2	February	2020-02	8	Saturday	1	FY2019/20	Summer
20200209	2020-02-09	2020	1	2	February	2020-02	9	Sunday	1	FY2019/20	Summer
20200210	2020-02-10	2020	1	2	February	2020-02	10	Monday	0	FY2019/20	Summer
20200211	2020-02-11	2020	1	2	February	2020-02	11	Tuesday	0	FY2019/20	Summer
20200212	2020-02-12	2020	1	2	February	2020-02	12	Wednesday	0	FY2019/20	Summer
20200213	2020-02-13	2020	1	2	February	2020-02	13	Thursday	0	FY2019/20	Summer
20200214	2020-02-14	2020	1	2	February	2020-02	14	Friday	0	FY2019/20	Summer
20200215	2020-02-15	2020	1	2	February	2020-02	15	Saturday	1	FY2019/20	Summer
20200216	2020-02-16	2020	1	2	February	2020-02	16	Sunday	1	FY2019/20	Summer
20200217	2020-02-17	2020	1	2	February	2020-02	17	Monday	0	FY2019/20	Summer
20200218	2020-02-18	2020	1	2	February	2020-02	18	Tuesday	0	FY2019/20	Summer
20200219	2020-02-19	2020	1	2	February	2020-02	19	Wednesday	0	FY2019/20	Summer
20200220	2020-02-20	2020	1	2	February	2020-02	20	Thursday	0	FY2019/20	Summer
20200221	2020-02-21	2020	1	2	February	2020-02	21	Friday	0	FY2019/20	Summer
20200222	2020-02-22	2020	1	2	February	2020-02	22	Saturday	1	FY2019/20	Summer
20200223	2020-02-23	2020	1	2	February	2020-02	23	Sunday	1	FY2019/20	Summer
20200224	2020-02-24	2020	1	2	February	2020-02	24	Monday	0	FY2019/20	Summer
20200225	2020-02-25	2020	1	2	February	2020-02	25	Tuesday	0	FY2019/20	Summer
20200226	2020-02-26	2020	1	2	February	2020-02	26	Wednesday	0	FY2019/20	Summer
20200227	2020-02-27	2020	1	2	February	2020-02	27	Thursday	0	FY2019/20	Summer
20200228	2020-02-28	2020	1	2	February	2020-02	28	Friday	0	FY2019/20	Summer
20200229	2020-02-29	2020	1	2	February	2020-02	29	Saturday	1	FY2019/20	Summer
20200301	2020-03-01	2020	1	3	March	2020-03	1	Sunday	1	FY2019/20	Autumn
20200302	2020-03-02	2020	1	3	March	2020-03	2	Monday	0	FY2019/20	Autumn
20200303	2020-03-03	2020	1	3	March	2020-03	3	Tuesday	0	FY2019/20	Autumn
20200304	2020-03-04	2020	1	3	March	2020-03	4	Wednesday	0	FY2019/20	Autumn
20200305	2020-03-05	2020	1	3	March	2020-03	5	Thursday	0	FY2019/20	Autumn
20200306	2020-03-06	2020	1	3	March	2020-03	6	Friday	0	FY2019/20	Autumn
20200307	2020-03-07	2020	1	3	March	2020-03	7	Saturday	1	FY2019/20	Autumn
20200308	2020-03-08	2020	1	3	March	2020-03	8	Sunday	1	FY2019/20	Autumn
20200309	2020-03-09	2020	1	3	March	2020-03	9	Monday	0	FY2019/20	Autumn
20200310	2020-03-10	2020	1	3	March	2020-03	10	Tuesday	0	FY2019/20	Autumn
20200311	2020-03-11	2020	1	3	March	2020-03	11	Wednesday	0	FY2019/20	Autumn
20200312	2020-03-12	2020	1	3	March	2020-03	12	Thursday	0	FY2019/20	Autumn
20200313	2020-03-13	2020	1	3	March	2020-03	13	Friday	0	FY2019/20	Autumn
20200314	2020-03-14	2020	1	3	March	2020-03	14	Saturday	1	FY2019/20	Autumn
20200315	2020-03-15	2020	1	3	March	2020-03	15	Sunday	1	FY2019/20	Autumn
20200316	2020-03-16	2020	1	3	March	2020-03	16	Monday	0	FY2019/20	Autumn
20200317	2020-03-17	2020	1	3	March	2020-03	17	Tuesday	0	FY2019/20	Autumn
20200318	2020-03-18	2020	1	3	March	2020-03	18	Wednesday	0	FY2019/20	Autumn
20200319	2020-03-19	2020	1	3	March	2020-03	19	Thursday	0	FY2019/20	Autumn
20200320	2020-03-20	2020	1	3	March	2020-03	20	Friday	0	FY2019/20	Autumn
20200321	2020-03-21	2020	1	3	March	2020-03	21	Saturday	1	FY2019/20	Autumn
20200322	2020-03-22	2020	1	3	March	2020-03	22	Sunday	1	FY2019/20	Autumn
20200323	2020-03-23	2020	1	3	March	2020-03	23	Monday	0	FY2019/20	Autumn
20200324	2020-03-24	2020	1	3	March	2020-03	24	Tuesday	0	FY2019/20	Autumn
20200325	2020-03-25	2020	1	3	March	2020-03	25	Wednesday	0	FY2019/20	Autumn
20200326	2020-03-26	2020	1	3	March	2020-03	26	Thursday	0	FY2019/20	Autumn
20200327	2020-03-27	2020	1	3	March	2020-03	27	Friday	0	FY2019/20	Autumn
20200328	2020-03-28	2020	1	3	March	2020-03	28	Saturday	1	FY2019/20	Autumn
20200329	2020-03-29	2020	1	3	March	2020-03	29	Sunday	1	FY2019/20	Autumn
20200330	2020-03-30	2020	1	3	March	2020-03	30	Monday	0	FY2019/20	Autumn
20200331	2020-03-31	2020	1	3	March	2020-03	31	Tuesday	0	FY2019/20	Autumn
20200401	2020-04-01	2020	2	4	April	2020-04	1	Wednesday	0	FY2020/21	Autumn
20200402	2020-04-02	2020	2	4	April	2020-04	2	Thursday	0	FY2020/21	Autumn
20200403	2020-04-03	2020	2	4	April	2020-04	3	Friday	0	FY2020/21	Autumn
20200404	2020-04-04	2020	2	4	April	2020-04	4	Saturday	1	FY2020/21	Autumn
20200405	2020-04-05	2020	2	4	April	2020-04	5	Sunday	1	FY2020/21	Autumn
20200406	2020-04-06	2020	2	4	April	2020-04	6	Monday	0	FY2020/21	Autumn
20200407	2020-04-07	2020	2	4	April	2020-04	7	Tuesday	0	FY2020/21	Autumn
20200408	2020-04-08	2020	2	4	April	2020-04	8	Wednesday	0	FY2020/21	Autumn
20200409	2020-04-09	2020	2	4	April	2020-04	9	Thursday	0	FY2020/21	Autumn
20200410	2020-04-10	2020	2	4	April	2020-04	10	Friday	0	FY2020/21	Autumn
20200411	2020-04-11	2020	2	4	April	2020-04	11	Saturday	1	FY2020/21	Autumn
20200412	2020-04-12	2020	2	4	April	2020-04	12	Sunday	1	FY2020/21	Autumn
20200413	2020-04-13	2020	2	4	April	2020-04	13	Monday	0	FY2020/21	Autumn
20200414	2020-04-14	2020	2	4	April	2020-04	14	Tuesday	0	FY2020/21	Autumn
20200415	2020-04-15	2020	2	4	April	2020-04	15	Wednesday	0	FY2020/21	Autumn
20200416	2020-04-16	2020	2	4	April	2020-04	16	Thursday	0	FY2020/21	Autumn
20200417	2020-04-17	2020	2	4	April	2020-04	17	Friday	0	FY2020/21	Autumn
20200418	2020-04-18	2020	2	4	April	2020-04	18	Saturday	1	FY2020/21	Autumn
20200419	2020-04-19	2020	2	4	April	2020-04	19	Sunday	1	FY2020/21	Autumn
20200420	2020-04-20	2020	2	4	April	2020-04	20	Monday	0	FY2020/21	Autumn
20200421	2020-04-21	2020	2	4	April	2020-04	21	Tuesday	0	FY2020/21	Autumn
20200422	2020-04-22	2020	2	4	April	2020-04	22	Wednesday	0	FY2020/21	Autumn
20200423	2020-04-23	2020	2	4	April	2020-04	23	Thursday	0	FY2020/21	Autumn
20200424	2020-04-24	2020	2	4	April	2020-04	24	Friday	0	FY2020/21	Autumn
20200425	2020-04-25	2020	2	4	April	2020-04	25	Saturday	1	FY2020/21	Autumn
20200426	2020-04-26	2020	2	4	April	2020-04	26	Sunday	1	FY2020/21	Autumn
20200427	2020-04-27	2020	2	4	April	2020-04	27	Monday	0	FY2020/21	Autumn
20200428	2020-04-28	2020	2	4	April	2020-04	28	Tuesday	0	FY2020/21	Autumn
20200429	2020-04-29	2020	2	4	April	2020-04	29	Wednesday	0	FY2020/21	Autumn
20200430	2020-04-30	2020	2	4	April	2020-04	30	Thursday	0	FY2020/21	Autumn
20200501	2020-05-01	2020	2	5	May	2020-05	1	Friday	0	FY2020/21	Autumn
20200502	2020-05-02	2020	2	5	May	2020-05	2	Saturday	1	FY2020/21	Autumn
20200503	2020-05-03	2020	2	5	May	2020-05	3	Sunday	1	FY2020/21	Autumn
20200504	2020-05-04	2020	2	5	May	2020-05	4	Monday	0	FY2020/21	Autumn
20200505	2020-05-05	2020	2	5	May	2020-05	5	Tuesday	0	FY2020/21	Autumn
20200506	2020-05-06	2020	2	5	May	2020-05	6	Wednesday	0	FY2020/21	Autumn
20200507	2020-05-07	2020	2	5	May	2020-05	7	Thursday	0	FY2020/21	Autumn
20200508	2020-05-08	2020	2	5	May	2020-05	8	Friday	0	FY2020/21	Autumn
20200509	2020-05-09	2020	2	5	May	2020-05	9	Saturday	1	FY2020/21	Autumn
20200510	2020-05-10	2020	2	5	May	2020-05	10	Sunday	1	FY2020/21	Autumn
20200511	2020-05-11	2020	2	5	May	2020-05	11	Monday	0	FY2020/21	Autumn
20200512	2020-05-12	2020	2	5	May	2020-05	12	Tuesday	0	FY2020/21	Autumn
20200513	2020-05-13	2020	2	5	May	2020-05	13	Wednesday	0	FY2020/21	Autumn
20200514	2020-05-14	2020	2	5	May	2020-05	14	Thursday	0	FY2020/21	Autumn
20200515	2020-05-15	2020	2	5	May	2020-05	15	Friday	0	FY2020/21	Autumn
20200516	2020-05-16	2020	2	5	May	2020-05	16	Saturday	1	FY2020/21	Autumn
20200517	2020-05-17	2020	2	5	May	2020-05	17	Sunday	1	FY2020/21	Autumn
20200518	2020-05-18	2020	2	5	May	2020-05	18	Monday	0	FY2020/21	Autumn
20200519	2020-05-19	2020	2	5	May	2020-05	19	Tuesday	0	FY2020/21	Autumn
20200520	2020-05-20	2020	2	5	May	2020-05	20	Wednesday	0	FY2020/21	Autumn
20200521	2020-05-21	2020	2	5	May	2020-05	21	Thursday	0	FY2020/21	Autumn
20200522	2020-05-22	2020	2	5	May	2020-05	22	Friday	0	FY2020/21	Autumn
20200523	2020-05-23	2020	2	5	May	2020-05	23	Saturday	1	FY2020/21	Autumn
20200524	2020-05-24	2020	2	5	May	2020-05	24	Sunday	1	FY2020/21	Autumn
20200525	2020-05-25	2020	2	5	May	2020-05	25	Monday	0	FY2020/21	Autumn
20200526	2020-05-26	2020	2	5	May	2020-05	26	Tuesday	0	FY2020/21	Autumn
20200527	2020-05-27	2020	2	5	May	2020-05	27	Wednesday	0	FY2020/21	Autumn
20200528	2020-05-28	2020	2	5	May	2020-05	28	Thursday	0	FY2020/21	Autumn
20200529	2020-05-29	2020	2	5	May	2020-05	29	Friday	0	FY2020/21	Autumn
20200530	2020-05-30	2020	2	5	May	2020-05	30	Saturday	1	FY2020/21	Autumn
20200531	2020-05-31	2020	2	5	May	2020-05	31	Sunday	1	FY2020/21	Autumn
20200601	2020-06-01	2020	2	6	June	2020-06	1	Monday	0	FY2020/21	Winter
20200602	2020-06-02	2020	2	6	June	2020-06	2	Tuesday	0	FY2020/21	Winter
20200603	2020-06-03	2020	2	6	June	2020-06	3	Wednesday	0	FY2020/21	Winter
20200604	2020-06-04	2020	2	6	June	2020-06	4	Thursday	0	FY2020/21	Winter
20200605	2020-06-05	2020	2	6	June	2020-06	5	Friday	0	FY2020/21	Winter
20200606	2020-06-06	2020	2	6	June	2020-06	6	Saturday	1	FY2020/21	Winter
20200607	2020-06-07	2020	2	6	June	2020-06	7	Sunday	1	FY2020/21	Winter
20200608	2020-06-08	2020	2	6	June	2020-06	8	Monday	0	FY2020/21	Winter
20200609	2020-06-09	2020	2	6	June	2020-06	9	Tuesday	0	FY2020/21	Winter
20200610	2020-06-10	2020	2	6	June	2020-06	10	Wednesday	0	FY2020/21	Winter
20200611	2020-06-11	2020	2	6	June	2020-06	11	Thursday	0	FY2020/21	Winter
20200612	2020-06-12	2020	2	6	June	2020-06	12	Friday	0	FY2020/21	Winter
20200613	2020-06-13	2020	2	6	June	2020-06	13	Saturday	1	FY2020/21	Winter
20200614	2020-06-14	2020	2	6	June	2020-06	14	Sunday	1	FY2020/21	Winter
20200615	2020-06-15	2020	2	6	June	2020-06	15	Monday	0	FY2020/21	Winter
20200616	2020-06-16	2020	2	6	June	2020-06	16	Tuesday	0	FY2020/21	Winter
20200617	2020-06-17	2020	2	6	June	2020-06	17	Wednesday	0	FY2020/21	Winter
20200618	2020-06-18	2020	2	6	June	2020-06	18	Thursday	0	FY2020/21	Winter
20200619	2020-06-19	2020	2	6	June	2020-06	19	Friday	0	FY2020/21	Winter
20200620	2020-06-20	2020	2	6	June	2020-06	20	Saturday	1	FY2020/21	Winter
20200621	2020-06-21	2020	2	6	June	2020-06	21	Sunday	1	FY2020/21	Winter
20200622	2020-06-22	2020	2	6	June	2020-06	22	Monday	0	FY2020/21	Winter
20200623	2020-06-23	2020	2	6	June	2020-06	23	Tuesday	0	FY2020/21	Winter
20200624	2020-06-24	2020	2	6	June	2020-06	24	Wednesday	0	FY2020/21	Winter
20200625	2020-06-25	2020	2	6	June	2020-06	25	Thursday	0	FY2020/21	Winter
20200626	2020-06-26	2020	2	6	June	2020-06	26	Friday	0	FY2020/21	Winter
20200627	2020-06-27	2020	2	6	June	2020-06	27	Saturday	1	FY2020/21	Winter
20200628	2020-06-28	2020	2	6	June	2020-06	28	Sunday	1	FY2020/21	Winter
20200629	2020-06-29	2020	2	6	June	2020-06	29	Monday	0	FY2020/21	Winter
20200630	2020-06-30	2020	2	6	June	2020-06	30	Tuesday	0	FY2020/21	Winter
20200701	2020-07-01	2020	3	7	July	2020-07	1	Wednesday	0	FY2020/21	Winter
20200702	2020-07-02	2020	3	7	July	2020-07	2	Thursday	0	FY2020/21	Winter
20200703	2020-07-03	2020	3	7	July	2020-07	3	Friday	0	FY2020/21	Winter
20200704	2020-07-04	2020	3	7	July	2020-07	4	Saturday	1	FY2020/21	Winter
20200705	2020-07-05	2020	3	7	July	2020-07	5	Sunday	1	FY2020/21	Winter
20200706	2020-07-06	2020	3	7	July	2020-07	6	Monday	0	FY2020/21	Winter
20200707	2020-07-07	2020	3	7	July	2020-07	7	Tuesday	0	FY2020/21	Winter
20200708	2020-07-08	2020	3	7	July	2020-07	8	Wednesday	0	FY2020/21	Winter
20200709	2020-07-09	2020	3	7	July	2020-07	9	Thursday	0	FY2020/21	Winter
20200710	2020-07-10	2020	3	7	July	2020-07	10	Friday	0	FY2020/21	Winter
20200711	2020-07-11	2020	3	7	July	2020-07	11	Saturday	1	FY2020/21	Winter
20200712	2020-07-12	2020	3	7	July	2020-07	12	Sunday	1	FY2020/21	Winter
20200713	2020-07-13	2020	3	7	July	2020-07	13	Monday	0	FY2020/21	Winter
20200714	2020-07-14	2020	3	7	July	2020-07	14	Tuesday	0	FY2020/21	Winter
20200715	2020-07-15	2020	3	7	July	2020-07	15	Wednesday	0	FY2020/21	Winter
20200716	2020-07-16	2020	3	7	July	2020-07	16	Thursday	0	FY2020/21	Winter
20200717	2020-07-17	2020	3	7	July	2020-07	17	Friday	0	FY2020/21	Winter
20200718	2020-07-18	2020	3	7	July	2020-07	18	Saturday	1	FY2020/21	Winter
20200719	2020-07-19	2020	3	7	July	2020-07	19	Sunday	1	FY2020/21	Winter
20200720	2020-07-20	2020	3	7	July	2020-07	20	Monday	0	FY2020/21	Winter
20200721	2020-07-21	2020	3	7	July	2020-07	21	Tuesday	0	FY2020/21	Winter
20200722	2020-07-22	2020	3	7	July	2020-07	22	Wednesday	0	FY2020/21	Winter
20200723	2020-07-23	2020	3	7	July	2020-07	23	Thursday	0	FY2020/21	Winter
20200724	2020-07-24	2020	3	7	July	2020-07	24	Friday	0	FY2020/21	Winter
20200725	2020-07-25	2020	3	7	July	2020-07	25	Saturday	1	FY2020/21	Winter
20200726	2020-07-26	2020	3	7	July	2020-07	26	Sunday	1	FY2020/21	Winter
20200727	2020-07-27	2020	3	7	July	2020-07	27	Monday	0	FY2020/21	Winter
20200728	2020-07-28	2020	3	7	July	2020-07	28	Tuesday	0	FY2020/21	Winter
20200729	2020-07-29	2020	3	7	July	2020-07	29	Wednesday	0	FY2020/21	Winter
20200730	2020-07-30	2020	3	7	July	2020-07	30	Thursday	0	FY2020/21	Winter
20200731	2020-07-31	2020	3	7	July	2020-07	31	Friday	0	FY2020/21	Winter
20200801	2020-08-01	2020	3	8	August	2020-08	1	Saturday	1	FY2020/21	Winter
20200802	2020-08-02	2020	3	8	August	2020-08	2	Sunday	1	FY2020/21	Winter
20200803	2020-08-03	2020	3	8	August	2020-08	3	Monday	0	FY2020/21	Winter
20200804	2020-08-04	2020	3	8	August	2020-08	4	Tuesday	0	FY2020/21	Winter
20200805	2020-08-05	2020	3	8	August	2020-08	5	Wednesday	0	FY2020/21	Winter
20200806	2020-08-06	2020	3	8	August	2020-08	6	Thursday	0	FY2020/21	Winter
20200807	2020-08-07	2020	3	8	August	2020-08	7	Friday	0	FY2020/21	Winter
20200808	2020-08-08	2020	3	8	August	2020-08	8	Saturday	1	FY2020/21	Winter
20200809	2020-08-09	2020	3	8	August	2020-08	9	Sunday	1	FY2020/21	Winter
20200810	2020-08-10	2020	3	8	August	2020-08	10	Monday	0	FY2020/21	Winter
20200811	2020-08-11	2020	3	8	August	2020-08	11	Tuesday	0	FY2020/21	Winter
20200812	2020-08-12	2020	3	8	August	2020-08	12	Wednesday	0	FY2020/21	Winter
20200813	2020-08-13	2020	3	8	August	2020-08	13	Thursday	0	FY2020/21	Winter
20200814	2020-08-14	2020	3	8	August	2020-08	14	Friday	0	FY2020/21	Winter
20200815	2020-08-15	2020	3	8	August	2020-08	15	Saturday	1	FY2020/21	Winter
20200816	2020-08-16	2020	3	8	August	2020-08	16	Sunday	1	FY2020/21	Winter
20200817	2020-08-17	2020	3	8	August	2020-08	17	Monday	0	FY2020/21	Winter
20200818	2020-08-18	2020	3	8	August	2020-08	18	Tuesday	0	FY2020/21	Winter
20200819	2020-08-19	2020	3	8	August	2020-08	19	Wednesday	0	FY2020/21	Winter
20200820	2020-08-20	2020	3	8	August	2020-08	20	Thursday	0	FY2020/21	Winter
20200821	2020-08-21	2020	3	8	August	2020-08	21	Friday	0	FY2020/21	Winter
20200822	2020-08-22	2020	3	8	August	2020-08	22	Saturday	1	FY2020/21	Winter
20200823	2020-08-23	2020	3	8	August	2020-08	23	Sunday	1	FY2020/21	Winter
20200824	2020-08-24	2020	3	8	August	2020-08	24	Monday	0	FY2020/21	Winter
20200825	2020-08-25	2020	3	8	August	2020-08	25	Tuesday	0	FY2020/21	Winter
20200826	2020-08-26	2020	3	8	August	2020-08	26	Wednesday	0	FY2020/21	Winter
20200827	2020-08-27	2020	3	8	August	2020-08	27	Thursday	0	FY2020/21	Winter
20200828	2020-08-28	2020	3	8	August	2020-08	28	Friday	0	FY2020/21	Winter
20200829	2020-08-29	2020	3	8	August	2020-08	29	Saturday	1	FY2020/21	Winter
20200830	2020-08-30	2020	3	8	August	2020-08	30	Sunday	1	FY2020/21	Winter
20200831	2020-08-31	2020	3	8	August	2020-08	31	Monday	0	FY2020/21	Winter
20200901	2020-09-01	2020	3	9	September	2020-09	1	Tuesday	0	FY2020/21	Spring
20200902	2020-09-02	2020	3	9	September	2020-09	2	Wednesday	0	FY2020/21	Spring
20200903	2020-09-03	2020	3	9	September	2020-09	3	Thursday	0	FY2020/21	Spring
20200904	2020-09-04	2020	3	9	September	2020-09	4	Friday	0	FY2020/21	Spring
20200905	2020-09-05	2020	3	9	September	2020-09	5	Saturday	1	FY2020/21	Spring
20200906	2020-09-06	2020	3	9	September	2020-09	6	Sunday	1	FY2020/21	Spring
20200907	2020-09-07	2020	3	9	September	2020-09	7	Monday	0	FY2020/21	Spring
20200908	2020-09-08	2020	3	9	September	2020-09	8	Tuesday	0	FY2020/21	Spring
20200909	2020-09-09	2020	3	9	September	2020-09	9	Wednesday	0	FY2020/21	Spring
20200910	2020-09-10	2020	3	9	September	2020-09	10	Thursday	0	FY2020/21	Spring
20200911	2020-09-11	2020	3	9	September	2020-09	11	Friday	0	FY2020/21	Spring
20200912	2020-09-12	2020	3	9	September	2020-09	12	Saturday	1	FY2020/21	Spring
20200913	2020-09-13	2020	3	9	September	2020-09	13	Sunday	1	FY2020/21	Spring
20200914	2020-09-14	2020	3	9	September	2020-09	14	Monday	0	FY2020/21	Spring
20200915	2020-09-15	2020	3	9	September	2020-09	15	Tuesday	0	FY2020/21	Spring
20200916	2020-09-16	2020	3	9	September	2020-09	16	Wednesday	0	FY2020/21	Spring
20200917	2020-09-17	2020	3	9	September	2020-09	17	Thursday	0	FY2020/21	Spring
20200918	2020-09-18	2020	3	9	September	2020-09	18	Friday	0	FY2020/21	Spring
20200919	2020-09-19	2020	3	9	September	2020-09	19	Saturday	1	FY2020/21	Spring
20200920	2020-09-20	2020	3	9	September	2020-09	20	Sunday	1	FY2020/21	Spring
20200921	2020-09-21	2020	3	9	September	2020-09	21	Monday	0	FY2020/21	Spring
20200922	2020-09-22	2020	3	9	September	2020-09	22	Tuesday	0	FY2020/21	Spring
20200923	2020-09-23	2020	3	9	September	2020-09	23	Wednesday	0	FY2020/21	Spring
20200924	2020-09-24	2020	3	9	September	2020-09	24	Thursday	0	FY2020/21	Spring
20200925	2020-09-25	2020	3	9	September	2020-09	25	Friday	0	FY2020/21	Spring
20200926	2020-09-26	2020	3	9	September	2020-09	26	Saturday	1	FY2020/21	Spring
20200927	2020-09-27	2020	3	9	September	2020-09	27	Sunday	1	FY2020/21	Spring
20200928	2020-09-28	2020	3	9	September	2020-09	28	Monday	0	FY2020/21	Spring
20200929	2020-09-29	2020	3	9	September	2020-09	29	Tuesday	0	FY2020/21	Spring
20200930	2020-09-30	2020	3	9	September	2020-09	30	Wednesday	0	FY2020/21	Spring
20201001	2020-10-01	2020	4	10	October	2020-10	1	Thursday	0	FY2020/21	Spring
20201002	2020-10-02	2020	4	10	October	2020-10	2	Friday	0	FY2020/21	Spring
20201003	2020-10-03	2020	4	10	October	2020-10	3	Saturday	1	FY2020/21	Spring
20201004	2020-10-04	2020	4	10	October	2020-10	4	Sunday	1	FY2020/21	Spring
20201005	2020-10-05	2020	4	10	October	2020-10	5	Monday	0	FY2020/21	Spring
20201006	2020-10-06	2020	4	10	October	2020-10	6	Tuesday	0	FY2020/21	Spring
20201007	2020-10-07	2020	4	10	October	2020-10	7	Wednesday	0	FY2020/21	Spring
20201008	2020-10-08	2020	4	10	October	2020-10	8	Thursday	0	FY2020/21	Spring
20201009	2020-10-09	2020	4	10	October	2020-10	9	Friday	0	FY2020/21	Spring
20201010	2020-10-10	2020	4	10	October	2020-10	10	Saturday	1	FY2020/21	Spring
20201011	2020-10-11	2020	4	10	October	2020-10	11	Sunday	1	FY2020/21	Spring
20201012	2020-10-12	2020	4	10	October	2020-10	12	Monday	0	FY2020/21	Spring
20201013	2020-10-13	2020	4	10	October	2020-10	13	Tuesday	0	FY2020/21	Spring
20201014	2020-10-14	2020	4	10	October	2020-10	14	Wednesday	0	FY2020/21	Spring
20201015	2020-10-15	2020	4	10	October	2020-10	15	Thursday	0	FY2020/21	Spring
20201016	2020-10-16	2020	4	10	October	2020-10	16	Friday	0	FY2020/21	Spring
20201017	2020-10-17	2020	4	10	October	2020-10	17	Saturday	1	FY2020/21	Spring
20201018	2020-10-18	2020	4	10	October	2020-10	18	Sunday	1	FY2020/21	Spring
20201019	2020-10-19	2020	4	10	October	2020-10	19	Monday	0	FY2020/21	Spring
20201020	2020-10-20	2020	4	10	October	2020-10	20	Tuesday	0	FY2020/21	Spring
20201021	2020-10-21	2020	4	10	October	2020-10	21	Wednesday	0	FY2020/21	Spring
20201022	2020-10-22	2020	4	10	October	2020-10	22	Thursday	0	FY2020/21	Spring
20201023	2020-10-23	2020	4	10	October	2020-10	23	Friday	0	FY2020/21	Spring
20201024	2020-10-24	2020	4	10	October	2020-10	24	Saturday	1	FY2020/21	Spring
20201025	2020-10-25	2020	4	10	October	2020-10	25	Sunday	1	FY2020/21	Spring
20201026	2020-10-26	2020	4	10	October	2020-10	26	Monday	0	FY2020/21	Spring
20201027	2020-10-27	2020	4	10	October	2020-10	27	Tuesday	0	FY2020/21	Spring
20201028	2020-10-28	2020	4	10	October	2020-10	28	Wednesday	0	FY2020/21	Spring
20201029	2020-10-29	2020	4	10	October	2020-10	29	Thursday	0	FY2020/21	Spring
20201030	2020-10-30	2020	4	10	October	2020-10	30	Friday	0	FY2020/21	Spring
20201031	2020-10-31	2020	4	10	October	2020-10	31	Saturday	1	FY2020/21	Spring
20201101	2020-11-01	2020	4	11	November	2020-11	1	Sunday	1	FY2020/21	Spring
20201102	2020-11-02	2020	4	11	November	2020-11	2	Monday	0	FY2020/21	Spring
20201103	2020-11-03	2020	4	11	November	2020-11	3	Tuesday	0	FY2020/21	Spring
20201104	2020-11-04	2020	4	11	November	2020-11	4	Wednesday	0	FY2020/21	Spring
20201105	2020-11-05	2020	4	11	November	2020-11	5	Thursday	0	FY2020/21	Spring
20201106	2020-11-06	2020	4	11	November	2020-11	6	Friday	0	FY2020/21	Spring
20201107	2020-11-07	2020	4	11	November	2020-11	7	Saturday	1	FY2020/21	Spring
20201108	2020-11-08	2020	4	11	November	2020-11	8	Sunday	1	FY2020/21	Spring
20201109	2020-11-09	2020	4	11	November	2020-11	9	Monday	0	FY2020/21	Spring
20201110	2020-11-10	2020	4	11	November	2020-11	10	Tuesday	0	FY2020/21	Spring
20201111	2020-11-11	2020	4	11	November	2020-11	11	Wednesday	0	FY2020/21	Spring
20201112	2020-11-12	2020	4	11	November	2020-11	12	Thursday	0	FY2020/21	Spring
20201113	2020-11-13	2020	4	11	November	2020-11	13	Friday	0	FY2020/21	Spring
20201114	2020-11-14	2020	4	11	November	2020-11	14	Saturday	1	FY2020/21	Spring
20201115	2020-11-15	2020	4	11	November	2020-11	15	Sunday	1	FY2020/21	Spring
20201116	2020-11-16	2020	4	11	November	2020-11	16	Monday	0	FY2020/21	Spring
20201117	2020-11-17	2020	4	11	November	2020-11	17	Tuesday	0	FY2020/21	Spring
20201118	2020-11-18	2020	4	11	November	2020-11	18	Wednesday	0	FY2020/21	Spring
20201119	2020-11-19	2020	4	11	November	2020-11	19	Thursday	0	FY2020/21	Spring
20201120	2020-11-20	2020	4	11	November	2020-11	20	Friday	0	FY2020/21	Spring
20201121	2020-11-21	2020	4	11	November	2020-11	21	Saturday	1	FY2020/21	Spring
20201122	2020-11-22	2020	4	11	November	2020-11	22	Sunday	1	FY2020/21	Spring
20201123	2020-11-23	2020	4	11	November	2020-11	23	Monday	0	FY2020/21	Spring
20201124	2020-11-24	2020	4	11	November	2020-11	24	Tuesday	0	FY2020/21	Spring
20201125	2020-11-25	2020	4	11	November	2020-11	25	Wednesday	0	FY2020/21	Spring
20201126	2020-11-26	2020	4	11	November	2020-11	26	Thursday	0	FY2020/21	Spring
20201127	2020-11-27	2020	4	11	November	2020-11	27	Friday	0	FY2020/21	Spring
20201128	2020-11-28	2020	4	11	November	2020-11	28	Saturday	1	FY2020/21	Spring
20201129	2020-11-29	2020	4	11	November	2020-11	29	Sunday	1	FY2020/21	Spring
20201130	2020-11-30	2020	4	11	November	2020-11	30	Monday	0	FY2020/21	Spring
20201201	2020-12-01	2020	4	12	December	2020-12	1	Tuesday	0	FY2020/21	Summer
20201202	2020-12-02	2020	4	12	December	2020-12	2	Wednesday	0	FY2020/21	Summer
20201203	2020-12-03	2020	4	12	December	2020-12	3	Thursday	0	FY2020/21	Summer
20201204	2020-12-04	2020	4	12	December	2020-12	4	Friday	0	FY2020/21	Summer
20201205	2020-12-05	2020	4	12	December	2020-12	5	Saturday	1	FY2020/21	Summer
20201206	2020-12-06	2020	4	12	December	2020-12	6	Sunday	1	FY2020/21	Summer
20201207	2020-12-07	2020	4	12	December	2020-12	7	Monday	0	FY2020/21	Summer
20201208	2020-12-08	2020	4	12	December	2020-12	8	Tuesday	0	FY2020/21	Summer
20201209	2020-12-09	2020	4	12	December	2020-12	9	Wednesday	0	FY2020/21	Summer
20201210	2020-12-10	2020	4	12	December	2020-12	10	Thursday	0	FY2020/21	Summer
20201211	2020-12-11	2020	4	12	December	2020-12	11	Friday	0	FY2020/21	Summer
20201212	2020-12-12	2020	4	12	December	2020-12	12	Saturday	1	FY2020/21	Summer
20201213	2020-12-13	2020	4	12	December	2020-12	13	Sunday	1	FY2020/21	Summer
20201214	2020-12-14	2020	4	12	December	2020-12	14	Monday	0	FY2020/21	Summer
20201215	2020-12-15	2020	4	12	December	2020-12	15	Tuesday	0	FY2020/21	Summer
20201216	2020-12-16	2020	4	12	December	2020-12	16	Wednesday	0	FY2020/21	Summer
20201217	2020-12-17	2020	4	12	December	2020-12	17	Thursday	0	FY2020/21	Summer
20201218	2020-12-18	2020	4	12	December	2020-12	18	Friday	0	FY2020/21	Summer
20201219	2020-12-19	2020	4	12	December	2020-12	19	Saturday	1	FY2020/21	Summer
20201220	2020-12-20	2020	4	12	December	2020-12	20	Sunday	1	FY2020/21	Summer
20201221	2020-12-21	2020	4	12	December	2020-12	21	Monday	0	FY2020/21	Summer
20201222	2020-12-22	2020	4	12	December	2020-12	22	Tuesday	0	FY2020/21	Summer
20201223	2020-12-23	2020	4	12	December	2020-12	23	Wednesday	0	FY2020/21	Summer
20201224	2020-12-24	2020	4	12	December	2020-12	24	Thursday	0	FY2020/21	Summer
20201225	2020-12-25	2020	4	12	December	2020-12	25	Friday	0	FY2020/21	Summer
20201226	2020-12-26	2020	4	12	December	2020-12	26	Saturday	1	FY2020/21	Summer
20201227	2020-12-27	2020	4	12	December	2020-12	27	Sunday	1	FY2020/21	Summer
20201228	2020-12-28	2020	4	12	December	2020-12	28	Monday	0	FY2020/21	Summer
20201229	2020-12-29	2020	4	12	December	2020-12	29	Tuesday	0	FY2020/21	Summer
20201230	2020-12-30	2020	4	12	December	2020-12	30	Wednesday	0	FY2020/21	Summer
20201231	2020-12-31	2020	4	12	December	2020-12	31	Thursday	0	FY2020/21	Summer
20210101	2021-01-01	2021	1	1	January	2021-01	1	Friday	0	FY2020/21	Summer
20210102	2021-01-02	2021	1	1	January	2021-01	2	Saturday	1	FY2020/21	Summer
20210103	2021-01-03	2021	1	1	January	2021-01	3	Sunday	1	FY2020/21	Summer
20210104	2021-01-04	2021	1	1	January	2021-01	4	Monday	0	FY2020/21	Summer
20210105	2021-01-05	2021	1	1	January	2021-01	5	Tuesday	0	FY2020/21	Summer
20210106	2021-01-06	2021	1	1	January	2021-01	6	Wednesday	0	FY2020/21	Summer
20210107	2021-01-07	2021	1	1	January	2021-01	7	Thursday	0	FY2020/21	Summer
20210108	2021-01-08	2021	1	1	January	2021-01	8	Friday	0	FY2020/21	Summer
20210109	2021-01-09	2021	1	1	January	2021-01	9	Saturday	1	FY2020/21	Summer
20210110	2021-01-10	2021	1	1	January	2021-01	10	Sunday	1	FY2020/21	Summer
20210111	2021-01-11	2021	1	1	January	2021-01	11	Monday	0	FY2020/21	Summer
20210112	2021-01-12	2021	1	1	January	2021-01	12	Tuesday	0	FY2020/21	Summer
20210113	2021-01-13	2021	1	1	January	2021-01	13	Wednesday	0	FY2020/21	Summer
20210114	2021-01-14	2021	1	1	January	2021-01	14	Thursday	0	FY2020/21	Summer
20210115	2021-01-15	2021	1	1	January	2021-01	15	Friday	0	FY2020/21	Summer
20210116	2021-01-16	2021	1	1	January	2021-01	16	Saturday	1	FY2020/21	Summer
20210117	2021-01-17	2021	1	1	January	2021-01	17	Sunday	1	FY2020/21	Summer
20210118	2021-01-18	2021	1	1	January	2021-01	18	Monday	0	FY2020/21	Summer
20210119	2021-01-19	2021	1	1	January	2021-01	19	Tuesday	0	FY2020/21	Summer
20210120	2021-01-20	2021	1	1	January	2021-01	20	Wednesday	0	FY2020/21	Summer
20210121	2021-01-21	2021	1	1	January	2021-01	21	Thursday	0	FY2020/21	Summer
20210122	2021-01-22	2021	1	1	January	2021-01	22	Friday	0	FY2020/21	Summer
20210123	2021-01-23	2021	1	1	January	2021-01	23	Saturday	1	FY2020/21	Summer
20210124	2021-01-24	2021	1	1	January	2021-01	24	Sunday	1	FY2020/21	Summer
20210125	2021-01-25	2021	1	1	January	2021-01	25	Monday	0	FY2020/21	Summer
20210126	2021-01-26	2021	1	1	January	2021-01	26	Tuesday	0	FY2020/21	Summer
20210127	2021-01-27	2021	1	1	January	2021-01	27	Wednesday	0	FY2020/21	Summer
20210128	2021-01-28	2021	1	1	January	2021-01	28	Thursday	0	FY2020/21	Summer
20210129	2021-01-29	2021	1	1	January	2021-01	29	Friday	0	FY2020/21	Summer
20210130	2021-01-30	2021	1	1	January	2021-01	30	Saturday	1	FY2020/21	Summer
20210131	2021-01-31	2021	1	1	January	2021-01	31	Sunday	1	FY2020/21	Summer
20210201	2021-02-01	2021	1	2	February	2021-02	1	Monday	0	FY2020/21	Summer
20210202	2021-02-02	2021	1	2	February	2021-02	2	Tuesday	0	FY2020/21	Summer
20210203	2021-02-03	2021	1	2	February	2021-02	3	Wednesday	0	FY2020/21	Summer
20210204	2021-02-04	2021	1	2	February	2021-02	4	Thursday	0	FY2020/21	Summer
20210205	2021-02-05	2021	1	2	February	2021-02	5	Friday	0	FY2020/21	Summer
20210206	2021-02-06	2021	1	2	February	2021-02	6	Saturday	1	FY2020/21	Summer
20210207	2021-02-07	2021	1	2	February	2021-02	7	Sunday	1	FY2020/21	Summer
20210208	2021-02-08	2021	1	2	February	2021-02	8	Monday	0	FY2020/21	Summer
20210209	2021-02-09	2021	1	2	February	2021-02	9	Tuesday	0	FY2020/21	Summer
20210210	2021-02-10	2021	1	2	February	2021-02	10	Wednesday	0	FY2020/21	Summer
20210211	2021-02-11	2021	1	2	February	2021-02	11	Thursday	0	FY2020/21	Summer
20210212	2021-02-12	2021	1	2	February	2021-02	12	Friday	0	FY2020/21	Summer
20210213	2021-02-13	2021	1	2	February	2021-02	13	Saturday	1	FY2020/21	Summer
20210214	2021-02-14	2021	1	2	February	2021-02	14	Sunday	1	FY2020/21	Summer
20210215	2021-02-15	2021	1	2	February	2021-02	15	Monday	0	FY2020/21	Summer
20210216	2021-02-16	2021	1	2	February	2021-02	16	Tuesday	0	FY2020/21	Summer
20210217	2021-02-17	2021	1	2	February	2021-02	17	Wednesday	0	FY2020/21	Summer
20210218	2021-02-18	2021	1	2	February	2021-02	18	Thursday	0	FY2020/21	Summer
20210219	2021-02-19	2021	1	2	February	2021-02	19	Friday	0	FY2020/21	Summer
20210220	2021-02-20	2021	1	2	February	2021-02	20	Saturday	1	FY2020/21	Summer
20210221	2021-02-21	2021	1	2	February	2021-02	21	Sunday	1	FY2020/21	Summer
20210222	2021-02-22	2021	1	2	February	2021-02	22	Monday	0	FY2020/21	Summer
20210223	2021-02-23	2021	1	2	February	2021-02	23	Tuesday	0	FY2020/21	Summer
20210224	2021-02-24	2021	1	2	February	2021-02	24	Wednesday	0	FY2020/21	Summer
20210225	2021-02-25	2021	1	2	February	2021-02	25	Thursday	0	FY2020/21	Summer
20210226	2021-02-26	2021	1	2	February	2021-02	26	Friday	0	FY2020/21	Summer
20210227	2021-02-27	2021	1	2	February	2021-02	27	Saturday	1	FY2020/21	Summer
20210228	2021-02-28	2021	1	2	February	2021-02	28	Sunday	1	FY2020/21	Summer
20210301	2021-03-01	2021	1	3	March	2021-03	1	Monday	0	FY2020/21	Autumn
20210302	2021-03-02	2021	1	3	March	2021-03	2	Tuesday	0	FY2020/21	Autumn
20210303	2021-03-03	2021	1	3	March	2021-03	3	Wednesday	0	FY2020/21	Autumn
20210304	2021-03-04	2021	1	3	March	2021-03	4	Thursday	0	FY2020/21	Autumn
20210305	2021-03-05	2021	1	3	March	2021-03	5	Friday	0	FY2020/21	Autumn
20210306	2021-03-06	2021	1	3	March	2021-03	6	Saturday	1	FY2020/21	Autumn
20210307	2021-03-07	2021	1	3	March	2021-03	7	Sunday	1	FY2020/21	Autumn
20210308	2021-03-08	2021	1	3	March	2021-03	8	Monday	0	FY2020/21	Autumn
20210309	2021-03-09	2021	1	3	March	2021-03	9	Tuesday	0	FY2020/21	Autumn
20210310	2021-03-10	2021	1	3	March	2021-03	10	Wednesday	0	FY2020/21	Autumn
20210311	2021-03-11	2021	1	3	March	2021-03	11	Thursday	0	FY2020/21	Autumn
20210312	2021-03-12	2021	1	3	March	2021-03	12	Friday	0	FY2020/21	Autumn
20210313	2021-03-13	2021	1	3	March	2021-03	13	Saturday	1	FY2020/21	Autumn
20210314	2021-03-14	2021	1	3	March	2021-03	14	Sunday	1	FY2020/21	Autumn
20210315	2021-03-15	2021	1	3	March	2021-03	15	Monday	0	FY2020/21	Autumn
20210316	2021-03-16	2021	1	3	March	2021-03	16	Tuesday	0	FY2020/21	Autumn
20210317	2021-03-17	2021	1	3	March	2021-03	17	Wednesday	0	FY2020/21	Autumn
20210318	2021-03-18	2021	1	3	March	2021-03	18	Thursday	0	FY2020/21	Autumn
20210319	2021-03-19	2021	1	3	March	2021-03	19	Friday	0	FY2020/21	Autumn
20210320	2021-03-20	2021	1	3	March	2021-03	20	Saturday	1	FY2020/21	Autumn
20210321	2021-03-21	2021	1	3	March	2021-03	21	Sunday	1	FY2020/21	Autumn
20210322	2021-03-22	2021	1	3	March	2021-03	22	Monday	0	FY2020/21	Autumn
20210323	2021-03-23	2021	1	3	March	2021-03	23	Tuesday	0	FY2020/21	Autumn
20210324	2021-03-24	2021	1	3	March	2021-03	24	Wednesday	0	FY2020/21	Autumn
20210325	2021-03-25	2021	1	3	March	2021-03	25	Thursday	0	FY2020/21	Autumn
20210326	2021-03-26	2021	1	3	March	2021-03	26	Friday	0	FY2020/21	Autumn
20210327	2021-03-27	2021	1	3	March	2021-03	27	Saturday	1	FY2020/21	Autumn
20210328	2021-03-28	2021	1	3	March	2021-03	28	Sunday	1	FY2020/21	Autumn
20210329	2021-03-29	2021	1	3	March	2021-03	29	Monday	0	FY2020/21	Autumn
20210330	2021-03-30	2021	1	3	March	2021-03	30	Tuesday	0	FY2020/21	Autumn
20210331	2021-03-31	2021	1	3	March	2021-03	31	Wednesday	0	FY2020/21	Autumn
20210401	2021-04-01	2021	2	4	April	2021-04	1	Thursday	0	FY2021/22	Autumn
20210402	2021-04-02	2021	2	4	April	2021-04	2	Friday	0	FY2021/22	Autumn
20210403	2021-04-03	2021	2	4	April	2021-04	3	Saturday	1	FY2021/22	Autumn
20210404	2021-04-04	2021	2	4	April	2021-04	4	Sunday	1	FY2021/22	Autumn
20210405	2021-04-05	2021	2	4	April	2021-04	5	Monday	0	FY2021/22	Autumn
20210406	2021-04-06	2021	2	4	April	2021-04	6	Tuesday	0	FY2021/22	Autumn
20210407	2021-04-07	2021	2	4	April	2021-04	7	Wednesday	0	FY2021/22	Autumn
20210408	2021-04-08	2021	2	4	April	2021-04	8	Thursday	0	FY2021/22	Autumn
20210409	2021-04-09	2021	2	4	April	2021-04	9	Friday	0	FY2021/22	Autumn
20210410	2021-04-10	2021	2	4	April	2021-04	10	Saturday	1	FY2021/22	Autumn
20210411	2021-04-11	2021	2	4	April	2021-04	11	Sunday	1	FY2021/22	Autumn
20210412	2021-04-12	2021	2	4	April	2021-04	12	Monday	0	FY2021/22	Autumn
20210413	2021-04-13	2021	2	4	April	2021-04	13	Tuesday	0	FY2021/22	Autumn
20210414	2021-04-14	2021	2	4	April	2021-04	14	Wednesday	0	FY2021/22	Autumn
20210415	2021-04-15	2021	2	4	April	2021-04	15	Thursday	0	FY2021/22	Autumn
20210416	2021-04-16	2021	2	4	April	2021-04	16	Friday	0	FY2021/22	Autumn
20210417	2021-04-17	2021	2	4	April	2021-04	17	Saturday	1	FY2021/22	Autumn
20210418	2021-04-18	2021	2	4	April	2021-04	18	Sunday	1	FY2021/22	Autumn
20210419	2021-04-19	2021	2	4	April	2021-04	19	Monday	0	FY2021/22	Autumn
20210420	2021-04-20	2021	2	4	April	2021-04	20	Tuesday	0	FY2021/22	Autumn
20210421	2021-04-21	2021	2	4	April	2021-04	21	Wednesday	0	FY2021/22	Autumn
20210422	2021-04-22	2021	2	4	April	2021-04	22	Thursday	0	FY2021/22	Autumn
20210423	2021-04-23	2021	2	4	April	2021-04	23	Friday	0	FY2021/22	Autumn
20210424	2021-04-24	2021	2	4	April	2021-04	24	Saturday	1	FY2021/22	Autumn
20210425	2021-04-25	2021	2	4	April	2021-04	25	Sunday	1	FY2021/22	Autumn
20210426	2021-04-26	2021	2	4	April	2021-04	26	Monday	0	FY2021/22	Autumn
20210427	2021-04-27	2021	2	4	April	2021-04	27	Tuesday	0	FY2021/22	Autumn
20210428	2021-04-28	2021	2	4	April	2021-04	28	Wednesday	0	FY2021/22	Autumn
20210429	2021-04-29	2021	2	4	April	2021-04	29	Thursday	0	FY2021/22	Autumn
20210430	2021-04-30	2021	2	4	April	2021-04	30	Friday	0	FY2021/22	Autumn
20210501	2021-05-01	2021	2	5	May	2021-05	1	Saturday	1	FY2021/22	Autumn
20210502	2021-05-02	2021	2	5	May	2021-05	2	Sunday	1	FY2021/22	Autumn
20210503	2021-05-03	2021	2	5	May	2021-05	3	Monday	0	FY2021/22	Autumn
20210504	2021-05-04	2021	2	5	May	2021-05	4	Tuesday	0	FY2021/22	Autumn
20210505	2021-05-05	2021	2	5	May	2021-05	5	Wednesday	0	FY2021/22	Autumn
20210506	2021-05-06	2021	2	5	May	2021-05	6	Thursday	0	FY2021/22	Autumn
20210507	2021-05-07	2021	2	5	May	2021-05	7	Friday	0	FY2021/22	Autumn
20210508	2021-05-08	2021	2	5	May	2021-05	8	Saturday	1	FY2021/22	Autumn
20210509	2021-05-09	2021	2	5	May	2021-05	9	Sunday	1	FY2021/22	Autumn
20210510	2021-05-10	2021	2	5	May	2021-05	10	Monday	0	FY2021/22	Autumn
20210511	2021-05-11	2021	2	5	May	2021-05	11	Tuesday	0	FY2021/22	Autumn
20210512	2021-05-12	2021	2	5	May	2021-05	12	Wednesday	0	FY2021/22	Autumn
20210513	2021-05-13	2021	2	5	May	2021-05	13	Thursday	0	FY2021/22	Autumn
20210514	2021-05-14	2021	2	5	May	2021-05	14	Friday	0	FY2021/22	Autumn
20210515	2021-05-15	2021	2	5	May	2021-05	15	Saturday	1	FY2021/22	Autumn
20210516	2021-05-16	2021	2	5	May	2021-05	16	Sunday	1	FY2021/22	Autumn
20210517	2021-05-17	2021	2	5	May	2021-05	17	Monday	0	FY2021/22	Autumn
20210518	2021-05-18	2021	2	5	May	2021-05	18	Tuesday	0	FY2021/22	Autumn
20210519	2021-05-19	2021	2	5	May	2021-05	19	Wednesday	0	FY2021/22	Autumn
20210520	2021-05-20	2021	2	5	May	2021-05	20	Thursday	0	FY2021/22	Autumn
20210521	2021-05-21	2021	2	5	May	2021-05	21	Friday	0	FY2021/22	Autumn
20210522	2021-05-22	2021	2	5	May	2021-05	22	Saturday	1	FY2021/22	Autumn
20210523	2021-05-23	2021	2	5	May	2021-05	23	Sunday	1	FY2021/22	Autumn
20210524	2021-05-24	2021	2	5	May	2021-05	24	Monday	0	FY2021/22	Autumn
20210525	2021-05-25	2021	2	5	May	2021-05	25	Tuesday	0	FY2021/22	Autumn
20210526	2021-05-26	2021	2	5	May	2021-05	26	Wednesday	0	FY2021/22	Autumn
20210527	2021-05-27	2021	2	5	May	2021-05	27	Thursday	0	FY2021/22	Autumn
20210528	2021-05-28	2021	2	5	May	2021-05	28	Friday	0	FY2021/22	Autumn
20210529	2021-05-29	2021	2	5	May	2021-05	29	Saturday	1	FY2021/22	Autumn
20210530	2021-05-30	2021	2	5	May	2021-05	30	Sunday	1	FY2021/22	Autumn
20210531	2021-05-31	2021	2	5	May	2021-05	31	Monday	0	FY2021/22	Autumn
20210601	2021-06-01	2021	2	6	June	2021-06	1	Tuesday	0	FY2021/22	Winter
20210602	2021-06-02	2021	2	6	June	2021-06	2	Wednesday	0	FY2021/22	Winter
20210603	2021-06-03	2021	2	6	June	2021-06	3	Thursday	0	FY2021/22	Winter
20210604	2021-06-04	2021	2	6	June	2021-06	4	Friday	0	FY2021/22	Winter
20210605	2021-06-05	2021	2	6	June	2021-06	5	Saturday	1	FY2021/22	Winter
20210606	2021-06-06	2021	2	6	June	2021-06	6	Sunday	1	FY2021/22	Winter
20210607	2021-06-07	2021	2	6	June	2021-06	7	Monday	0	FY2021/22	Winter
20210608	2021-06-08	2021	2	6	June	2021-06	8	Tuesday	0	FY2021/22	Winter
20210609	2021-06-09	2021	2	6	June	2021-06	9	Wednesday	0	FY2021/22	Winter
20210610	2021-06-10	2021	2	6	June	2021-06	10	Thursday	0	FY2021/22	Winter
20210611	2021-06-11	2021	2	6	June	2021-06	11	Friday	0	FY2021/22	Winter
20210612	2021-06-12	2021	2	6	June	2021-06	12	Saturday	1	FY2021/22	Winter
20210613	2021-06-13	2021	2	6	June	2021-06	13	Sunday	1	FY2021/22	Winter
20210614	2021-06-14	2021	2	6	June	2021-06	14	Monday	0	FY2021/22	Winter
20210615	2021-06-15	2021	2	6	June	2021-06	15	Tuesday	0	FY2021/22	Winter
20210616	2021-06-16	2021	2	6	June	2021-06	16	Wednesday	0	FY2021/22	Winter
20210617	2021-06-17	2021	2	6	June	2021-06	17	Thursday	0	FY2021/22	Winter
20210618	2021-06-18	2021	2	6	June	2021-06	18	Friday	0	FY2021/22	Winter
20210619	2021-06-19	2021	2	6	June	2021-06	19	Saturday	1	FY2021/22	Winter
20210620	2021-06-20	2021	2	6	June	2021-06	20	Sunday	1	FY2021/22	Winter
20210621	2021-06-21	2021	2	6	June	2021-06	21	Monday	0	FY2021/22	Winter
20210622	2021-06-22	2021	2	6	June	2021-06	22	Tuesday	0	FY2021/22	Winter
20210623	2021-06-23	2021	2	6	June	2021-06	23	Wednesday	0	FY2021/22	Winter
20210624	2021-06-24	2021	2	6	June	2021-06	24	Thursday	0	FY2021/22	Winter
20210625	2021-06-25	2021	2	6	June	2021-06	25	Friday	0	FY2021/22	Winter
20210626	2021-06-26	2021	2	6	June	2021-06	26	Saturday	1	FY2021/22	Winter
20210627	2021-06-27	2021	2	6	June	2021-06	27	Sunday	1	FY2021/22	Winter
20210628	2021-06-28	2021	2	6	June	2021-06	28	Monday	0	FY2021/22	Winter
20210629	2021-06-29	2021	2	6	June	2021-06	29	Tuesday	0	FY2021/22	Winter
20210630	2021-06-30	2021	2	6	June	2021-06	30	Wednesday	0	FY2021/22	Winter
20210701	2021-07-01	2021	3	7	July	2021-07	1	Thursday	0	FY2021/22	Winter
20210702	2021-07-02	2021	3	7	July	2021-07	2	Friday	0	FY2021/22	Winter
20210703	2021-07-03	2021	3	7	July	2021-07	3	Saturday	1	FY2021/22	Winter
20210704	2021-07-04	2021	3	7	July	2021-07	4	Sunday	1	FY2021/22	Winter
20210705	2021-07-05	2021	3	7	July	2021-07	5	Monday	0	FY2021/22	Winter
20210706	2021-07-06	2021	3	7	July	2021-07	6	Tuesday	0	FY2021/22	Winter
20210707	2021-07-07	2021	3	7	July	2021-07	7	Wednesday	0	FY2021/22	Winter
20210708	2021-07-08	2021	3	7	July	2021-07	8	Thursday	0	FY2021/22	Winter
20210709	2021-07-09	2021	3	7	July	2021-07	9	Friday	0	FY2021/22	Winter
20210710	2021-07-10	2021	3	7	July	2021-07	10	Saturday	1	FY2021/22	Winter
20210711	2021-07-11	2021	3	7	July	2021-07	11	Sunday	1	FY2021/22	Winter
20210712	2021-07-12	2021	3	7	July	2021-07	12	Monday	0	FY2021/22	Winter
20210713	2021-07-13	2021	3	7	July	2021-07	13	Tuesday	0	FY2021/22	Winter
20210714	2021-07-14	2021	3	7	July	2021-07	14	Wednesday	0	FY2021/22	Winter
20210715	2021-07-15	2021	3	7	July	2021-07	15	Thursday	0	FY2021/22	Winter
20210716	2021-07-16	2021	3	7	July	2021-07	16	Friday	0	FY2021/22	Winter
20210717	2021-07-17	2021	3	7	July	2021-07	17	Saturday	1	FY2021/22	Winter
20210718	2021-07-18	2021	3	7	July	2021-07	18	Sunday	1	FY2021/22	Winter
20210719	2021-07-19	2021	3	7	July	2021-07	19	Monday	0	FY2021/22	Winter
20210720	2021-07-20	2021	3	7	July	2021-07	20	Tuesday	0	FY2021/22	Winter
20210721	2021-07-21	2021	3	7	July	2021-07	21	Wednesday	0	FY2021/22	Winter
20210722	2021-07-22	2021	3	7	July	2021-07	22	Thursday	0	FY2021/22	Winter
20210723	2021-07-23	2021	3	7	July	2021-07	23	Friday	0	FY2021/22	Winter
20210724	2021-07-24	2021	3	7	July	2021-07	24	Saturday	1	FY2021/22	Winter
20210725	2021-07-25	2021	3	7	July	2021-07	25	Sunday	1	FY2021/22	Winter
20210726	2021-07-26	2021	3	7	July	2021-07	26	Monday	0	FY2021/22	Winter
20210727	2021-07-27	2021	3	7	July	2021-07	27	Tuesday	0	FY2021/22	Winter
20210728	2021-07-28	2021	3	7	July	2021-07	28	Wednesday	0	FY2021/22	Winter
20210729	2021-07-29	2021	3	7	July	2021-07	29	Thursday	0	FY2021/22	Winter
20210730	2021-07-30	2021	3	7	July	2021-07	30	Friday	0	FY2021/22	Winter
20210731	2021-07-31	2021	3	7	July	2021-07	31	Saturday	1	FY2021/22	Winter
20210801	2021-08-01	2021	3	8	August	2021-08	1	Sunday	1	FY2021/22	Winter
20210802	2021-08-02	2021	3	8	August	2021-08	2	Monday	0	FY2021/22	Winter
20210803	2021-08-03	2021	3	8	August	2021-08	3	Tuesday	0	FY2021/22	Winter
20210804	2021-08-04	2021	3	8	August	2021-08	4	Wednesday	0	FY2021/22	Winter
20210805	2021-08-05	2021	3	8	August	2021-08	5	Thursday	0	FY2021/22	Winter
20210806	2021-08-06	2021	3	8	August	2021-08	6	Friday	0	FY2021/22	Winter
20210807	2021-08-07	2021	3	8	August	2021-08	7	Saturday	1	FY2021/22	Winter
20210808	2021-08-08	2021	3	8	August	2021-08	8	Sunday	1	FY2021/22	Winter
20210809	2021-08-09	2021	3	8	August	2021-08	9	Monday	0	FY2021/22	Winter
20210810	2021-08-10	2021	3	8	August	2021-08	10	Tuesday	0	FY2021/22	Winter
20210811	2021-08-11	2021	3	8	August	2021-08	11	Wednesday	0	FY2021/22	Winter
20210812	2021-08-12	2021	3	8	August	2021-08	12	Thursday	0	FY2021/22	Winter
20210813	2021-08-13	2021	3	8	August	2021-08	13	Friday	0	FY2021/22	Winter
20210814	2021-08-14	2021	3	8	August	2021-08	14	Saturday	1	FY2021/22	Winter
20210815	2021-08-15	2021	3	8	August	2021-08	15	Sunday	1	FY2021/22	Winter
20210816	2021-08-16	2021	3	8	August	2021-08	16	Monday	0	FY2021/22	Winter
20210817	2021-08-17	2021	3	8	August	2021-08	17	Tuesday	0	FY2021/22	Winter
20210818	2021-08-18	2021	3	8	August	2021-08	18	Wednesday	0	FY2021/22	Winter
20210819	2021-08-19	2021	3	8	August	2021-08	19	Thursday	0	FY2021/22	Winter
20210820	2021-08-20	2021	3	8	August	2021-08	20	Friday	0	FY2021/22	Winter
20210821	2021-08-21	2021	3	8	August	2021-08	21	Saturday	1	FY2021/22	Winter
20210822	2021-08-22	2021	3	8	August	2021-08	22	Sunday	1	FY2021/22	Winter
20210823	2021-08-23	2021	3	8	August	2021-08	23	Monday	0	FY2021/22	Winter
20210824	2021-08-24	2021	3	8	August	2021-08	24	Tuesday	0	FY2021/22	Winter
20210825	2021-08-25	2021	3	8	August	2021-08	25	Wednesday	0	FY2021/22	Winter
20210826	2021-08-26	2021	3	8	August	2021-08	26	Thursday	0	FY2021/22	Winter
20210827	2021-08-27	2021	3	8	August	2021-08	27	Friday	0	FY2021/22	Winter
20210828	2021-08-28	2021	3	8	August	2021-08	28	Saturday	1	FY2021/22	Winter
20210829	2021-08-29	2021	3	8	August	2021-08	29	Sunday	1	FY2021/22	Winter
20210830	2021-08-30	2021	3	8	August	2021-08	30	Monday	0	FY2021/22	Winter
20210831	2021-08-31	2021	3	8	August	2021-08	31	Tuesday	0	FY2021/22	Winter
20210901	2021-09-01	2021	3	9	September	2021-09	1	Wednesday	0	FY2021/22	Spring
20210902	2021-09-02	2021	3	9	September	2021-09	2	Thursday	0	FY2021/22	Spring
20210903	2021-09-03	2021	3	9	September	2021-09	3	Friday	0	FY2021/22	Spring
20210904	2021-09-04	2021	3	9	September	2021-09	4	Saturday	1	FY2021/22	Spring
20210905	2021-09-05	2021	3	9	September	2021-09	5	Sunday	1	FY2021/22	Spring
20210906	2021-09-06	2021	3	9	September	2021-09	6	Monday	0	FY2021/22	Spring
20210907	2021-09-07	2021	3	9	September	2021-09	7	Tuesday	0	FY2021/22	Spring
20210908	2021-09-08	2021	3	9	September	2021-09	8	Wednesday	0	FY2021/22	Spring
20210909	2021-09-09	2021	3	9	September	2021-09	9	Thursday	0	FY2021/22	Spring
20210910	2021-09-10	2021	3	9	September	2021-09	10	Friday	0	FY2021/22	Spring
20210911	2021-09-11	2021	3	9	September	2021-09	11	Saturday	1	FY2021/22	Spring
20210912	2021-09-12	2021	3	9	September	2021-09	12	Sunday	1	FY2021/22	Spring
20210913	2021-09-13	2021	3	9	September	2021-09	13	Monday	0	FY2021/22	Spring
20210914	2021-09-14	2021	3	9	September	2021-09	14	Tuesday	0	FY2021/22	Spring
20210915	2021-09-15	2021	3	9	September	2021-09	15	Wednesday	0	FY2021/22	Spring
20210916	2021-09-16	2021	3	9	September	2021-09	16	Thursday	0	FY2021/22	Spring
20210917	2021-09-17	2021	3	9	September	2021-09	17	Friday	0	FY2021/22	Spring
20210918	2021-09-18	2021	3	9	September	2021-09	18	Saturday	1	FY2021/22	Spring
20210919	2021-09-19	2021	3	9	September	2021-09	19	Sunday	1	FY2021/22	Spring
20210920	2021-09-20	2021	3	9	September	2021-09	20	Monday	0	FY2021/22	Spring
20210921	2021-09-21	2021	3	9	September	2021-09	21	Tuesday	0	FY2021/22	Spring
20210922	2021-09-22	2021	3	9	September	2021-09	22	Wednesday	0	FY2021/22	Spring
20210923	2021-09-23	2021	3	9	September	2021-09	23	Thursday	0	FY2021/22	Spring
20210924	2021-09-24	2021	3	9	September	2021-09	24	Friday	0	FY2021/22	Spring
20210925	2021-09-25	2021	3	9	September	2021-09	25	Saturday	1	FY2021/22	Spring
20210926	2021-09-26	2021	3	9	September	2021-09	26	Sunday	1	FY2021/22	Spring
20210927	2021-09-27	2021	3	9	September	2021-09	27	Monday	0	FY2021/22	Spring
20210928	2021-09-28	2021	3	9	September	2021-09	28	Tuesday	0	FY2021/22	Spring
20210929	2021-09-29	2021	3	9	September	2021-09	29	Wednesday	0	FY2021/22	Spring
20210930	2021-09-30	2021	3	9	September	2021-09	30	Thursday	0	FY2021/22	Spring
20211001	2021-10-01	2021	4	10	October	2021-10	1	Friday	0	FY2021/22	Spring
20211002	2021-10-02	2021	4	10	October	2021-10	2	Saturday	1	FY2021/22	Spring
20211003	2021-10-03	2021	4	10	October	2021-10	3	Sunday	1	FY2021/22	Spring
20211004	2021-10-04	2021	4	10	October	2021-10	4	Monday	0	FY2021/22	Spring
20211005	2021-10-05	2021	4	10	October	2021-10	5	Tuesday	0	FY2021/22	Spring
20211006	2021-10-06	2021	4	10	October	2021-10	6	Wednesday	0	FY2021/22	Spring
20211007	2021-10-07	2021	4	10	October	2021-10	7	Thursday	0	FY2021/22	Spring
20211008	2021-10-08	2021	4	10	October	2021-10	8	Friday	0	FY2021/22	Spring
20211009	2021-10-09	2021	4	10	October	2021-10	9	Saturday	1	FY2021/22	Spring
20211010	2021-10-10	2021	4	10	October	2021-10	10	Sunday	1	FY2021/22	Spring
20211011	2021-10-11	2021	4	10	October	2021-10	11	Monday	0	FY2021/22	Spring
20211012	2021-10-12	2021	4	10	October	2021-10	12	Tuesday	0	FY2021/22	Spring
20211013	2021-10-13	2021	4	10	October	2021-10	13	Wednesday	0	FY2021/22	Spring
20211014	2021-10-14	2021	4	10	October	2021-10	14	Thursday	0	FY2021/22	Spring
20211015	2021-10-15	2021	4	10	October	2021-10	15	Friday	0	FY2021/22	Spring
20211016	2021-10-16	2021	4	10	October	2021-10	16	Saturday	1	FY2021/22	Spring
20211017	2021-10-17	2021	4	10	October	2021-10	17	Sunday	1	FY2021/22	Spring
20211018	2021-10-18	2021	4	10	October	2021-10	18	Monday	0	FY2021/22	Spring
20211019	2021-10-19	2021	4	10	October	2021-10	19	Tuesday	0	FY2021/22	Spring
20211020	2021-10-20	2021	4	10	October	2021-10	20	Wednesday	0	FY2021/22	Spring
20211021	2021-10-21	2021	4	10	October	2021-10	21	Thursday	0	FY2021/22	Spring
20211022	2021-10-22	2021	4	10	October	2021-10	22	Friday	0	FY2021/22	Spring
20211023	2021-10-23	2021	4	10	October	2021-10	23	Saturday	1	FY2021/22	Spring
20211024	2021-10-24	2021	4	10	October	2021-10	24	Sunday	1	FY2021/22	Spring
20211025	2021-10-25	2021	4	10	October	2021-10	25	Monday	0	FY2021/22	Spring
20211026	2021-10-26	2021	4	10	October	2021-10	26	Tuesday	0	FY2021/22	Spring
20211027	2021-10-27	2021	4	10	October	2021-10	27	Wednesday	0	FY2021/22	Spring
20211028	2021-10-28	2021	4	10	October	2021-10	28	Thursday	0	FY2021/22	Spring
20211029	2021-10-29	2021	4	10	October	2021-10	29	Friday	0	FY2021/22	Spring
20211030	2021-10-30	2021	4	10	October	2021-10	30	Saturday	1	FY2021/22	Spring
20211031	2021-10-31	2021	4	10	October	2021-10	31	Sunday	1	FY2021/22	Spring
20211101	2021-11-01	2021	4	11	November	2021-11	1	Monday	0	FY2021/22	Spring
20211102	2021-11-02	2021	4	11	November	2021-11	2	Tuesday	0	FY2021/22	Spring
20211103	2021-11-03	2021	4	11	November	2021-11	3	Wednesday	0	FY2021/22	Spring
20211104	2021-11-04	2021	4	11	November	2021-11	4	Thursday	0	FY2021/22	Spring
20211105	2021-11-05	2021	4	11	November	2021-11	5	Friday	0	FY2021/22	Spring
20211106	2021-11-06	2021	4	11	November	2021-11	6	Saturday	1	FY2021/22	Spring
20211107	2021-11-07	2021	4	11	November	2021-11	7	Sunday	1	FY2021/22	Spring
20211108	2021-11-08	2021	4	11	November	2021-11	8	Monday	0	FY2021/22	Spring
20211109	2021-11-09	2021	4	11	November	2021-11	9	Tuesday	0	FY2021/22	Spring
20211110	2021-11-10	2021	4	11	November	2021-11	10	Wednesday	0	FY2021/22	Spring
20211111	2021-11-11	2021	4	11	November	2021-11	11	Thursday	0	FY2021/22	Spring
20211112	2021-11-12	2021	4	11	November	2021-11	12	Friday	0	FY2021/22	Spring
20211113	2021-11-13	2021	4	11	November	2021-11	13	Saturday	1	FY2021/22	Spring
20211114	2021-11-14	2021	4	11	November	2021-11	14	Sunday	1	FY2021/22	Spring
20211115	2021-11-15	2021	4	11	November	2021-11	15	Monday	0	FY2021/22	Spring
20211116	2021-11-16	2021	4	11	November	2021-11	16	Tuesday	0	FY2021/22	Spring
20211117	2021-11-17	2021	4	11	November	2021-11	17	Wednesday	0	FY2021/22	Spring
20211118	2021-11-18	2021	4	11	November	2021-11	18	Thursday	0	FY2021/22	Spring
20211119	2021-11-19	2021	4	11	November	2021-11	19	Friday	0	FY2021/22	Spring
20211120	2021-11-20	2021	4	11	November	2021-11	20	Saturday	1	FY2021/22	Spring
20211121	2021-11-21	2021	4	11	November	2021-11	21	Sunday	1	FY2021/22	Spring
20211122	2021-11-22	2021	4	11	November	2021-11	22	Monday	0	FY2021/22	Spring
20211123	2021-11-23	2021	4	11	November	2021-11	23	Tuesday	0	FY2021/22	Spring
20211124	2021-11-24	2021	4	11	November	2021-11	24	Wednesday	0	FY2021/22	Spring
20211125	2021-11-25	2021	4	11	November	2021-11	25	Thursday	0	FY2021/22	Spring
20211126	2021-11-26	2021	4	11	November	2021-11	26	Friday	0	FY2021/22	Spring
20211127	2021-11-27	2021	4	11	November	2021-11	27	Saturday	1	FY2021/22	Spring
20211128	2021-11-28	2021	4	11	November	2021-11	28	Sunday	1	FY2021/22	Spring
20211129	2021-11-29	2021	4	11	November	2021-11	29	Monday	0	FY2021/22	Spring
20211130	2021-11-30	2021	4	11	November	2021-11	30	Tuesday	0	FY2021/22	Spring
20211201	2021-12-01	2021	4	12	December	2021-12	1	Wednesday	0	FY2021/22	Summer
20211202	2021-12-02	2021	4	12	December	2021-12	2	Thursday	0	FY2021/22	Summer
20211203	2021-12-03	2021	4	12	December	2021-12	3	Friday	0	FY2021/22	Summer
20211204	2021-12-04	2021	4	12	December	2021-12	4	Saturday	1	FY2021/22	Summer
20211205	2021-12-05	2021	4	12	December	2021-12	5	Sunday	1	FY2021/22	Summer
20211206	2021-12-06	2021	4	12	December	2021-12	6	Monday	0	FY2021/22	Summer
20211207	2021-12-07	2021	4	12	December	2021-12	7	Tuesday	0	FY2021/22	Summer
20211208	2021-12-08	2021	4	12	December	2021-12	8	Wednesday	0	FY2021/22	Summer
20211209	2021-12-09	2021	4	12	December	2021-12	9	Thursday	0	FY2021/22	Summer
20211210	2021-12-10	2021	4	12	December	2021-12	10	Friday	0	FY2021/22	Summer
20211211	2021-12-11	2021	4	12	December	2021-12	11	Saturday	1	FY2021/22	Summer
20211212	2021-12-12	2021	4	12	December	2021-12	12	Sunday	1	FY2021/22	Summer
20211213	2021-12-13	2021	4	12	December	2021-12	13	Monday	0	FY2021/22	Summer
20211214	2021-12-14	2021	4	12	December	2021-12	14	Tuesday	0	FY2021/22	Summer
20211215	2021-12-15	2021	4	12	December	2021-12	15	Wednesday	0	FY2021/22	Summer
20211216	2021-12-16	2021	4	12	December	2021-12	16	Thursday	0	FY2021/22	Summer
20211217	2021-12-17	2021	4	12	December	2021-12	17	Friday	0	FY2021/22	Summer
20211218	2021-12-18	2021	4	12	December	2021-12	18	Saturday	1	FY2021/22	Summer
20211219	2021-12-19	2021	4	12	December	2021-12	19	Sunday	1	FY2021/22	Summer
20211220	2021-12-20	2021	4	12	December	2021-12	20	Monday	0	FY2021/22	Summer
20211221	2021-12-21	2021	4	12	December	2021-12	21	Tuesday	0	FY2021/22	Summer
20211222	2021-12-22	2021	4	12	December	2021-12	22	Wednesday	0	FY2021/22	Summer
20211223	2021-12-23	2021	4	12	December	2021-12	23	Thursday	0	FY2021/22	Summer
20211224	2021-12-24	2021	4	12	December	2021-12	24	Friday	0	FY2021/22	Summer
20211225	2021-12-25	2021	4	12	December	2021-12	25	Saturday	1	FY2021/22	Summer
20211226	2021-12-26	2021	4	12	December	2021-12	26	Sunday	1	FY2021/22	Summer
20211227	2021-12-27	2021	4	12	December	2021-12	27	Monday	0	FY2021/22	Summer
20211228	2021-12-28	2021	4	12	December	2021-12	28	Tuesday	0	FY2021/22	Summer
20211229	2021-12-29	2021	4	12	December	2021-12	29	Wednesday	0	FY2021/22	Summer
20211230	2021-12-30	2021	4	12	December	2021-12	30	Thursday	0	FY2021/22	Summer
20211231	2021-12-31	2021	4	12	December	2021-12	31	Friday	0	FY2021/22	Summer
20220101	2022-01-01	2022	1	1	January	2022-01	1	Saturday	1	FY2021/22	Summer
20220102	2022-01-02	2022	1	1	January	2022-01	2	Sunday	1	FY2021/22	Summer
20220103	2022-01-03	2022	1	1	January	2022-01	3	Monday	0	FY2021/22	Summer
20220104	2022-01-04	2022	1	1	January	2022-01	4	Tuesday	0	FY2021/22	Summer
20220105	2022-01-05	2022	1	1	January	2022-01	5	Wednesday	0	FY2021/22	Summer
20220106	2022-01-06	2022	1	1	January	2022-01	6	Thursday	0	FY2021/22	Summer
20220107	2022-01-07	2022	1	1	January	2022-01	7	Friday	0	FY2021/22	Summer
20220108	2022-01-08	2022	1	1	January	2022-01	8	Saturday	1	FY2021/22	Summer
20220109	2022-01-09	2022	1	1	January	2022-01	9	Sunday	1	FY2021/22	Summer
20220110	2022-01-10	2022	1	1	January	2022-01	10	Monday	0	FY2021/22	Summer
20220111	2022-01-11	2022	1	1	January	2022-01	11	Tuesday	0	FY2021/22	Summer
20220112	2022-01-12	2022	1	1	January	2022-01	12	Wednesday	0	FY2021/22	Summer
20220113	2022-01-13	2022	1	1	January	2022-01	13	Thursday	0	FY2021/22	Summer
20220114	2022-01-14	2022	1	1	January	2022-01	14	Friday	0	FY2021/22	Summer
20220115	2022-01-15	2022	1	1	January	2022-01	15	Saturday	1	FY2021/22	Summer
20220116	2022-01-16	2022	1	1	January	2022-01	16	Sunday	1	FY2021/22	Summer
20220117	2022-01-17	2022	1	1	January	2022-01	17	Monday	0	FY2021/22	Summer
20220118	2022-01-18	2022	1	1	January	2022-01	18	Tuesday	0	FY2021/22	Summer
20220119	2022-01-19	2022	1	1	January	2022-01	19	Wednesday	0	FY2021/22	Summer
20220120	2022-01-20	2022	1	1	January	2022-01	20	Thursday	0	FY2021/22	Summer
20220121	2022-01-21	2022	1	1	January	2022-01	21	Friday	0	FY2021/22	Summer
20220122	2022-01-22	2022	1	1	January	2022-01	22	Saturday	1	FY2021/22	Summer
20220123	2022-01-23	2022	1	1	January	2022-01	23	Sunday	1	FY2021/22	Summer
20220124	2022-01-24	2022	1	1	January	2022-01	24	Monday	0	FY2021/22	Summer
20220125	2022-01-25	2022	1	1	January	2022-01	25	Tuesday	0	FY2021/22	Summer
20220126	2022-01-26	2022	1	1	January	2022-01	26	Wednesday	0	FY2021/22	Summer
20220127	2022-01-27	2022	1	1	January	2022-01	27	Thursday	0	FY2021/22	Summer
20220128	2022-01-28	2022	1	1	January	2022-01	28	Friday	0	FY2021/22	Summer
20220129	2022-01-29	2022	1	1	January	2022-01	29	Saturday	1	FY2021/22	Summer
20220130	2022-01-30	2022	1	1	January	2022-01	30	Sunday	1	FY2021/22	Summer
20220131	2022-01-31	2022	1	1	January	2022-01	31	Monday	0	FY2021/22	Summer
20220201	2022-02-01	2022	1	2	February	2022-02	1	Tuesday	0	FY2021/22	Summer
20220202	2022-02-02	2022	1	2	February	2022-02	2	Wednesday	0	FY2021/22	Summer
20220203	2022-02-03	2022	1	2	February	2022-02	3	Thursday	0	FY2021/22	Summer
20220204	2022-02-04	2022	1	2	February	2022-02	4	Friday	0	FY2021/22	Summer
20220205	2022-02-05	2022	1	2	February	2022-02	5	Saturday	1	FY2021/22	Summer
20220206	2022-02-06	2022	1	2	February	2022-02	6	Sunday	1	FY2021/22	Summer
20220207	2022-02-07	2022	1	2	February	2022-02	7	Monday	0	FY2021/22	Summer
20220208	2022-02-08	2022	1	2	February	2022-02	8	Tuesday	0	FY2021/22	Summer
20220209	2022-02-09	2022	1	2	February	2022-02	9	Wednesday	0	FY2021/22	Summer
20220210	2022-02-10	2022	1	2	February	2022-02	10	Thursday	0	FY2021/22	Summer
20220211	2022-02-11	2022	1	2	February	2022-02	11	Friday	0	FY2021/22	Summer
20220212	2022-02-12	2022	1	2	February	2022-02	12	Saturday	1	FY2021/22	Summer
20220213	2022-02-13	2022	1	2	February	2022-02	13	Sunday	1	FY2021/22	Summer
20220214	2022-02-14	2022	1	2	February	2022-02	14	Monday	0	FY2021/22	Summer
20220215	2022-02-15	2022	1	2	February	2022-02	15	Tuesday	0	FY2021/22	Summer
20220216	2022-02-16	2022	1	2	February	2022-02	16	Wednesday	0	FY2021/22	Summer
20220217	2022-02-17	2022	1	2	February	2022-02	17	Thursday	0	FY2021/22	Summer
20220218	2022-02-18	2022	1	2	February	2022-02	18	Friday	0	FY2021/22	Summer
20220219	2022-02-19	2022	1	2	February	2022-02	19	Saturday	1	FY2021/22	Summer
20220220	2022-02-20	2022	1	2	February	2022-02	20	Sunday	1	FY2021/22	Summer
20220221	2022-02-21	2022	1	2	February	2022-02	21	Monday	0	FY2021/22	Summer
20220222	2022-02-22	2022	1	2	February	2022-02	22	Tuesday	0	FY2021/22	Summer
20220223	2022-02-23	2022	1	2	February	2022-02	23	Wednesday	0	FY2021/22	Summer
20220224	2022-02-24	2022	1	2	February	2022-02	24	Thursday	0	FY2021/22	Summer
20220225	2022-02-25	2022	1	2	February	2022-02	25	Friday	0	FY2021/22	Summer
20220226	2022-02-26	2022	1	2	February	2022-02	26	Saturday	1	FY2021/22	Summer
20220227	2022-02-27	2022	1	2	February	2022-02	27	Sunday	1	FY2021/22	Summer
20220228	2022-02-28	2022	1	2	February	2022-02	28	Monday	0	FY2021/22	Summer
20220301	2022-03-01	2022	1	3	March	2022-03	1	Tuesday	0	FY2021/22	Autumn
20220302	2022-03-02	2022	1	3	March	2022-03	2	Wednesday	0	FY2021/22	Autumn
20220303	2022-03-03	2022	1	3	March	2022-03	3	Thursday	0	FY2021/22	Autumn
20220304	2022-03-04	2022	1	3	March	2022-03	4	Friday	0	FY2021/22	Autumn
20220305	2022-03-05	2022	1	3	March	2022-03	5	Saturday	1	FY2021/22	Autumn
20220306	2022-03-06	2022	1	3	March	2022-03	6	Sunday	1	FY2021/22	Autumn
20220307	2022-03-07	2022	1	3	March	2022-03	7	Monday	0	FY2021/22	Autumn
20220308	2022-03-08	2022	1	3	March	2022-03	8	Tuesday	0	FY2021/22	Autumn
20220309	2022-03-09	2022	1	3	March	2022-03	9	Wednesday	0	FY2021/22	Autumn
20220310	2022-03-10	2022	1	3	March	2022-03	10	Thursday	0	FY2021/22	Autumn
20220311	2022-03-11	2022	1	3	March	2022-03	11	Friday	0	FY2021/22	Autumn
20220312	2022-03-12	2022	1	3	March	2022-03	12	Saturday	1	FY2021/22	Autumn
20220313	2022-03-13	2022	1	3	March	2022-03	13	Sunday	1	FY2021/22	Autumn
20220314	2022-03-14	2022	1	3	March	2022-03	14	Monday	0	FY2021/22	Autumn
20220315	2022-03-15	2022	1	3	March	2022-03	15	Tuesday	0	FY2021/22	Autumn
20220316	2022-03-16	2022	1	3	March	2022-03	16	Wednesday	0	FY2021/22	Autumn
20220317	2022-03-17	2022	1	3	March	2022-03	17	Thursday	0	FY2021/22	Autumn
20220318	2022-03-18	2022	1	3	March	2022-03	18	Friday	0	FY2021/22	Autumn
20220319	2022-03-19	2022	1	3	March	2022-03	19	Saturday	1	FY2021/22	Autumn
20220320	2022-03-20	2022	1	3	March	2022-03	20	Sunday	1	FY2021/22	Autumn
20220321	2022-03-21	2022	1	3	March	2022-03	21	Monday	0	FY2021/22	Autumn
20220322	2022-03-22	2022	1	3	March	2022-03	22	Tuesday	0	FY2021/22	Autumn
20220323	2022-03-23	2022	1	3	March	2022-03	23	Wednesday	0	FY2021/22	Autumn
20220324	2022-03-24	2022	1	3	March	2022-03	24	Thursday	0	FY2021/22	Autumn
20220325	2022-03-25	2022	1	3	March	2022-03	25	Friday	0	FY2021/22	Autumn
20220326	2022-03-26	2022	1	3	March	2022-03	26	Saturday	1	FY2021/22	Autumn
20220327	2022-03-27	2022	1	3	March	2022-03	27	Sunday	1	FY2021/22	Autumn
20220328	2022-03-28	2022	1	3	March	2022-03	28	Monday	0	FY2021/22	Autumn
20220329	2022-03-29	2022	1	3	March	2022-03	29	Tuesday	0	FY2021/22	Autumn
20220330	2022-03-30	2022	1	3	March	2022-03	30	Wednesday	0	FY2021/22	Autumn
20220331	2022-03-31	2022	1	3	March	2022-03	31	Thursday	0	FY2021/22	Autumn
20220401	2022-04-01	2022	2	4	April	2022-04	1	Friday	0	FY2022/23	Autumn
20220402	2022-04-02	2022	2	4	April	2022-04	2	Saturday	1	FY2022/23	Autumn
20220403	2022-04-03	2022	2	4	April	2022-04	3	Sunday	1	FY2022/23	Autumn
20220404	2022-04-04	2022	2	4	April	2022-04	4	Monday	0	FY2022/23	Autumn
20220405	2022-04-05	2022	2	4	April	2022-04	5	Tuesday	0	FY2022/23	Autumn
20220406	2022-04-06	2022	2	4	April	2022-04	6	Wednesday	0	FY2022/23	Autumn
20220407	2022-04-07	2022	2	4	April	2022-04	7	Thursday	0	FY2022/23	Autumn
20220408	2022-04-08	2022	2	4	April	2022-04	8	Friday	0	FY2022/23	Autumn
20220409	2022-04-09	2022	2	4	April	2022-04	9	Saturday	1	FY2022/23	Autumn
20220410	2022-04-10	2022	2	4	April	2022-04	10	Sunday	1	FY2022/23	Autumn
20220411	2022-04-11	2022	2	4	April	2022-04	11	Monday	0	FY2022/23	Autumn
20220412	2022-04-12	2022	2	4	April	2022-04	12	Tuesday	0	FY2022/23	Autumn
20220413	2022-04-13	2022	2	4	April	2022-04	13	Wednesday	0	FY2022/23	Autumn
20220414	2022-04-14	2022	2	4	April	2022-04	14	Thursday	0	FY2022/23	Autumn
20220415	2022-04-15	2022	2	4	April	2022-04	15	Friday	0	FY2022/23	Autumn
20220416	2022-04-16	2022	2	4	April	2022-04	16	Saturday	1	FY2022/23	Autumn
20220417	2022-04-17	2022	2	4	April	2022-04	17	Sunday	1	FY2022/23	Autumn
20220418	2022-04-18	2022	2	4	April	2022-04	18	Monday	0	FY2022/23	Autumn
20220419	2022-04-19	2022	2	4	April	2022-04	19	Tuesday	0	FY2022/23	Autumn
20220420	2022-04-20	2022	2	4	April	2022-04	20	Wednesday	0	FY2022/23	Autumn
20220421	2022-04-21	2022	2	4	April	2022-04	21	Thursday	0	FY2022/23	Autumn
20220422	2022-04-22	2022	2	4	April	2022-04	22	Friday	0	FY2022/23	Autumn
20220423	2022-04-23	2022	2	4	April	2022-04	23	Saturday	1	FY2022/23	Autumn
20220424	2022-04-24	2022	2	4	April	2022-04	24	Sunday	1	FY2022/23	Autumn
20220425	2022-04-25	2022	2	4	April	2022-04	25	Monday	0	FY2022/23	Autumn
20220426	2022-04-26	2022	2	4	April	2022-04	26	Tuesday	0	FY2022/23	Autumn
20220427	2022-04-27	2022	2	4	April	2022-04	27	Wednesday	0	FY2022/23	Autumn
20220428	2022-04-28	2022	2	4	April	2022-04	28	Thursday	0	FY2022/23	Autumn
20220429	2022-04-29	2022	2	4	April	2022-04	29	Friday	0	FY2022/23	Autumn
20220430	2022-04-30	2022	2	4	April	2022-04	30	Saturday	1	FY2022/23	Autumn
20220501	2022-05-01	2022	2	5	May	2022-05	1	Sunday	1	FY2022/23	Autumn
20220502	2022-05-02	2022	2	5	May	2022-05	2	Monday	0	FY2022/23	Autumn
20220503	2022-05-03	2022	2	5	May	2022-05	3	Tuesday	0	FY2022/23	Autumn
20220504	2022-05-04	2022	2	5	May	2022-05	4	Wednesday	0	FY2022/23	Autumn
20220505	2022-05-05	2022	2	5	May	2022-05	5	Thursday	0	FY2022/23	Autumn
20220506	2022-05-06	2022	2	5	May	2022-05	6	Friday	0	FY2022/23	Autumn
20220507	2022-05-07	2022	2	5	May	2022-05	7	Saturday	1	FY2022/23	Autumn
20220508	2022-05-08	2022	2	5	May	2022-05	8	Sunday	1	FY2022/23	Autumn
20220509	2022-05-09	2022	2	5	May	2022-05	9	Monday	0	FY2022/23	Autumn
20220510	2022-05-10	2022	2	5	May	2022-05	10	Tuesday	0	FY2022/23	Autumn
20220511	2022-05-11	2022	2	5	May	2022-05	11	Wednesday	0	FY2022/23	Autumn
20220512	2022-05-12	2022	2	5	May	2022-05	12	Thursday	0	FY2022/23	Autumn
20220513	2022-05-13	2022	2	5	May	2022-05	13	Friday	0	FY2022/23	Autumn
20220514	2022-05-14	2022	2	5	May	2022-05	14	Saturday	1	FY2022/23	Autumn
20220515	2022-05-15	2022	2	5	May	2022-05	15	Sunday	1	FY2022/23	Autumn
20220516	2022-05-16	2022	2	5	May	2022-05	16	Monday	0	FY2022/23	Autumn
20220517	2022-05-17	2022	2	5	May	2022-05	17	Tuesday	0	FY2022/23	Autumn
20220518	2022-05-18	2022	2	5	May	2022-05	18	Wednesday	0	FY2022/23	Autumn
20220519	2022-05-19	2022	2	5	May	2022-05	19	Thursday	0	FY2022/23	Autumn
20220520	2022-05-20	2022	2	5	May	2022-05	20	Friday	0	FY2022/23	Autumn
20220521	2022-05-21	2022	2	5	May	2022-05	21	Saturday	1	FY2022/23	Autumn
20220522	2022-05-22	2022	2	5	May	2022-05	22	Sunday	1	FY2022/23	Autumn
20220523	2022-05-23	2022	2	5	May	2022-05	23	Monday	0	FY2022/23	Autumn
20220524	2022-05-24	2022	2	5	May	2022-05	24	Tuesday	0	FY2022/23	Autumn
20220525	2022-05-25	2022	2	5	May	2022-05	25	Wednesday	0	FY2022/23	Autumn
20220526	2022-05-26	2022	2	5	May	2022-05	26	Thursday	0	FY2022/23	Autumn
20220527	2022-05-27	2022	2	5	May	2022-05	27	Friday	0	FY2022/23	Autumn
20220528	2022-05-28	2022	2	5	May	2022-05	28	Saturday	1	FY2022/23	Autumn
20220529	2022-05-29	2022	2	5	May	2022-05	29	Sunday	1	FY2022/23	Autumn
20220530	2022-05-30	2022	2	5	May	2022-05	30	Monday	0	FY2022/23	Autumn
20220531	2022-05-31	2022	2	5	May	2022-05	31	Tuesday	0	FY2022/23	Autumn
20220601	2022-06-01	2022	2	6	June	2022-06	1	Wednesday	0	FY2022/23	Winter
20220602	2022-06-02	2022	2	6	June	2022-06	2	Thursday	0	FY2022/23	Winter
20220603	2022-06-03	2022	2	6	June	2022-06	3	Friday	0	FY2022/23	Winter
20220604	2022-06-04	2022	2	6	June	2022-06	4	Saturday	1	FY2022/23	Winter
20220605	2022-06-05	2022	2	6	June	2022-06	5	Sunday	1	FY2022/23	Winter
20220606	2022-06-06	2022	2	6	June	2022-06	6	Monday	0	FY2022/23	Winter
20220607	2022-06-07	2022	2	6	June	2022-06	7	Tuesday	0	FY2022/23	Winter
20220608	2022-06-08	2022	2	6	June	2022-06	8	Wednesday	0	FY2022/23	Winter
20220609	2022-06-09	2022	2	6	June	2022-06	9	Thursday	0	FY2022/23	Winter
20220610	2022-06-10	2022	2	6	June	2022-06	10	Friday	0	FY2022/23	Winter
20220611	2022-06-11	2022	2	6	June	2022-06	11	Saturday	1	FY2022/23	Winter
20220612	2022-06-12	2022	2	6	June	2022-06	12	Sunday	1	FY2022/23	Winter
20220613	2022-06-13	2022	2	6	June	2022-06	13	Monday	0	FY2022/23	Winter
20220614	2022-06-14	2022	2	6	June	2022-06	14	Tuesday	0	FY2022/23	Winter
20220615	2022-06-15	2022	2	6	June	2022-06	15	Wednesday	0	FY2022/23	Winter
20220616	2022-06-16	2022	2	6	June	2022-06	16	Thursday	0	FY2022/23	Winter
20220617	2022-06-17	2022	2	6	June	2022-06	17	Friday	0	FY2022/23	Winter
20220618	2022-06-18	2022	2	6	June	2022-06	18	Saturday	1	FY2022/23	Winter
20220619	2022-06-19	2022	2	6	June	2022-06	19	Sunday	1	FY2022/23	Winter
20220620	2022-06-20	2022	2	6	June	2022-06	20	Monday	0	FY2022/23	Winter
20220621	2022-06-21	2022	2	6	June	2022-06	21	Tuesday	0	FY2022/23	Winter
20220622	2022-06-22	2022	2	6	June	2022-06	22	Wednesday	0	FY2022/23	Winter
20220623	2022-06-23	2022	2	6	June	2022-06	23	Thursday	0	FY2022/23	Winter
20220624	2022-06-24	2022	2	6	June	2022-06	24	Friday	0	FY2022/23	Winter
20220625	2022-06-25	2022	2	6	June	2022-06	25	Saturday	1	FY2022/23	Winter
20220626	2022-06-26	2022	2	6	June	2022-06	26	Sunday	1	FY2022/23	Winter
20220627	2022-06-27	2022	2	6	June	2022-06	27	Monday	0	FY2022/23	Winter
20220628	2022-06-28	2022	2	6	June	2022-06	28	Tuesday	0	FY2022/23	Winter
20220629	2022-06-29	2022	2	6	June	2022-06	29	Wednesday	0	FY2022/23	Winter
20220630	2022-06-30	2022	2	6	June	2022-06	30	Thursday	0	FY2022/23	Winter
20220701	2022-07-01	2022	3	7	July	2022-07	1	Friday	0	FY2022/23	Winter
20220702	2022-07-02	2022	3	7	July	2022-07	2	Saturday	1	FY2022/23	Winter
20220703	2022-07-03	2022	3	7	July	2022-07	3	Sunday	1	FY2022/23	Winter
20220704	2022-07-04	2022	3	7	July	2022-07	4	Monday	0	FY2022/23	Winter
20220705	2022-07-05	2022	3	7	July	2022-07	5	Tuesday	0	FY2022/23	Winter
20220706	2022-07-06	2022	3	7	July	2022-07	6	Wednesday	0	FY2022/23	Winter
20220707	2022-07-07	2022	3	7	July	2022-07	7	Thursday	0	FY2022/23	Winter
20220708	2022-07-08	2022	3	7	July	2022-07	8	Friday	0	FY2022/23	Winter
20220709	2022-07-09	2022	3	7	July	2022-07	9	Saturday	1	FY2022/23	Winter
20220710	2022-07-10	2022	3	7	July	2022-07	10	Sunday	1	FY2022/23	Winter
20220711	2022-07-11	2022	3	7	July	2022-07	11	Monday	0	FY2022/23	Winter
20220712	2022-07-12	2022	3	7	July	2022-07	12	Tuesday	0	FY2022/23	Winter
20220713	2022-07-13	2022	3	7	July	2022-07	13	Wednesday	0	FY2022/23	Winter
20220714	2022-07-14	2022	3	7	July	2022-07	14	Thursday	0	FY2022/23	Winter
20220715	2022-07-15	2022	3	7	July	2022-07	15	Friday	0	FY2022/23	Winter
20220716	2022-07-16	2022	3	7	July	2022-07	16	Saturday	1	FY2022/23	Winter
20220717	2022-07-17	2022	3	7	July	2022-07	17	Sunday	1	FY2022/23	Winter
20220718	2022-07-18	2022	3	7	July	2022-07	18	Monday	0	FY2022/23	Winter
20220719	2022-07-19	2022	3	7	July	2022-07	19	Tuesday	0	FY2022/23	Winter
20220720	2022-07-20	2022	3	7	July	2022-07	20	Wednesday	0	FY2022/23	Winter
20220721	2022-07-21	2022	3	7	July	2022-07	21	Thursday	0	FY2022/23	Winter
20220722	2022-07-22	2022	3	7	July	2022-07	22	Friday	0	FY2022/23	Winter
20220723	2022-07-23	2022	3	7	July	2022-07	23	Saturday	1	FY2022/23	Winter
20220724	2022-07-24	2022	3	7	July	2022-07	24	Sunday	1	FY2022/23	Winter
20220725	2022-07-25	2022	3	7	July	2022-07	25	Monday	0	FY2022/23	Winter
20220726	2022-07-26	2022	3	7	July	2022-07	26	Tuesday	0	FY2022/23	Winter
20220727	2022-07-27	2022	3	7	July	2022-07	27	Wednesday	0	FY2022/23	Winter
20220728	2022-07-28	2022	3	7	July	2022-07	28	Thursday	0	FY2022/23	Winter
20220729	2022-07-29	2022	3	7	July	2022-07	29	Friday	0	FY2022/23	Winter
20220730	2022-07-30	2022	3	7	July	2022-07	30	Saturday	1	FY2022/23	Winter
20220731	2022-07-31	2022	3	7	July	2022-07	31	Sunday	1	FY2022/23	Winter
20220801	2022-08-01	2022	3	8	August	2022-08	1	Monday	0	FY2022/23	Winter
20220802	2022-08-02	2022	3	8	August	2022-08	2	Tuesday	0	FY2022/23	Winter
20220803	2022-08-03	2022	3	8	August	2022-08	3	Wednesday	0	FY2022/23	Winter
20220804	2022-08-04	2022	3	8	August	2022-08	4	Thursday	0	FY2022/23	Winter
20220805	2022-08-05	2022	3	8	August	2022-08	5	Friday	0	FY2022/23	Winter
20220806	2022-08-06	2022	3	8	August	2022-08	6	Saturday	1	FY2022/23	Winter
20220807	2022-08-07	2022	3	8	August	2022-08	7	Sunday	1	FY2022/23	Winter
20220808	2022-08-08	2022	3	8	August	2022-08	8	Monday	0	FY2022/23	Winter
20220809	2022-08-09	2022	3	8	August	2022-08	9	Tuesday	0	FY2022/23	Winter
20220810	2022-08-10	2022	3	8	August	2022-08	10	Wednesday	0	FY2022/23	Winter
20220811	2022-08-11	2022	3	8	August	2022-08	11	Thursday	0	FY2022/23	Winter
20220812	2022-08-12	2022	3	8	August	2022-08	12	Friday	0	FY2022/23	Winter
20220813	2022-08-13	2022	3	8	August	2022-08	13	Saturday	1	FY2022/23	Winter
20220814	2022-08-14	2022	3	8	August	2022-08	14	Sunday	1	FY2022/23	Winter
20220815	2022-08-15	2022	3	8	August	2022-08	15	Monday	0	FY2022/23	Winter
20220816	2022-08-16	2022	3	8	August	2022-08	16	Tuesday	0	FY2022/23	Winter
20220817	2022-08-17	2022	3	8	August	2022-08	17	Wednesday	0	FY2022/23	Winter
20220818	2022-08-18	2022	3	8	August	2022-08	18	Thursday	0	FY2022/23	Winter
20220819	2022-08-19	2022	3	8	August	2022-08	19	Friday	0	FY2022/23	Winter
20220820	2022-08-20	2022	3	8	August	2022-08	20	Saturday	1	FY2022/23	Winter
20220821	2022-08-21	2022	3	8	August	2022-08	21	Sunday	1	FY2022/23	Winter
20220822	2022-08-22	2022	3	8	August	2022-08	22	Monday	0	FY2022/23	Winter
20220823	2022-08-23	2022	3	8	August	2022-08	23	Tuesday	0	FY2022/23	Winter
20220824	2022-08-24	2022	3	8	August	2022-08	24	Wednesday	0	FY2022/23	Winter
20220825	2022-08-25	2022	3	8	August	2022-08	25	Thursday	0	FY2022/23	Winter
20220826	2022-08-26	2022	3	8	August	2022-08	26	Friday	0	FY2022/23	Winter
20220827	2022-08-27	2022	3	8	August	2022-08	27	Saturday	1	FY2022/23	Winter
20220828	2022-08-28	2022	3	8	August	2022-08	28	Sunday	1	FY2022/23	Winter
20220829	2022-08-29	2022	3	8	August	2022-08	29	Monday	0	FY2022/23	Winter
20220830	2022-08-30	2022	3	8	August	2022-08	30	Tuesday	0	FY2022/23	Winter
20220831	2022-08-31	2022	3	8	August	2022-08	31	Wednesday	0	FY2022/23	Winter
20220901	2022-09-01	2022	3	9	September	2022-09	1	Thursday	0	FY2022/23	Spring
20220902	2022-09-02	2022	3	9	September	2022-09	2	Friday	0	FY2022/23	Spring
20220903	2022-09-03	2022	3	9	September	2022-09	3	Saturday	1	FY2022/23	Spring
20220904	2022-09-04	2022	3	9	September	2022-09	4	Sunday	1	FY2022/23	Spring
20220905	2022-09-05	2022	3	9	September	2022-09	5	Monday	0	FY2022/23	Spring
20220906	2022-09-06	2022	3	9	September	2022-09	6	Tuesday	0	FY2022/23	Spring
20220907	2022-09-07	2022	3	9	September	2022-09	7	Wednesday	0	FY2022/23	Spring
20220908	2022-09-08	2022	3	9	September	2022-09	8	Thursday	0	FY2022/23	Spring
20220909	2022-09-09	2022	3	9	September	2022-09	9	Friday	0	FY2022/23	Spring
20220910	2022-09-10	2022	3	9	September	2022-09	10	Saturday	1	FY2022/23	Spring
20220911	2022-09-11	2022	3	9	September	2022-09	11	Sunday	1	FY2022/23	Spring
20220912	2022-09-12	2022	3	9	September	2022-09	12	Monday	0	FY2022/23	Spring
20220913	2022-09-13	2022	3	9	September	2022-09	13	Tuesday	0	FY2022/23	Spring
20220914	2022-09-14	2022	3	9	September	2022-09	14	Wednesday	0	FY2022/23	Spring
20220915	2022-09-15	2022	3	9	September	2022-09	15	Thursday	0	FY2022/23	Spring
20220916	2022-09-16	2022	3	9	September	2022-09	16	Friday	0	FY2022/23	Spring
20220917	2022-09-17	2022	3	9	September	2022-09	17	Saturday	1	FY2022/23	Spring
20220918	2022-09-18	2022	3	9	September	2022-09	18	Sunday	1	FY2022/23	Spring
20220919	2022-09-19	2022	3	9	September	2022-09	19	Monday	0	FY2022/23	Spring
20220920	2022-09-20	2022	3	9	September	2022-09	20	Tuesday	0	FY2022/23	Spring
20220921	2022-09-21	2022	3	9	September	2022-09	21	Wednesday	0	FY2022/23	Spring
20220922	2022-09-22	2022	3	9	September	2022-09	22	Thursday	0	FY2022/23	Spring
20220923	2022-09-23	2022	3	9	September	2022-09	23	Friday	0	FY2022/23	Spring
20220924	2022-09-24	2022	3	9	September	2022-09	24	Saturday	1	FY2022/23	Spring
20220925	2022-09-25	2022	3	9	September	2022-09	25	Sunday	1	FY2022/23	Spring
20220926	2022-09-26	2022	3	9	September	2022-09	26	Monday	0	FY2022/23	Spring
20220927	2022-09-27	2022	3	9	September	2022-09	27	Tuesday	0	FY2022/23	Spring
20220928	2022-09-28	2022	3	9	September	2022-09	28	Wednesday	0	FY2022/23	Spring
20220929	2022-09-29	2022	3	9	September	2022-09	29	Thursday	0	FY2022/23	Spring
20220930	2022-09-30	2022	3	9	September	2022-09	30	Friday	0	FY2022/23	Spring
20221001	2022-10-01	2022	4	10	October	2022-10	1	Saturday	1	FY2022/23	Spring
20221002	2022-10-02	2022	4	10	October	2022-10	2	Sunday	1	FY2022/23	Spring
20221003	2022-10-03	2022	4	10	October	2022-10	3	Monday	0	FY2022/23	Spring
20221004	2022-10-04	2022	4	10	October	2022-10	4	Tuesday	0	FY2022/23	Spring
20221005	2022-10-05	2022	4	10	October	2022-10	5	Wednesday	0	FY2022/23	Spring
20221006	2022-10-06	2022	4	10	October	2022-10	6	Thursday	0	FY2022/23	Spring
20221007	2022-10-07	2022	4	10	October	2022-10	7	Friday	0	FY2022/23	Spring
20221008	2022-10-08	2022	4	10	October	2022-10	8	Saturday	1	FY2022/23	Spring
20221009	2022-10-09	2022	4	10	October	2022-10	9	Sunday	1	FY2022/23	Spring
20221010	2022-10-10	2022	4	10	October	2022-10	10	Monday	0	FY2022/23	Spring
20221011	2022-10-11	2022	4	10	October	2022-10	11	Tuesday	0	FY2022/23	Spring
20221012	2022-10-12	2022	4	10	October	2022-10	12	Wednesday	0	FY2022/23	Spring
20221013	2022-10-13	2022	4	10	October	2022-10	13	Thursday	0	FY2022/23	Spring
20221014	2022-10-14	2022	4	10	October	2022-10	14	Friday	0	FY2022/23	Spring
20221015	2022-10-15	2022	4	10	October	2022-10	15	Saturday	1	FY2022/23	Spring
20221016	2022-10-16	2022	4	10	October	2022-10	16	Sunday	1	FY2022/23	Spring
20221017	2022-10-17	2022	4	10	October	2022-10	17	Monday	0	FY2022/23	Spring
20221018	2022-10-18	2022	4	10	October	2022-10	18	Tuesday	0	FY2022/23	Spring
20221019	2022-10-19	2022	4	10	October	2022-10	19	Wednesday	0	FY2022/23	Spring
20221020	2022-10-20	2022	4	10	October	2022-10	20	Thursday	0	FY2022/23	Spring
20221021	2022-10-21	2022	4	10	October	2022-10	21	Friday	0	FY2022/23	Spring
20221022	2022-10-22	2022	4	10	October	2022-10	22	Saturday	1	FY2022/23	Spring
20221023	2022-10-23	2022	4	10	October	2022-10	23	Sunday	1	FY2022/23	Spring
20221024	2022-10-24	2022	4	10	October	2022-10	24	Monday	0	FY2022/23	Spring
20221025	2022-10-25	2022	4	10	October	2022-10	25	Tuesday	0	FY2022/23	Spring
20221026	2022-10-26	2022	4	10	October	2022-10	26	Wednesday	0	FY2022/23	Spring
20221027	2022-10-27	2022	4	10	October	2022-10	27	Thursday	0	FY2022/23	Spring
20221028	2022-10-28	2022	4	10	October	2022-10	28	Friday	0	FY2022/23	Spring
20221029	2022-10-29	2022	4	10	October	2022-10	29	Saturday	1	FY2022/23	Spring
20221030	2022-10-30	2022	4	10	October	2022-10	30	Sunday	1	FY2022/23	Spring
20221031	2022-10-31	2022	4	10	October	2022-10	31	Monday	0	FY2022/23	Spring
20221101	2022-11-01	2022	4	11	November	2022-11	1	Tuesday	0	FY2022/23	Spring
20221102	2022-11-02	2022	4	11	November	2022-11	2	Wednesday	0	FY2022/23	Spring
20221103	2022-11-03	2022	4	11	November	2022-11	3	Thursday	0	FY2022/23	Spring
20221104	2022-11-04	2022	4	11	November	2022-11	4	Friday	0	FY2022/23	Spring
20221105	2022-11-05	2022	4	11	November	2022-11	5	Saturday	1	FY2022/23	Spring
20221106	2022-11-06	2022	4	11	November	2022-11	6	Sunday	1	FY2022/23	Spring
20221107	2022-11-07	2022	4	11	November	2022-11	7	Monday	0	FY2022/23	Spring
20221108	2022-11-08	2022	4	11	November	2022-11	8	Tuesday	0	FY2022/23	Spring
20221109	2022-11-09	2022	4	11	November	2022-11	9	Wednesday	0	FY2022/23	Spring
20221110	2022-11-10	2022	4	11	November	2022-11	10	Thursday	0	FY2022/23	Spring
20221111	2022-11-11	2022	4	11	November	2022-11	11	Friday	0	FY2022/23	Spring
20221112	2022-11-12	2022	4	11	November	2022-11	12	Saturday	1	FY2022/23	Spring
20221113	2022-11-13	2022	4	11	November	2022-11	13	Sunday	1	FY2022/23	Spring
20221114	2022-11-14	2022	4	11	November	2022-11	14	Monday	0	FY2022/23	Spring
20221115	2022-11-15	2022	4	11	November	2022-11	15	Tuesday	0	FY2022/23	Spring
20221116	2022-11-16	2022	4	11	November	2022-11	16	Wednesday	0	FY2022/23	Spring
20221117	2022-11-17	2022	4	11	November	2022-11	17	Thursday	0	FY2022/23	Spring
20221118	2022-11-18	2022	4	11	November	2022-11	18	Friday	0	FY2022/23	Spring
20221119	2022-11-19	2022	4	11	November	2022-11	19	Saturday	1	FY2022/23	Spring
20221120	2022-11-20	2022	4	11	November	2022-11	20	Sunday	1	FY2022/23	Spring
20221121	2022-11-21	2022	4	11	November	2022-11	21	Monday	0	FY2022/23	Spring
20221122	2022-11-22	2022	4	11	November	2022-11	22	Tuesday	0	FY2022/23	Spring
20221123	2022-11-23	2022	4	11	November	2022-11	23	Wednesday	0	FY2022/23	Spring
20221124	2022-11-24	2022	4	11	November	2022-11	24	Thursday	0	FY2022/23	Spring
20221125	2022-11-25	2022	4	11	November	2022-11	25	Friday	0	FY2022/23	Spring
20221126	2022-11-26	2022	4	11	November	2022-11	26	Saturday	1	FY2022/23	Spring
20221127	2022-11-27	2022	4	11	November	2022-11	27	Sunday	1	FY2022/23	Spring
20221128	2022-11-28	2022	4	11	November	2022-11	28	Monday	0	FY2022/23	Spring
20221129	2022-11-29	2022	4	11	November	2022-11	29	Tuesday	0	FY2022/23	Spring
20221130	2022-11-30	2022	4	11	November	2022-11	30	Wednesday	0	FY2022/23	Spring
20221201	2022-12-01	2022	4	12	December	2022-12	1	Thursday	0	FY2022/23	Summer
20221202	2022-12-02	2022	4	12	December	2022-12	2	Friday	0	FY2022/23	Summer
20221203	2022-12-03	2022	4	12	December	2022-12	3	Saturday	1	FY2022/23	Summer
20221204	2022-12-04	2022	4	12	December	2022-12	4	Sunday	1	FY2022/23	Summer
20221205	2022-12-05	2022	4	12	December	2022-12	5	Monday	0	FY2022/23	Summer
20221206	2022-12-06	2022	4	12	December	2022-12	6	Tuesday	0	FY2022/23	Summer
20221207	2022-12-07	2022	4	12	December	2022-12	7	Wednesday	0	FY2022/23	Summer
20221208	2022-12-08	2022	4	12	December	2022-12	8	Thursday	0	FY2022/23	Summer
20221209	2022-12-09	2022	4	12	December	2022-12	9	Friday	0	FY2022/23	Summer
20221210	2022-12-10	2022	4	12	December	2022-12	10	Saturday	1	FY2022/23	Summer
20221211	2022-12-11	2022	4	12	December	2022-12	11	Sunday	1	FY2022/23	Summer
20221212	2022-12-12	2022	4	12	December	2022-12	12	Monday	0	FY2022/23	Summer
20221213	2022-12-13	2022	4	12	December	2022-12	13	Tuesday	0	FY2022/23	Summer
20221214	2022-12-14	2022	4	12	December	2022-12	14	Wednesday	0	FY2022/23	Summer
20221215	2022-12-15	2022	4	12	December	2022-12	15	Thursday	0	FY2022/23	Summer
20221216	2022-12-16	2022	4	12	December	2022-12	16	Friday	0	FY2022/23	Summer
20221217	2022-12-17	2022	4	12	December	2022-12	17	Saturday	1	FY2022/23	Summer
20221218	2022-12-18	2022	4	12	December	2022-12	18	Sunday	1	FY2022/23	Summer
20221219	2022-12-19	2022	4	12	December	2022-12	19	Monday	0	FY2022/23	Summer
20221220	2022-12-20	2022	4	12	December	2022-12	20	Tuesday	0	FY2022/23	Summer
20221221	2022-12-21	2022	4	12	December	2022-12	21	Wednesday	0	FY2022/23	Summer
20221222	2022-12-22	2022	4	12	December	2022-12	22	Thursday	0	FY2022/23	Summer
20221223	2022-12-23	2022	4	12	December	2022-12	23	Friday	0	FY2022/23	Summer
20221224	2022-12-24	2022	4	12	December	2022-12	24	Saturday	1	FY2022/23	Summer
20221225	2022-12-25	2022	4	12	December	2022-12	25	Sunday	1	FY2022/23	Summer
20221226	2022-12-26	2022	4	12	December	2022-12	26	Monday	0	FY2022/23	Summer
20221227	2022-12-27	2022	4	12	December	2022-12	27	Tuesday	0	FY2022/23	Summer
20221228	2022-12-28	2022	4	12	December	2022-12	28	Wednesday	0	FY2022/23	Summer
20221229	2022-12-29	2022	4	12	December	2022-12	29	Thursday	0	FY2022/23	Summer
20221230	2022-12-30	2022	4	12	December	2022-12	30	Friday	0	FY2022/23	Summer
20221231	2022-12-31	2022	4	12	December	2022-12	31	Saturday	1	FY2022/23	Summer
20230101	2023-01-01	2023	1	1	January	2023-01	1	Sunday	1	FY2022/23	Summer
20230102	2023-01-02	2023	1	1	January	2023-01	2	Monday	0	FY2022/23	Summer
20230103	2023-01-03	2023	1	1	January	2023-01	3	Tuesday	0	FY2022/23	Summer
20230104	2023-01-04	2023	1	1	January	2023-01	4	Wednesday	0	FY2022/23	Summer
20230105	2023-01-05	2023	1	1	January	2023-01	5	Thursday	0	FY2022/23	Summer
20230106	2023-01-06	2023	1	1	January	2023-01	6	Friday	0	FY2022/23	Summer
20230107	2023-01-07	2023	1	1	January	2023-01	7	Saturday	1	FY2022/23	Summer
20230108	2023-01-08	2023	1	1	January	2023-01	8	Sunday	1	FY2022/23	Summer
20230109	2023-01-09	2023	1	1	January	2023-01	9	Monday	0	FY2022/23	Summer
20230110	2023-01-10	2023	1	1	January	2023-01	10	Tuesday	0	FY2022/23	Summer
20230111	2023-01-11	2023	1	1	January	2023-01	11	Wednesday	0	FY2022/23	Summer
20230112	2023-01-12	2023	1	1	January	2023-01	12	Thursday	0	FY2022/23	Summer
20230113	2023-01-13	2023	1	1	January	2023-01	13	Friday	0	FY2022/23	Summer
20230114	2023-01-14	2023	1	1	January	2023-01	14	Saturday	1	FY2022/23	Summer
20230115	2023-01-15	2023	1	1	January	2023-01	15	Sunday	1	FY2022/23	Summer
20230116	2023-01-16	2023	1	1	January	2023-01	16	Monday	0	FY2022/23	Summer
20230117	2023-01-17	2023	1	1	January	2023-01	17	Tuesday	0	FY2022/23	Summer
20230118	2023-01-18	2023	1	1	January	2023-01	18	Wednesday	0	FY2022/23	Summer
20230119	2023-01-19	2023	1	1	January	2023-01	19	Thursday	0	FY2022/23	Summer
20230120	2023-01-20	2023	1	1	January	2023-01	20	Friday	0	FY2022/23	Summer
20230121	2023-01-21	2023	1	1	January	2023-01	21	Saturday	1	FY2022/23	Summer
20230122	2023-01-22	2023	1	1	January	2023-01	22	Sunday	1	FY2022/23	Summer
20230123	2023-01-23	2023	1	1	January	2023-01	23	Monday	0	FY2022/23	Summer
20230124	2023-01-24	2023	1	1	January	2023-01	24	Tuesday	0	FY2022/23	Summer
20230125	2023-01-25	2023	1	1	January	2023-01	25	Wednesday	0	FY2022/23	Summer
20230126	2023-01-26	2023	1	1	January	2023-01	26	Thursday	0	FY2022/23	Summer
20230127	2023-01-27	2023	1	1	January	2023-01	27	Friday	0	FY2022/23	Summer
20230128	2023-01-28	2023	1	1	January	2023-01	28	Saturday	1	FY2022/23	Summer
20230129	2023-01-29	2023	1	1	January	2023-01	29	Sunday	1	FY2022/23	Summer
20230130	2023-01-30	2023	1	1	January	2023-01	30	Monday	0	FY2022/23	Summer
20230131	2023-01-31	2023	1	1	January	2023-01	31	Tuesday	0	FY2022/23	Summer
20230201	2023-02-01	2023	1	2	February	2023-02	1	Wednesday	0	FY2022/23	Summer
20230202	2023-02-02	2023	1	2	February	2023-02	2	Thursday	0	FY2022/23	Summer
20230203	2023-02-03	2023	1	2	February	2023-02	3	Friday	0	FY2022/23	Summer
20230204	2023-02-04	2023	1	2	February	2023-02	4	Saturday	1	FY2022/23	Summer
20230205	2023-02-05	2023	1	2	February	2023-02	5	Sunday	1	FY2022/23	Summer
20230206	2023-02-06	2023	1	2	February	2023-02	6	Monday	0	FY2022/23	Summer
20230207	2023-02-07	2023	1	2	February	2023-02	7	Tuesday	0	FY2022/23	Summer
20230208	2023-02-08	2023	1	2	February	2023-02	8	Wednesday	0	FY2022/23	Summer
20230209	2023-02-09	2023	1	2	February	2023-02	9	Thursday	0	FY2022/23	Summer
20230210	2023-02-10	2023	1	2	February	2023-02	10	Friday	0	FY2022/23	Summer
20230211	2023-02-11	2023	1	2	February	2023-02	11	Saturday	1	FY2022/23	Summer
20230212	2023-02-12	2023	1	2	February	2023-02	12	Sunday	1	FY2022/23	Summer
20230213	2023-02-13	2023	1	2	February	2023-02	13	Monday	0	FY2022/23	Summer
20230214	2023-02-14	2023	1	2	February	2023-02	14	Tuesday	0	FY2022/23	Summer
20230215	2023-02-15	2023	1	2	February	2023-02	15	Wednesday	0	FY2022/23	Summer
20230216	2023-02-16	2023	1	2	February	2023-02	16	Thursday	0	FY2022/23	Summer
20230217	2023-02-17	2023	1	2	February	2023-02	17	Friday	0	FY2022/23	Summer
20230218	2023-02-18	2023	1	2	February	2023-02	18	Saturday	1	FY2022/23	Summer
20230219	2023-02-19	2023	1	2	February	2023-02	19	Sunday	1	FY2022/23	Summer
20230220	2023-02-20	2023	1	2	February	2023-02	20	Monday	0	FY2022/23	Summer
20230221	2023-02-21	2023	1	2	February	2023-02	21	Tuesday	0	FY2022/23	Summer
20230222	2023-02-22	2023	1	2	February	2023-02	22	Wednesday	0	FY2022/23	Summer
20230223	2023-02-23	2023	1	2	February	2023-02	23	Thursday	0	FY2022/23	Summer
20230224	2023-02-24	2023	1	2	February	2023-02	24	Friday	0	FY2022/23	Summer
20230225	2023-02-25	2023	1	2	February	2023-02	25	Saturday	1	FY2022/23	Summer
20230226	2023-02-26	2023	1	2	February	2023-02	26	Sunday	1	FY2022/23	Summer
20230227	2023-02-27	2023	1	2	February	2023-02	27	Monday	0	FY2022/23	Summer
20230228	2023-02-28	2023	1	2	February	2023-02	28	Tuesday	0	FY2022/23	Summer
20230301	2023-03-01	2023	1	3	March	2023-03	1	Wednesday	0	FY2022/23	Autumn
20230302	2023-03-02	2023	1	3	March	2023-03	2	Thursday	0	FY2022/23	Autumn
20230303	2023-03-03	2023	1	3	March	2023-03	3	Friday	0	FY2022/23	Autumn
20230304	2023-03-04	2023	1	3	March	2023-03	4	Saturday	1	FY2022/23	Autumn
20230305	2023-03-05	2023	1	3	March	2023-03	5	Sunday	1	FY2022/23	Autumn
20230306	2023-03-06	2023	1	3	March	2023-03	6	Monday	0	FY2022/23	Autumn
20230307	2023-03-07	2023	1	3	March	2023-03	7	Tuesday	0	FY2022/23	Autumn
20230308	2023-03-08	2023	1	3	March	2023-03	8	Wednesday	0	FY2022/23	Autumn
20230309	2023-03-09	2023	1	3	March	2023-03	9	Thursday	0	FY2022/23	Autumn
20230310	2023-03-10	2023	1	3	March	2023-03	10	Friday	0	FY2022/23	Autumn
20230311	2023-03-11	2023	1	3	March	2023-03	11	Saturday	1	FY2022/23	Autumn
20230312	2023-03-12	2023	1	3	March	2023-03	12	Sunday	1	FY2022/23	Autumn
20230313	2023-03-13	2023	1	3	March	2023-03	13	Monday	0	FY2022/23	Autumn
20230314	2023-03-14	2023	1	3	March	2023-03	14	Tuesday	0	FY2022/23	Autumn
20230315	2023-03-15	2023	1	3	March	2023-03	15	Wednesday	0	FY2022/23	Autumn
20230316	2023-03-16	2023	1	3	March	2023-03	16	Thursday	0	FY2022/23	Autumn
20230317	2023-03-17	2023	1	3	March	2023-03	17	Friday	0	FY2022/23	Autumn
20230318	2023-03-18	2023	1	3	March	2023-03	18	Saturday	1	FY2022/23	Autumn
20230319	2023-03-19	2023	1	3	March	2023-03	19	Sunday	1	FY2022/23	Autumn
20230320	2023-03-20	2023	1	3	March	2023-03	20	Monday	0	FY2022/23	Autumn
20230321	2023-03-21	2023	1	3	March	2023-03	21	Tuesday	0	FY2022/23	Autumn
20230322	2023-03-22	2023	1	3	March	2023-03	22	Wednesday	0	FY2022/23	Autumn
20230323	2023-03-23	2023	1	3	March	2023-03	23	Thursday	0	FY2022/23	Autumn
20230324	2023-03-24	2023	1	3	March	2023-03	24	Friday	0	FY2022/23	Autumn
20230325	2023-03-25	2023	1	3	March	2023-03	25	Saturday	1	FY2022/23	Autumn
20230326	2023-03-26	2023	1	3	March	2023-03	26	Sunday	1	FY2022/23	Autumn
20230327	2023-03-27	2023	1	3	March	2023-03	27	Monday	0	FY2022/23	Autumn
20230328	2023-03-28	2023	1	3	March	2023-03	28	Tuesday	0	FY2022/23	Autumn
20230329	2023-03-29	2023	1	3	March	2023-03	29	Wednesday	0	FY2022/23	Autumn
20230330	2023-03-30	2023	1	3	March	2023-03	30	Thursday	0	FY2022/23	Autumn
20230331	2023-03-31	2023	1	3	March	2023-03	31	Friday	0	FY2022/23	Autumn
20230401	2023-04-01	2023	2	4	April	2023-04	1	Saturday	1	FY2023/24	Autumn
20230402	2023-04-02	2023	2	4	April	2023-04	2	Sunday	1	FY2023/24	Autumn
20230403	2023-04-03	2023	2	4	April	2023-04	3	Monday	0	FY2023/24	Autumn
20230404	2023-04-04	2023	2	4	April	2023-04	4	Tuesday	0	FY2023/24	Autumn
20230405	2023-04-05	2023	2	4	April	2023-04	5	Wednesday	0	FY2023/24	Autumn
20230406	2023-04-06	2023	2	4	April	2023-04	6	Thursday	0	FY2023/24	Autumn
20230407	2023-04-07	2023	2	4	April	2023-04	7	Friday	0	FY2023/24	Autumn
20230408	2023-04-08	2023	2	4	April	2023-04	8	Saturday	1	FY2023/24	Autumn
20230409	2023-04-09	2023	2	4	April	2023-04	9	Sunday	1	FY2023/24	Autumn
20230410	2023-04-10	2023	2	4	April	2023-04	10	Monday	0	FY2023/24	Autumn
20230411	2023-04-11	2023	2	4	April	2023-04	11	Tuesday	0	FY2023/24	Autumn
20230412	2023-04-12	2023	2	4	April	2023-04	12	Wednesday	0	FY2023/24	Autumn
20230413	2023-04-13	2023	2	4	April	2023-04	13	Thursday	0	FY2023/24	Autumn
20230414	2023-04-14	2023	2	4	April	2023-04	14	Friday	0	FY2023/24	Autumn
20230415	2023-04-15	2023	2	4	April	2023-04	15	Saturday	1	FY2023/24	Autumn
20230416	2023-04-16	2023	2	4	April	2023-04	16	Sunday	1	FY2023/24	Autumn
20230417	2023-04-17	2023	2	4	April	2023-04	17	Monday	0	FY2023/24	Autumn
20230418	2023-04-18	2023	2	4	April	2023-04	18	Tuesday	0	FY2023/24	Autumn
20230419	2023-04-19	2023	2	4	April	2023-04	19	Wednesday	0	FY2023/24	Autumn
20230420	2023-04-20	2023	2	4	April	2023-04	20	Thursday	0	FY2023/24	Autumn
20230421	2023-04-21	2023	2	4	April	2023-04	21	Friday	0	FY2023/24	Autumn
20230422	2023-04-22	2023	2	4	April	2023-04	22	Saturday	1	FY2023/24	Autumn
20230423	2023-04-23	2023	2	4	April	2023-04	23	Sunday	1	FY2023/24	Autumn
20230424	2023-04-24	2023	2	4	April	2023-04	24	Monday	0	FY2023/24	Autumn
20230425	2023-04-25	2023	2	4	April	2023-04	25	Tuesday	0	FY2023/24	Autumn
20230426	2023-04-26	2023	2	4	April	2023-04	26	Wednesday	0	FY2023/24	Autumn
20230427	2023-04-27	2023	2	4	April	2023-04	27	Thursday	0	FY2023/24	Autumn
20230428	2023-04-28	2023	2	4	April	2023-04	28	Friday	0	FY2023/24	Autumn
20230429	2023-04-29	2023	2	4	April	2023-04	29	Saturday	1	FY2023/24	Autumn
20230430	2023-04-30	2023	2	4	April	2023-04	30	Sunday	1	FY2023/24	Autumn
20230501	2023-05-01	2023	2	5	May	2023-05	1	Monday	0	FY2023/24	Autumn
20230502	2023-05-02	2023	2	5	May	2023-05	2	Tuesday	0	FY2023/24	Autumn
20230503	2023-05-03	2023	2	5	May	2023-05	3	Wednesday	0	FY2023/24	Autumn
20230504	2023-05-04	2023	2	5	May	2023-05	4	Thursday	0	FY2023/24	Autumn
20230505	2023-05-05	2023	2	5	May	2023-05	5	Friday	0	FY2023/24	Autumn
20230506	2023-05-06	2023	2	5	May	2023-05	6	Saturday	1	FY2023/24	Autumn
20230507	2023-05-07	2023	2	5	May	2023-05	7	Sunday	1	FY2023/24	Autumn
20230508	2023-05-08	2023	2	5	May	2023-05	8	Monday	0	FY2023/24	Autumn
20230509	2023-05-09	2023	2	5	May	2023-05	9	Tuesday	0	FY2023/24	Autumn
20230510	2023-05-10	2023	2	5	May	2023-05	10	Wednesday	0	FY2023/24	Autumn
20230511	2023-05-11	2023	2	5	May	2023-05	11	Thursday	0	FY2023/24	Autumn
20230512	2023-05-12	2023	2	5	May	2023-05	12	Friday	0	FY2023/24	Autumn
20230513	2023-05-13	2023	2	5	May	2023-05	13	Saturday	1	FY2023/24	Autumn
20230514	2023-05-14	2023	2	5	May	2023-05	14	Sunday	1	FY2023/24	Autumn
20230515	2023-05-15	2023	2	5	May	2023-05	15	Monday	0	FY2023/24	Autumn
20230516	2023-05-16	2023	2	5	May	2023-05	16	Tuesday	0	FY2023/24	Autumn
20230517	2023-05-17	2023	2	5	May	2023-05	17	Wednesday	0	FY2023/24	Autumn
20230518	2023-05-18	2023	2	5	May	2023-05	18	Thursday	0	FY2023/24	Autumn
20230519	2023-05-19	2023	2	5	May	2023-05	19	Friday	0	FY2023/24	Autumn
20230520	2023-05-20	2023	2	5	May	2023-05	20	Saturday	1	FY2023/24	Autumn
20230521	2023-05-21	2023	2	5	May	2023-05	21	Sunday	1	FY2023/24	Autumn
20230522	2023-05-22	2023	2	5	May	2023-05	22	Monday	0	FY2023/24	Autumn
20230523	2023-05-23	2023	2	5	May	2023-05	23	Tuesday	0	FY2023/24	Autumn
20230524	2023-05-24	2023	2	5	May	2023-05	24	Wednesday	0	FY2023/24	Autumn
20230525	2023-05-25	2023	2	5	May	2023-05	25	Thursday	0	FY2023/24	Autumn
20230526	2023-05-26	2023	2	5	May	2023-05	26	Friday	0	FY2023/24	Autumn
20230527	2023-05-27	2023	2	5	May	2023-05	27	Saturday	1	FY2023/24	Autumn
20230528	2023-05-28	2023	2	5	May	2023-05	28	Sunday	1	FY2023/24	Autumn
20230529	2023-05-29	2023	2	5	May	2023-05	29	Monday	0	FY2023/24	Autumn
20230530	2023-05-30	2023	2	5	May	2023-05	30	Tuesday	0	FY2023/24	Autumn
20230531	2023-05-31	2023	2	5	May	2023-05	31	Wednesday	0	FY2023/24	Autumn
20230601	2023-06-01	2023	2	6	June	2023-06	1	Thursday	0	FY2023/24	Winter
20230602	2023-06-02	2023	2	6	June	2023-06	2	Friday	0	FY2023/24	Winter
20230603	2023-06-03	2023	2	6	June	2023-06	3	Saturday	1	FY2023/24	Winter
20230604	2023-06-04	2023	2	6	June	2023-06	4	Sunday	1	FY2023/24	Winter
20230605	2023-06-05	2023	2	6	June	2023-06	5	Monday	0	FY2023/24	Winter
20230606	2023-06-06	2023	2	6	June	2023-06	6	Tuesday	0	FY2023/24	Winter
20230607	2023-06-07	2023	2	6	June	2023-06	7	Wednesday	0	FY2023/24	Winter
20230608	2023-06-08	2023	2	6	June	2023-06	8	Thursday	0	FY2023/24	Winter
20230609	2023-06-09	2023	2	6	June	2023-06	9	Friday	0	FY2023/24	Winter
20230610	2023-06-10	2023	2	6	June	2023-06	10	Saturday	1	FY2023/24	Winter
20230611	2023-06-11	2023	2	6	June	2023-06	11	Sunday	1	FY2023/24	Winter
20230612	2023-06-12	2023	2	6	June	2023-06	12	Monday	0	FY2023/24	Winter
20230613	2023-06-13	2023	2	6	June	2023-06	13	Tuesday	0	FY2023/24	Winter
20230614	2023-06-14	2023	2	6	June	2023-06	14	Wednesday	0	FY2023/24	Winter
20230615	2023-06-15	2023	2	6	June	2023-06	15	Thursday	0	FY2023/24	Winter
20230616	2023-06-16	2023	2	6	June	2023-06	16	Friday	0	FY2023/24	Winter
20230617	2023-06-17	2023	2	6	June	2023-06	17	Saturday	1	FY2023/24	Winter
20230618	2023-06-18	2023	2	6	June	2023-06	18	Sunday	1	FY2023/24	Winter
20230619	2023-06-19	2023	2	6	June	2023-06	19	Monday	0	FY2023/24	Winter
20230620	2023-06-20	2023	2	6	June	2023-06	20	Tuesday	0	FY2023/24	Winter
20230621	2023-06-21	2023	2	6	June	2023-06	21	Wednesday	0	FY2023/24	Winter
20230622	2023-06-22	2023	2	6	June	2023-06	22	Thursday	0	FY2023/24	Winter
20230623	2023-06-23	2023	2	6	June	2023-06	23	Friday	0	FY2023/24	Winter
20230624	2023-06-24	2023	2	6	June	2023-06	24	Saturday	1	FY2023/24	Winter
20230625	2023-06-25	2023	2	6	June	2023-06	25	Sunday	1	FY2023/24	Winter
20230626	2023-06-26	2023	2	6	June	2023-06	26	Monday	0	FY2023/24	Winter
20230627	2023-06-27	2023	2	6	June	2023-06	27	Tuesday	0	FY2023/24	Winter
20230628	2023-06-28	2023	2	6	June	2023-06	28	Wednesday	0	FY2023/24	Winter
20230629	2023-06-29	2023	2	6	June	2023-06	29	Thursday	0	FY2023/24	Winter
20230630	2023-06-30	2023	2	6	June	2023-06	30	Friday	0	FY2023/24	Winter
20230701	2023-07-01	2023	3	7	July	2023-07	1	Saturday	1	FY2023/24	Winter
20230702	2023-07-02	2023	3	7	July	2023-07	2	Sunday	1	FY2023/24	Winter
20230703	2023-07-03	2023	3	7	July	2023-07	3	Monday	0	FY2023/24	Winter
20230704	2023-07-04	2023	3	7	July	2023-07	4	Tuesday	0	FY2023/24	Winter
20230705	2023-07-05	2023	3	7	July	2023-07	5	Wednesday	0	FY2023/24	Winter
20230706	2023-07-06	2023	3	7	July	2023-07	6	Thursday	0	FY2023/24	Winter
20230707	2023-07-07	2023	3	7	July	2023-07	7	Friday	0	FY2023/24	Winter
20230708	2023-07-08	2023	3	7	July	2023-07	8	Saturday	1	FY2023/24	Winter
20230709	2023-07-09	2023	3	7	July	2023-07	9	Sunday	1	FY2023/24	Winter
20230710	2023-07-10	2023	3	7	July	2023-07	10	Monday	0	FY2023/24	Winter
20230711	2023-07-11	2023	3	7	July	2023-07	11	Tuesday	0	FY2023/24	Winter
20230712	2023-07-12	2023	3	7	July	2023-07	12	Wednesday	0	FY2023/24	Winter
20230713	2023-07-13	2023	3	7	July	2023-07	13	Thursday	0	FY2023/24	Winter
20230714	2023-07-14	2023	3	7	July	2023-07	14	Friday	0	FY2023/24	Winter
20230715	2023-07-15	2023	3	7	July	2023-07	15	Saturday	1	FY2023/24	Winter
20230716	2023-07-16	2023	3	7	July	2023-07	16	Sunday	1	FY2023/24	Winter
20230717	2023-07-17	2023	3	7	July	2023-07	17	Monday	0	FY2023/24	Winter
20230718	2023-07-18	2023	3	7	July	2023-07	18	Tuesday	0	FY2023/24	Winter
20230719	2023-07-19	2023	3	7	July	2023-07	19	Wednesday	0	FY2023/24	Winter
20230720	2023-07-20	2023	3	7	July	2023-07	20	Thursday	0	FY2023/24	Winter
20230721	2023-07-21	2023	3	7	July	2023-07	21	Friday	0	FY2023/24	Winter
20230722	2023-07-22	2023	3	7	July	2023-07	22	Saturday	1	FY2023/24	Winter
20230723	2023-07-23	2023	3	7	July	2023-07	23	Sunday	1	FY2023/24	Winter
20230724	2023-07-24	2023	3	7	July	2023-07	24	Monday	0	FY2023/24	Winter
20230725	2023-07-25	2023	3	7	July	2023-07	25	Tuesday	0	FY2023/24	Winter
20230726	2023-07-26	2023	3	7	July	2023-07	26	Wednesday	0	FY2023/24	Winter
20230727	2023-07-27	2023	3	7	July	2023-07	27	Thursday	0	FY2023/24	Winter
20230728	2023-07-28	2023	3	7	July	2023-07	28	Friday	0	FY2023/24	Winter
20230729	2023-07-29	2023	3	7	July	2023-07	29	Saturday	1	FY2023/24	Winter
20230730	2023-07-30	2023	3	7	July	2023-07	30	Sunday	1	FY2023/24	Winter
20230731	2023-07-31	2023	3	7	July	2023-07	31	Monday	0	FY2023/24	Winter
20230801	2023-08-01	2023	3	8	August	2023-08	1	Tuesday	0	FY2023/24	Winter
20230802	2023-08-02	2023	3	8	August	2023-08	2	Wednesday	0	FY2023/24	Winter
20230803	2023-08-03	2023	3	8	August	2023-08	3	Thursday	0	FY2023/24	Winter
20230804	2023-08-04	2023	3	8	August	2023-08	4	Friday	0	FY2023/24	Winter
20230805	2023-08-05	2023	3	8	August	2023-08	5	Saturday	1	FY2023/24	Winter
20230806	2023-08-06	2023	3	8	August	2023-08	6	Sunday	1	FY2023/24	Winter
20230807	2023-08-07	2023	3	8	August	2023-08	7	Monday	0	FY2023/24	Winter
20230808	2023-08-08	2023	3	8	August	2023-08	8	Tuesday	0	FY2023/24	Winter
20230809	2023-08-09	2023	3	8	August	2023-08	9	Wednesday	0	FY2023/24	Winter
20230810	2023-08-10	2023	3	8	August	2023-08	10	Thursday	0	FY2023/24	Winter
20230811	2023-08-11	2023	3	8	August	2023-08	11	Friday	0	FY2023/24	Winter
20230812	2023-08-12	2023	3	8	August	2023-08	12	Saturday	1	FY2023/24	Winter
20230813	2023-08-13	2023	3	8	August	2023-08	13	Sunday	1	FY2023/24	Winter
20230814	2023-08-14	2023	3	8	August	2023-08	14	Monday	0	FY2023/24	Winter
20230815	2023-08-15	2023	3	8	August	2023-08	15	Tuesday	0	FY2023/24	Winter
20230816	2023-08-16	2023	3	8	August	2023-08	16	Wednesday	0	FY2023/24	Winter
20230817	2023-08-17	2023	3	8	August	2023-08	17	Thursday	0	FY2023/24	Winter
20230818	2023-08-18	2023	3	8	August	2023-08	18	Friday	0	FY2023/24	Winter
20230819	2023-08-19	2023	3	8	August	2023-08	19	Saturday	1	FY2023/24	Winter
20230820	2023-08-20	2023	3	8	August	2023-08	20	Sunday	1	FY2023/24	Winter
20230821	2023-08-21	2023	3	8	August	2023-08	21	Monday	0	FY2023/24	Winter
20230822	2023-08-22	2023	3	8	August	2023-08	22	Tuesday	0	FY2023/24	Winter
20230823	2023-08-23	2023	3	8	August	2023-08	23	Wednesday	0	FY2023/24	Winter
20230824	2023-08-24	2023	3	8	August	2023-08	24	Thursday	0	FY2023/24	Winter
20230825	2023-08-25	2023	3	8	August	2023-08	25	Friday	0	FY2023/24	Winter
20230826	2023-08-26	2023	3	8	August	2023-08	26	Saturday	1	FY2023/24	Winter
20230827	2023-08-27	2023	3	8	August	2023-08	27	Sunday	1	FY2023/24	Winter
20230828	2023-08-28	2023	3	8	August	2023-08	28	Monday	0	FY2023/24	Winter
20230829	2023-08-29	2023	3	8	August	2023-08	29	Tuesday	0	FY2023/24	Winter
20230830	2023-08-30	2023	3	8	August	2023-08	30	Wednesday	0	FY2023/24	Winter
20230831	2023-08-31	2023	3	8	August	2023-08	31	Thursday	0	FY2023/24	Winter
20230901	2023-09-01	2023	3	9	September	2023-09	1	Friday	0	FY2023/24	Spring
20230902	2023-09-02	2023	3	9	September	2023-09	2	Saturday	1	FY2023/24	Spring
20230903	2023-09-03	2023	3	9	September	2023-09	3	Sunday	1	FY2023/24	Spring
20230904	2023-09-04	2023	3	9	September	2023-09	4	Monday	0	FY2023/24	Spring
20230905	2023-09-05	2023	3	9	September	2023-09	5	Tuesday	0	FY2023/24	Spring
20230906	2023-09-06	2023	3	9	September	2023-09	6	Wednesday	0	FY2023/24	Spring
20230907	2023-09-07	2023	3	9	September	2023-09	7	Thursday	0	FY2023/24	Spring
20230908	2023-09-08	2023	3	9	September	2023-09	8	Friday	0	FY2023/24	Spring
20230909	2023-09-09	2023	3	9	September	2023-09	9	Saturday	1	FY2023/24	Spring
20230910	2023-09-10	2023	3	9	September	2023-09	10	Sunday	1	FY2023/24	Spring
20230911	2023-09-11	2023	3	9	September	2023-09	11	Monday	0	FY2023/24	Spring
20230912	2023-09-12	2023	3	9	September	2023-09	12	Tuesday	0	FY2023/24	Spring
20230913	2023-09-13	2023	3	9	September	2023-09	13	Wednesday	0	FY2023/24	Spring
20230914	2023-09-14	2023	3	9	September	2023-09	14	Thursday	0	FY2023/24	Spring
20230915	2023-09-15	2023	3	9	September	2023-09	15	Friday	0	FY2023/24	Spring
20230916	2023-09-16	2023	3	9	September	2023-09	16	Saturday	1	FY2023/24	Spring
20230917	2023-09-17	2023	3	9	September	2023-09	17	Sunday	1	FY2023/24	Spring
20230918	2023-09-18	2023	3	9	September	2023-09	18	Monday	0	FY2023/24	Spring
20230919	2023-09-19	2023	3	9	September	2023-09	19	Tuesday	0	FY2023/24	Spring
20230920	2023-09-20	2023	3	9	September	2023-09	20	Wednesday	0	FY2023/24	Spring
20230921	2023-09-21	2023	3	9	September	2023-09	21	Thursday	0	FY2023/24	Spring
20230922	2023-09-22	2023	3	9	September	2023-09	22	Friday	0	FY2023/24	Spring
20230923	2023-09-23	2023	3	9	September	2023-09	23	Saturday	1	FY2023/24	Spring
20230924	2023-09-24	2023	3	9	September	2023-09	24	Sunday	1	FY2023/24	Spring
20230925	2023-09-25	2023	3	9	September	2023-09	25	Monday	0	FY2023/24	Spring
20230926	2023-09-26	2023	3	9	September	2023-09	26	Tuesday	0	FY2023/24	Spring
20230927	2023-09-27	2023	3	9	September	2023-09	27	Wednesday	0	FY2023/24	Spring
20230928	2023-09-28	2023	3	9	September	2023-09	28	Thursday	0	FY2023/24	Spring
20230929	2023-09-29	2023	3	9	September	2023-09	29	Friday	0	FY2023/24	Spring
20230930	2023-09-30	2023	3	9	September	2023-09	30	Saturday	1	FY2023/24	Spring
20231001	2023-10-01	2023	4	10	October	2023-10	1	Sunday	1	FY2023/24	Spring
20231002	2023-10-02	2023	4	10	October	2023-10	2	Monday	0	FY2023/24	Spring
20231003	2023-10-03	2023	4	10	October	2023-10	3	Tuesday	0	FY2023/24	Spring
20231004	2023-10-04	2023	4	10	October	2023-10	4	Wednesday	0	FY2023/24	Spring
20231005	2023-10-05	2023	4	10	October	2023-10	5	Thursday	0	FY2023/24	Spring
20231006	2023-10-06	2023	4	10	October	2023-10	6	Friday	0	FY2023/24	Spring
20231007	2023-10-07	2023	4	10	October	2023-10	7	Saturday	1	FY2023/24	Spring
20231008	2023-10-08	2023	4	10	October	2023-10	8	Sunday	1	FY2023/24	Spring
20231009	2023-10-09	2023	4	10	October	2023-10	9	Monday	0	FY2023/24	Spring
20231010	2023-10-10	2023	4	10	October	2023-10	10	Tuesday	0	FY2023/24	Spring
20231011	2023-10-11	2023	4	10	October	2023-10	11	Wednesday	0	FY2023/24	Spring
20231012	2023-10-12	2023	4	10	October	2023-10	12	Thursday	0	FY2023/24	Spring
20231013	2023-10-13	2023	4	10	October	2023-10	13	Friday	0	FY2023/24	Spring
20231014	2023-10-14	2023	4	10	October	2023-10	14	Saturday	1	FY2023/24	Spring
20231015	2023-10-15	2023	4	10	October	2023-10	15	Sunday	1	FY2023/24	Spring
20231016	2023-10-16	2023	4	10	October	2023-10	16	Monday	0	FY2023/24	Spring
20231017	2023-10-17	2023	4	10	October	2023-10	17	Tuesday	0	FY2023/24	Spring
20231018	2023-10-18	2023	4	10	October	2023-10	18	Wednesday	0	FY2023/24	Spring
20231019	2023-10-19	2023	4	10	October	2023-10	19	Thursday	0	FY2023/24	Spring
20231020	2023-10-20	2023	4	10	October	2023-10	20	Friday	0	FY2023/24	Spring
20231021	2023-10-21	2023	4	10	October	2023-10	21	Saturday	1	FY2023/24	Spring
20231022	2023-10-22	2023	4	10	October	2023-10	22	Sunday	1	FY2023/24	Spring
20231023	2023-10-23	2023	4	10	October	2023-10	23	Monday	0	FY2023/24	Spring
20231024	2023-10-24	2023	4	10	October	2023-10	24	Tuesday	0	FY2023/24	Spring
20231025	2023-10-25	2023	4	10	October	2023-10	25	Wednesday	0	FY2023/24	Spring
20231026	2023-10-26	2023	4	10	October	2023-10	26	Thursday	0	FY2023/24	Spring
20231027	2023-10-27	2023	4	10	October	2023-10	27	Friday	0	FY2023/24	Spring
20231028	2023-10-28	2023	4	10	October	2023-10	28	Saturday	1	FY2023/24	Spring
20231029	2023-10-29	2023	4	10	October	2023-10	29	Sunday	1	FY2023/24	Spring
20231030	2023-10-30	2023	4	10	October	2023-10	30	Monday	0	FY2023/24	Spring
20231031	2023-10-31	2023	4	10	October	2023-10	31	Tuesday	0	FY2023/24	Spring
20231101	2023-11-01	2023	4	11	November	2023-11	1	Wednesday	0	FY2023/24	Spring
20231102	2023-11-02	2023	4	11	November	2023-11	2	Thursday	0	FY2023/24	Spring
20231103	2023-11-03	2023	4	11	November	2023-11	3	Friday	0	FY2023/24	Spring
20231104	2023-11-04	2023	4	11	November	2023-11	4	Saturday	1	FY2023/24	Spring
20231105	2023-11-05	2023	4	11	November	2023-11	5	Sunday	1	FY2023/24	Spring
20231106	2023-11-06	2023	4	11	November	2023-11	6	Monday	0	FY2023/24	Spring
20231107	2023-11-07	2023	4	11	November	2023-11	7	Tuesday	0	FY2023/24	Spring
20231108	2023-11-08	2023	4	11	November	2023-11	8	Wednesday	0	FY2023/24	Spring
20231109	2023-11-09	2023	4	11	November	2023-11	9	Thursday	0	FY2023/24	Spring
20231110	2023-11-10	2023	4	11	November	2023-11	10	Friday	0	FY2023/24	Spring
20231111	2023-11-11	2023	4	11	November	2023-11	11	Saturday	1	FY2023/24	Spring
20231112	2023-11-12	2023	4	11	November	2023-11	12	Sunday	1	FY2023/24	Spring
20231113	2023-11-13	2023	4	11	November	2023-11	13	Monday	0	FY2023/24	Spring
20231114	2023-11-14	2023	4	11	November	2023-11	14	Tuesday	0	FY2023/24	Spring
20231115	2023-11-15	2023	4	11	November	2023-11	15	Wednesday	0	FY2023/24	Spring
20231116	2023-11-16	2023	4	11	November	2023-11	16	Thursday	0	FY2023/24	Spring
20231117	2023-11-17	2023	4	11	November	2023-11	17	Friday	0	FY2023/24	Spring
20231118	2023-11-18	2023	4	11	November	2023-11	18	Saturday	1	FY2023/24	Spring
20231119	2023-11-19	2023	4	11	November	2023-11	19	Sunday	1	FY2023/24	Spring
20231120	2023-11-20	2023	4	11	November	2023-11	20	Monday	0	FY2023/24	Spring
20231121	2023-11-21	2023	4	11	November	2023-11	21	Tuesday	0	FY2023/24	Spring
20231122	2023-11-22	2023	4	11	November	2023-11	22	Wednesday	0	FY2023/24	Spring
20231123	2023-11-23	2023	4	11	November	2023-11	23	Thursday	0	FY2023/24	Spring
20231124	2023-11-24	2023	4	11	November	2023-11	24	Friday	0	FY2023/24	Spring
20231125	2023-11-25	2023	4	11	November	2023-11	25	Saturday	1	FY2023/24	Spring
20231126	2023-11-26	2023	4	11	November	2023-11	26	Sunday	1	FY2023/24	Spring
20231127	2023-11-27	2023	4	11	November	2023-11	27	Monday	0	FY2023/24	Spring
20231128	2023-11-28	2023	4	11	November	2023-11	28	Tuesday	0	FY2023/24	Spring
20231129	2023-11-29	2023	4	11	November	2023-11	29	Wednesday	0	FY2023/24	Spring
20231130	2023-11-30	2023	4	11	November	2023-11	30	Thursday	0	FY2023/24	Spring
20231201	2023-12-01	2023	4	12	December	2023-12	1	Friday	0	FY2023/24	Summer
20231202	2023-12-02	2023	4	12	December	2023-12	2	Saturday	1	FY2023/24	Summer
20231203	2023-12-03	2023	4	12	December	2023-12	3	Sunday	1	FY2023/24	Summer
20231204	2023-12-04	2023	4	12	December	2023-12	4	Monday	0	FY2023/24	Summer
20231205	2023-12-05	2023	4	12	December	2023-12	5	Tuesday	0	FY2023/24	Summer
20231206	2023-12-06	2023	4	12	December	2023-12	6	Wednesday	0	FY2023/24	Summer
20231207	2023-12-07	2023	4	12	December	2023-12	7	Thursday	0	FY2023/24	Summer
20231208	2023-12-08	2023	4	12	December	2023-12	8	Friday	0	FY2023/24	Summer
20231209	2023-12-09	2023	4	12	December	2023-12	9	Saturday	1	FY2023/24	Summer
20231210	2023-12-10	2023	4	12	December	2023-12	10	Sunday	1	FY2023/24	Summer
20231211	2023-12-11	2023	4	12	December	2023-12	11	Monday	0	FY2023/24	Summer
20231212	2023-12-12	2023	4	12	December	2023-12	12	Tuesday	0	FY2023/24	Summer
20231213	2023-12-13	2023	4	12	December	2023-12	13	Wednesday	0	FY2023/24	Summer
20231214	2023-12-14	2023	4	12	December	2023-12	14	Thursday	0	FY2023/24	Summer
20231215	2023-12-15	2023	4	12	December	2023-12	15	Friday	0	FY2023/24	Summer
20231216	2023-12-16	2023	4	12	December	2023-12	16	Saturday	1	FY2023/24	Summer
20231217	2023-12-17	2023	4	12	December	2023-12	17	Sunday	1	FY2023/24	Summer
20231218	2023-12-18	2023	4	12	December	2023-12	18	Monday	0	FY2023/24	Summer
20231219	2023-12-19	2023	4	12	December	2023-12	19	Tuesday	0	FY2023/24	Summer
20231220	2023-12-20	2023	4	12	December	2023-12	20	Wednesday	0	FY2023/24	Summer
20231221	2023-12-21	2023	4	12	December	2023-12	21	Thursday	0	FY2023/24	Summer
20231222	2023-12-22	2023	4	12	December	2023-12	22	Friday	0	FY2023/24	Summer
20231223	2023-12-23	2023	4	12	December	2023-12	23	Saturday	1	FY2023/24	Summer
20231224	2023-12-24	2023	4	12	December	2023-12	24	Sunday	1	FY2023/24	Summer
20231225	2023-12-25	2023	4	12	December	2023-12	25	Monday	0	FY2023/24	Summer
20231226	2023-12-26	2023	4	12	December	2023-12	26	Tuesday	0	FY2023/24	Summer
20231227	2023-12-27	2023	4	12	December	2023-12	27	Wednesday	0	FY2023/24	Summer
20231228	2023-12-28	2023	4	12	December	2023-12	28	Thursday	0	FY2023/24	Summer
20231229	2023-12-29	2023	4	12	December	2023-12	29	Friday	0	FY2023/24	Summer
20231230	2023-12-30	2023	4	12	December	2023-12	30	Saturday	1	FY2023/24	Summer
20231231	2023-12-31	2023	4	12	December	2023-12	31	Sunday	1	FY2023/24	Summer
