EquipmentKey	SourceEquipmentId	AFSEquipmentId	FleetId	RegNumber	EquipmentDescription	MakeName	ModelName	VehicleTypeName	IsEligibleVehicleType	ConsumptionTypeName	TankSize	DecommissionDate	IsActive	EligibleActivityKey	EligibilityClass
1	1	164843	AFSTEST	AFSTEST		TESTING	NONE	Mining	0	None	99999.0		1	99	Ineligible
2	2	164621	BN33HJGP	CAE-009		TOYOTA	HILUX SC	Mining	0	KM/L	80.0		1	99	Ineligible
3	3	164879	BNT899L	BNT899L	MAHINDRA SCORPIO DC P/UP BNT899L - S630	MAHINDRA	SCORPIO	Mining	0	KM/L	80.0		1	99	Ineligible
4	4	177779	BTD005	BTD-005	BELAZ DUMP TRUCK BDT005	BELAZ	DUMP TRUCK	Mining	0	L/HR	5000.0		1	10	Eligible
5	5	164579	BULK269	BULK-269		TEREX	DIESEL BOWSER	Bowser	0	L/HR	34000.0		1	10	Eligible
6	6	166148	CAC008	CAC-008		ISUZU	DROPSIDE	Mining	0	KM/L	7700.0		1	99	Ineligible
7	7	177817	CAW001	CAW-001		TOYOTA	HILUX SC	Mining	0	KM/L	80.0		1	99	Ineligible
8	8	213337	CAZ132	CAZ-132		MAGNI	TELEHANDLER	Mining	0	L/HR	250.0		1	10	Eligible
9	9	189860	CBG002	CBG-002		ATLAS COPCO	DRILL RIG	Drill Rig	0	L/HR	700.0		1	10	Eligible
10	10	177845	CBME171	CBME-171		MAN	TGS TRUCK	Mining	0	L/HR	480.0		1	10	Eligible
11	11	177848	CBME637	CBME-637		TOYOTA	HILUX SC	Mining	0	KM/L	80.0		1	99	Ineligible
12	12	209974	CBME707	CBME-707		TOYOTA	HILUX 	Light Vehicle	0	KM/L	80.0		1	99	Ineligible
13	13	205291	CBMEB42	CBME-B42		TOYOTA	QUANTUM	Mining	0	KM/L	70.0		1	99	Ineligible
14	14	164599	CDT079	CDT-079		CATERPILLAR	OFF-HIGHWAY TRUCK	Mining	0	L/HR	1136.0		1	10	Eligible
15	15	165059	CFA016	CFA016		CATERPILLAR	EXCAVATOR	Mining	0	L/HR	1500.0		1	10	Eligible
16	16	230597	CHIBS002	CHIBS002		TOYOTA	HILUX 	Light Vehicle	0	KM/L	80.0		1	99	Ineligible
17	17	177917	CHIBS29	CHIBS-29		KOMATSU	EXCAVATOR	Mining	0	L/HR	450.0		1	10	Eligible
18	18	164605	CHM004	CHM004		IVECO	DAILY	Mining	0	KM/L	100.0		1	99	Ineligible
19	19	213346	CHP006	CHP-006		Diesel Bowser	OWN TANK	Bowser	0	KM/L	300.0		1	99	Ineligible
20	20	164964	CJZ673L	CJZ673L		TOYOTA	HILUX SC	Mining	0	KM/L	80.0		1	99	Ineligible
21	21	164820	CMAL004	CMAL-004		KOMATSU	EXCAVATOR	Mining	0	L/HR	1500.0		1	10	Eligible
22	22	189844	CMHDT01	CMHDT-01		CATERPILLAR	OFF-HIGHWAY TRUCK	Mining	0	L/HR	532.0		1	10	Eligible
23	23	217305	CMTT002	CMTT-002		TOYOTA	QUANTUM	Light Vehicle	0	KM/L	70.0		1	99	Ineligible
24	24	164773	CON074BT	CON074BT		BELL	DIESEL BOWSER	Bowser	0	L/HR	1000.0		1	10	Eligible
25	25	164496	CON093	CON093		CATERPILLAR	OFF-HIGHWAY TRUCK	Mining	0	L/HR	532.0		1	10	Eligible
26	26	189848	CON106	CON-106		KOMATSU	DOZER	Mining	0	L/HR	1050.0		1	10	Eligible
27	27	177995	CON118	CON-118		MERCEDEZ-BENZ	ACTROS	Mining	0	L/HR	500.0		1	10	Eligible
28	28	166010	CON155	CON155		KOMATSU	DUMP TRUCK	Mining	0	L/HR	1050.0		1	10	Eligible
29	29	213316	CON227	CON227		KOMATSU	DOZER	Mining	0	L/HR	1200.0		1	10	Eligible
30	30	177999	CON2504	CON-2504		TOYOTA	HILUX SC	Mining	0	KM/L	80.0		1	99	Ineligible
31	31	230743	CON2551	CON2551		LIGHTING PLANT	LIGHTING PLANT	Lighting Plant	0	None	200.0		1	99	Ineligible
32	33	213292	CON2558	CON2558		LIGHTING PLANT	LIGHTING PLANT	Support/Maintenance Equip.	0	None	200.0		1	99	Ineligible
33	34	164751	CON2559	CON-2559		CATERPILLAR	BACKHOE LOADER	Mining	0	L/HR	160.0		1	10	Eligible
34	35	164715	CON504	CON-504		CATERPILLAR	OFF-HIGHWAY TRUCK	Mining	0	L/HR	532.0		1	10	Eligible
35	36	205332	CON5985	CON-5985		TOYOTA	HILUX 	Light Vehicle	0	KM/L	80.0		1	99	Ineligible
36	37	213302	CON932	CON-932		KOMATSU	DUMP TRUCK	Mining	0	L/HR	700.0		1	10	Eligible
37	38	205326	CON960	CON-960		KOMATSU	DUMP TRUCK	Mining	0	L/HR	1000.0		1	10	Eligible
38	39	213310	CON972	CON972		KOMATSU	DUMP TRUCK	Mining	0	L/HR	1308.0		1	10	Eligible
39	40	205327	CON973	CON-973		KOMATSU	DUMP TRUCK	Mining	0	L/HR	1000.0		1	10	Eligible
40	41	217330	CPD008	CPD-008		COMPRESSOR	COMPRESSOR	Compressor	0	None	1300.0		1	99	Ineligible
41	42	164745	CPG621L	M0G-866		TOYOTA	HILUX 	Mining	0	KM/L	80.0		1	99	Ineligible
42	43	213332	CSF016	CSF-016		CATERPILLAR	BACKHOE LOADER	Mining	0	L/HR	2900.0		1	10	Eligible
43	44	165478	CTX543L	CTX543L		TOYOTA	HILUX 	Mining	0	L/100KM	160.0		1	99	Ineligible
44	45	164545	CXG956L	MOG-888	TOYOTA LAND CRUISER 70 PU   -0888	TOYOTA	HILUX SC	Mining	0	KM/L	80.0		1	99	Ineligible
45	46	164614	CYD371L	CYD371L	TOYOTA QUANTUM  D-4D 14SBUS-CYD371L-1368	TOYOTA	HILUX 	Mining	0	KM/L	80.0		1	99	Ineligible
46	47	164896	DR284	DR-284	ATLAS COPCO D65/HP DRILL RIG - 284	ATLAS COPCO	DRILL RIG	Mining	0	L/HR	5100.0		1	10	Eligible
47	48	165150	DR330	DR-330		SANDVIK	DRILL RIG	Mining	0	L/HR	680.0		1	10	Eligible
48	49	213349	DRL295	DRL-295		DRILL	RIG	Drill Rig	0	L/HR	1750.0		1	10	Eligible
49	50	164501	DT48	DT48	KOMATSU 930E DUMP TRUCK 48	KOMATSU	DUMP TRUCK	Mining	0	L/HR	4950.0		1	10	Eligible
50	51	189849	DT52	DT-52	KOMATSU 930E DUMP TRUCK 52	KOMATSU	DUMP TRUCK	Mining	0	L/HR	4550.0		1	10	Eligible
51	52	164531	DT65	DT65	KOMATSU 930E DUMP TRUCK 65	KOMATSU	DUMP TRUCK	Mining	0	L/HR	4950.0		1	10	Eligible
52	53	164529	DT66	DT66	KOMATSU 930E DUMP TRUCK 66	KOMATSU	DUMP TRUCK	Mining	0	L/HR	4950.0		1	10	Eligible
53	54	164659	DT73	DT73	KOMATSU 930E DUMP TRUCK 73	KOMATSU	DUMP TRUCK	Mining	0	L/HR	4950.0		1	10	Eligible
54	55	164656	EDT0032	DT32	TEREX 4400 DUMP TRUCK 32	TEREX	REAR DUMPER	Mining	0	L/HR	4950.0		1	10	Eligible
55	56	164861	EGR0204	GR-204	CAT 16H GRADER 204	CATERPILLAR	MOTOR GRADER	Mining	0	L/HR	492.0		1	10	Eligible
56	57	164682	EGR0206	GR-206	CAT 16H GRADER 206	CATERPILLAR	MOTOR GRADER	Mining	0	L/HR	492.0		1	10	Eligible
57	58	164738	EWT0332	WT-332	CAT 777F WATERCART 332	CATERPILLAR	OFF-HIGHWAY TRUCK	Mining	0	L/HR	532.0		1	10	Eligible
58	59	164804	EX228	EX-228	CAT M322D EXCAVATOR 228	CATERPILLAR	EXCAVATOR	Mining	0	L/HR	1500.0		1	10	Eligible
59	60	164918	FEL002	FEL-002		CATERPILLAR	WHEEL LOADER	Mining	0	L/HR	200.0		1	10	Eligible
60	61	165033	FEL03	FEL-03		CATERPILLAR	WHEEL LOADER	Mining	0	L/HR	200.0		1	10	Eligible
61	62	164771	FEL1551	FEL-1551		CATERPILLAR	WHEEL LOADER	Mining	0	L/HR	1562.0		1	10	Eligible
62	63	164741	G551	G-551		TEREX	MANLIFTER	Mining	0	L/HR	80.0		1	10	Eligible
63	64	189857	GR211	GR-211		CATERPILLAR	MOTOR GRADER	Mining	0	L/HR	910.0		1	10	Eligible
64	65	164862	HA509	HA-509		TOYOTA	DYNA	Mining	0	L/HR	200.0		1	10	Eligible
65	66	189880	HIBS032	HIBS-032		TOWER LIGHT	LIGHTING PLANT	Support/Maintenance Equip.	0	L/HR	120.0		1	10	Eligible
66	67	164893	LB333	LB-333	CATERPILLAR 785B LOW BED 333	CATERPILLAR	OFF-HIGHWAY TRUCK	Mining	0	L/HR	532.0		1	10	Eligible
67	68	165193	LDVWS	LDV-WS		DUMMY NOZZLE	LUBES AT LDV W/SHOP	Mining	0	None	100.0		1	99	Ineligible
68	69	165202	LP830	LP-830	JANMAR LIGHTING PLANT 6.84KW - 830	LIGHTING PLANT	LIGHTING PLANT	Mining	0	None	200.0		1	99	Ineligible
69	70	165438	LP832	LP-832		SKVA	LIGHTING PLANT	Mining	0	L/HR	600.0		1	10	Eligible
70	71	164760	MCD031	MCD031		CATERPILLAR	DOZER	Mining	0	L/HR	1446.0		1	10	Eligible
71	72	164982	MNC222	MNC222		TOYOTA	HILUX 	Mining	0	L/100KM	160.0		1	99	Ineligible
72	73	164895	MNC223	MNC223		TOYOTA	HILUX 	Mining	0	KM/L	160.0		1	99	Ineligible
73	74	164950	MNC225	MNC225		TOYOTA	HILUX 	Mining	0	KM/L	80.0		1	99	Ineligible
74	75	217311	MOG1218	MOG1218		HYSTER	FORKLIFT	Mining	0	L/HR	80.0		1	10	Eligible
75	76	178097	MOG1246	MOG1246		DEUTZ	WATER PUMP	Mining	0	L/HR	1000.0		1	10	Eligible
76	77	178105	MOG1335	MOG-1335	TOYOTA HILUX 2.5 D-4D S/C CYD416L-1335	TOYOTA	HILUX SC	Mining	0	KM/L	80.0		1	99	Ineligible
77	78	164900	MOG1381	MOG-1381		TOYOTA	HILUX 	Mining	0	L/100KM	80.0		1	99	Ineligible
78	79	165074	MOG1396	MOG-1396	TOYOTA LANDCRUISER70 4.2D/C DHV347L-1396	TOYOTA	LAND CRUISER	Mining	0	KM/L	150.0		1	99	Ineligible
79	80	165113	MOG1402	MOG-1402	TOYOTA LANDCRUISER70 4.2D/C DHV347L-1402	TOYOTA	LAND CRUISER	Mining	0	KM/L	150.0		1	99	Ineligible
80	81	164655	MOG1406	MOG-1406		TOYOTA	LAND CRUISER	Mining	0	KM/L	130.0		1	99	Ineligible
81	82	164654	MOG1411	MOG-1411	TOYOTA LANDCRUISER70 4.2D/C DHV347L-1411	TOYOTA	LAND CRUISER	Mining	0	KM/L	150.0		1	99	Ineligible
82	83	165115	MOG1446	MOG-1446	TOYOTA HILUX DC2.8 RAIDER X15 1446	TOYOTA	HILUX 	Mining	0	KM/L	80.0		1	99	Ineligible
83	84	165251	MOG1456	MOG-1456	TOYOTA HILUX DC PICK UP BJ30GWGP 1456	TOYOTA	HILUX 	Mining	0	L/100KM	80.0		1	99	Ineligible
84	85	213352	MOG1481	MOG-1481		TOYOTA	QUANTUM	Light Vehicle	0	KM/L	70.0		1	99	Ineligible
85	86	164973	MOG649	MOG-649		TOYOTA	HILUX 	Mining	0	L/100KM	80.0		1	99	Ineligible
86	87	164816	MOG673	MOG-673		TOYOTA	AVANZA	Mining	0	KM/L	80.0		1	99	Ineligible
87	88	164769	MSC041	MSC041		TOYOTA	HILUX 	Mining	0	KM/L	80.0		1	99	Ineligible
88	89	164735	PV142	PV-142	PIT VIPER DRILL RIG 351E 142	PIT VIPER	DRILL	Mining	0	L/HR	750.0		1	10	Eligible
89	90	164927	PV147	PV-147	PIT VIPER DRILL RIG 351E 147	PIT VIPER	DRILL	Mining	0	L/HR	750.0		1	10	Eligible
90	91	189878	SSR01	SSR-01		GROUNDPROBE	SLOPE STABILITY RADAR	Support/Maintenance Equip.	0	L/HR	50.0		1	10	Eligible
91	92	178193	SV115	SV-115		AUX	AUX	Mining	0	None	600.0		1	99	Ineligible
92	94	165185	TD248	TD248	KOMATSU D475 TRACK DOZER 248	KOMATSU	DOZER	Mining	0	L/HR	1670.0		1	10	Eligible
93	95	166186	WP1246	WP-1246		DEUTZ	WATER PUMP	Mining	0	L/HR	1000.0		1	10	Eligible
94	96	213363	ARC001	ARC-001		REUTECH	MSR RADAR	Support/Maintenance Equip.	0	None	50.0		1	99	Ineligible
95	97	164584	BDT001BZ	BDT-001BZ	BELAZ DUMP TRUCK BDT001	BELAZ	DUMP TRUCK	Mining	0	L/HR	5000.0		1	10	Eligible
96	98	164522	BDT003BZ	BDT-003BZ	BELAZ DUMP TRUCK BDT003	BELAZ	DUMP TRUCK	Mining	0	L/HR	5000.0		1	10	Eligible
97	99	165679	BME121	BME-121		TOYOTA	HILUX 	Mining	0	L/100KM	80.0		1	99	Ineligible
98	100	205288	BMEE91	BME-E91		IVECO	TRAKKER	Mining	0	KM/L	600.0		1	99	Ineligible
99	101	177842	CBME087	CBME-087		TOYOTA	HILUX SC	Mining	0	KM/L	80.0		1	99	Ineligible
100	102	165095	CBME640	DSV523L		TOYOTA	HILUX 	Mining	0	L/100KM	80.0		1	99	Ineligible
101	103	205290	CBME687	CBME-687		TOYOTA	HILUX 	Mining	0	KM/L	80.0		1	99	Ineligible
102	104	207624	CBME710	CBME710		TOYOTA	HILUX 	Light Vehicle	0	KM/L	80.0		1	99	Ineligible
103	105	191592	CDC004	CDC-004		BOMAG	COMPACTOR	Mining	0	L/HR	200.0		1	10	Eligible
104	106	209979	CDC006	CDC-006		RONDEBULT	RIGID DUMP TRUCK	Mining	0	L/HR	500.0		1	10	Eligible
105	107	165029	CDT047	CDT047		CATERPILLAR	OFF-HIGHWAY TRUCK	Mining	0	L/HR	1136.0		1	10	Eligible
106	108	164637	CEND002	CEND-002		IVECO	EUROCARGO 9-16T	Mining	0	KM/L	100.0		1	99	Ineligible
107	109	165171	CES004	CES-004		MILLER	BIG BLUE	Mining	0	None	95.0		1	99	Ineligible
108	110	213387	CFS006	CFS-006		MOBI-SHRED	TYRE SHREDDER	Support/Maintenance Equip.	0	None	100.0		1	99	Ineligible
109	111	165792	CHIBS010	CHIBS-010		TOYOTA	HILUX SC	Mining	0	KM/L	80.0		1	99	Ineligible
110	112	213324	CHIBS037	CHIBS037		TOYOTA	HINO	Mining	0	L/HR	250.0		1	10	Eligible
111	113	213320	CHIBS23	CHIBS-23		SCANIA	TRUCK	Mining	0	L/HR	300.0		1	10	Eligible
112	114	166163	CJC128	CJC128		JOHNSON	CRANE	Mining	0	L/HR	600.0		1	10	Eligible
113	115	164722	CJZ671L.	CJZ671L.		LOADER	Unknown	Mining	0	L/HR	800.0		1	10	Eligible
114	116	213329	CKJ016	CKJ-016		TOYOTA	HILUX 	Mining	0	KM/L	80.0		1	99	Ineligible
115	117	213375	CKJ09	CKJ-09		CATERPILLAR	WHEEL LOADER	Mining	0	L/HR	1000.0		1	10	Eligible
116	118	189829	CKJ10	CKJ-10		CATERPILLAR	WHEEL LOADER	Mining	0	L/HR	1000.0		1	10	Eligible
117	119	213345	CMA004	CMA004		MAN	TRUCK	Mining	0	KM/L	150.0		1	99	Ineligible
118	120	164798	CMAL003	CMAL-003		KOMATSU	EXCAVATOR	Mining	0	L/HR	1500.0		1	10	Eligible
119	121	213373	CMHDT05	CMHDT05		CATERPILLAR	OFF-HIGHWAY TRUCK	Mining	0	L/HR	532.0		1	10	Eligible
120	122	217307	CMTT004	CMTT-004		TOYOTA	QUANTUM	Light Vehicle	0	KM/L	70.0		1	99	Ineligible
121	123	164677	CON091	CON091		CATERPILLAR	OFF-HIGHWAY TRUCK	Mining	0	L/HR	532.0		1	10	Eligible
122	124	164494	CON092	CON092		CATERPILLAR	OFF-HIGHWAY TRUCK	Mining	0	L/HR	532.0		1	10	Eligible
123	125	164885	CON213	CON213		BOMAG	ROLLER 	Mining	0	L/HR	700.0		1	10	Eligible
124	126	205330	CON2502	CON-2502		TOYOTA	HILUX 	Light Vehicle	0	KM/L	80.0		1	99	Ineligible
125	127	178000	CON2506	DZG172L		TOYOTA	HILUX 	Mining	0	KM/L	160.0		1	99	Ineligible
126	128	164674	CON276	CON-276		MERCEDEZ-BENZ	AXOR	Mining	0	L/HR	450.0		1	10	Eligible
127	129	178010	CON548	CON-548		LIEBHERR	EXCAVATOR	Mining	0	L/HR	1585.0		1	10	Eligible
128	130	178014	CON582	CON-582		CATERPILLAR	DOZER	Mining	0	L/HR	1150.0		1	10	Eligible
129	131	164847	CON5923	CON-5923		TOYOTA	HILUX SC	Mining	0	KM/L	80.0		1	99	Ineligible
130	132	205334	CON5953	CON-5953		TOYOTA	HILUX 	Light Vehicle	0	KM/L	80.0		1	99	Ineligible
131	133	164604	CON832	CON-832		KOMATSU	DUMP TRUCK	Mining	0	L/HR	780.0		1	10	Eligible
132	134	164736	CON927	CON-927		KOMATSU	DUMP TRUCK	Mining	0	L/HR	780.0		1	10	Eligible
133	135	213306	CON933	CON-933		KOMATSU	DUMP TRUCK	Mining	0	L/HR	700.0		1	10	Eligible
134	136	164779	COT006	COT006		NISSAN	FORKLIFT	Mining	0	L/HR	150.0		1	10	Eligible
135	137	165689	CPD004	CPD004		INGERSOLL RAND	COMPRESSOR	Mining	0	None	80.0		1	99	Ineligible
136	138	164638	CRJ383L	MOG-879	TOYOTA L/CRUISER   CRJ383L -879	TOYOTA	HILUX SC	Mining	0	KM/L	80.0		1	99	Ineligible
137	139	165239	CRT375L	MOG-878	TOYOTA L/CRUISER MOOIHOE  CRJ375L -878	TOYOTA	LAND CRUISER 100	Mining	0	KM/L	180.0		1	99	Ineligible
138	140	217337	CSFK006	CSFK006		JCB	TLB	Mining	0	L/HR	271.0		1	10	Eligible
139	141	165040	CXG914L	MOG-895		TOYOTA	HILUX 	Mining	0	KM/L	80.0		1	99	Ineligible
140	142	164697	CYD392L	MOG1353		TOYOTA	HILUX 	Mining	0	KM/L	80.0		1	99	Ineligible
141	143	164652	CYD423L	MOG1341	TOYOTA HILUX 2.5 D-4D S/C CYD423L-1341	TOYOTA	HILUX 	Mining	0	KM/L	160.0		1	99	Ineligible
142	144	164986	DAS630R	DAS-630R		VOLVO	ARTICULATED DUMP TRUCK	Mining	0	L/HR	547.0		1	10	Eligible
143	145	230746	DT34	DT34	BWE CAT TRUCKS 794 DT34	CATERPILLAR	LOAD HAUL DUMPER	Mining	0	L/HR	5000.0		1	10	Eligible
144	146	205339	DT51	DT-51	KOMATSU 930E DUMP TRUCK 51	KOMATSU	DUMP TRUCK	Dump Truck	0	L/HR	4542.0		1	10	Eligible
145	147	164492	DT69	DT69	KOMATSU 930E DUMP TRUCK 69	KOMATSU	DUMP TRUCK	Mining	0	L/HR	4950.0		1	10	Eligible
146	148	164606	DT72	DT72	KOMATSU 930E DUMP TRUCK 72	KOMATSU	DUMP TRUCK	Mining	0	L/HR	4950.0		1	10	Eligible
147	149	164535	DT77	DT77	KOMATSU 930E DUMP TRUCK 77	KOMATSU	DUMP TRUCK	Mining	0	L/HR	4950.0		1	10	Eligible
148	150	164582	DT80	DT80	KOMATSU 930E DUMP TRUCK 80	KOMATSU	DUMP TRUCK	Mining	0	L/HR	4950.0		1	10	Eligible
149	151	164663	EDT0027	DT27	TEREX 3700 DUMP TRUCK 27	TEREX	REAR DUMPER	Mining	0	L/HR	3500.0		1	10	Eligible
150	152	164580	EDT0045	DT45	TEREX 4400 DUMP TRUCK 45	TEREX	REAR DUMPER	Mining	0	L/HR	4950.0		1	10	Eligible
151	153	164611	EGR0207	GR-207	CAT 16H GRADER 207	CATERPILLAR	MOTOR GRADER	Mining	0	L/HR	492.0		1	10	Eligible
152	154	164665	EWD0179	WD-179	CAT 834 WHEEL DOZER 179	CATERPILLAR	WHEEL DOZER	Mining	0	L/HR	1137.0		1	10	Eligible
153	155	189982	EX1405966P	CON-966		CATERPILLAR	EXCAVATOR	Mining	0	L/HR	620.0		1	10	Eligible
154	156	164891	EX1497	EX-1497	CAT 390D EXCAVATOR 1497	CATERPILLAR	EXCAVATOR	Mining	0	L/HR	500.0		1	10	Eligible
155	157	165318	EX222	EX-222	CAT 385 EXCAVATOR 222	CATERPILLAR	EXCAVATOR	Mining	0	L/HR	1250.0		1	10	Eligible
156	158	165663	EX225	EX-225	CAT 385 EXCAVATOR 225	CATERPILLAR	EXCAVATOR	Mining	0	L/HR	1250.0		1	10	Eligible
157	159	165910	FNB586N	MOG-614		TOYOTA	HILUX MY17	Mining	0	KM/L	80.0		1	99	Ineligible
158	160	165920	FNF865N	MOG-641		TOYOTA	HILUX SC	Mining	0	KM/L	80.0		1	99	Ineligible
159	161	175379	HIBS025	HIBS-025		SCANIA	TRUCK	Mining	0	L/HR	300.0		1	10	Eligible
160	163	164993	LP835	LP-835		YANMAR	LIGHTING PLANT	Mining	0	None	150.0		1	99	Ineligible
161	164	164589	LS121	LS-121	P&H ELECTRIAL WHEEL LOADER-LS121	LE TOURNEAU	WHEEL LOADER	Mining	0	L/HR	3975.0		1	10	Eligible
162	165	164685	MASTER_01	MASTER_01		MASTER AUTHORISER	AUTHORISER	Master Authorizer	0	L/100KM	99999.0		1	99	Ineligible
163	166	165045	MCCBULCK1	MCCBULCK1		VOLVO	ARTICULATED DUMP TRUCK	Bowser	0	L/HR	35000.0		1	10	Eligible
164	167	165701	MHT528	MHT-528		MANITOU	FORKLIFT	Mining	0	L/HR	380.0		1	10	Eligible
165	168	164507	MOG1003	MOG-1003		TOYOTA	HILUX 	Mining	0	KM/L	160.0		1	99	Ineligible
166	169	165629	MOG1022	MOG-1022		WATER PUMP	WATER PUMP	Mining	0	L/HR	1000.0		1	10	Eligible
167	170	164613	MOG1203	MOG-1203	VOLKSWAGEN AMBULANCE CLH614L - 1203	VOLKSWAGEN	CRAFTER	Mining	0	KM/L	90.0		1	99	Ineligible
168	171	178102	MOG1332	MOG-1332		TOYOTA	HILUX 	Mining	0	KM/L	80.0		1	99	Ineligible
169	172	164610	MOG1377	MOG-1377	TOYOTA L/CRUISER 79 4.2 S/C CYH930L-1377	TOYOTA	HILUX 	Mining	0	KM/L	80.0		1	99	Ineligible
170	173	165504	MOG1388	MOG1388		TOYOTA	HILUX SC	Mining	0	KM/L	80.0		1	99	Ineligible
171	174	164874	MOG1403	MOG-1403	TOYOTA LANDCRUISER70 4.2D/C DHV347L-1403	TOYOTA	LAND CRUISER	Mining	0	KM/L	150.0		1	99	Ineligible
172	175	165129	MOG1408	MOG-1408	TOYOTA LANDCRUISER70 4.2D/C DHV347L-1408	TOYOTA	LAND CRUISER	Mining	0	KM/L	150.0		1	99	Ineligible
173	176	164695	MOG1443	MOG-1443	TOYOTA HILUX DC2.8 RAIDER X15 1443	TOYOTA	HILUX 	Mining	0	KM/L	80.0		1	99	Ineligible
174	177	165079	MOG1452	MOG-1452	TOYOTA HILUX DC2.8 RAIDER X15 1452	TOYOTA	HILUX 	Mining	0	KM/L	80.0		1	99	Ineligible
175	178	164924	MOG1453	MOG-1453		TOYOTA	COROLLA P/V	Mining	0	KM/L	60.0		1	99	Ineligible
176	179	164727	MOG1458	MOG-1458	TOYOTA HILUX SC 4X4 PICK-UP DTS358L-1458	TOYOTA	HILUX 	Mining	0	KM/L	80.0		1	99	Ineligible
177	180	178143	MOG1461	GBL163L	TOYOTA HILUX DC 4X4 PICK-UP 1461	TOYOTA	LAND CRUISER	Mining	0	KM/L	130.0		1	99	Ineligible
178	181	178146	MOG1464	GSL146L	TOYOTA CRUISER DC 4.2D DWX388L-1464	TOYOTA	LAND CRUISER	Mining	0	KM/L	130.0		1	99	Ineligible
179	182	178149	MOG1467	GSN795L	TOYOTA CRUISER DC 4.2D DWX898L-1467	TOYOTA	LAND CRUISER	Mining	0	KM/L	130.0		1	99	Ineligible
180	183	189875	MOG1485	MOG-1485		TOYOTA	LAND CRUISER	Light Vehicle	0	KM/L	130.0		1	99	Ineligible
181	184	164786	MOG1511	MOG-1511	HINO 300 WELD TRUCK CHL071L-1511	TOYOTA	HINO	Mining	0	KM/L	80.0		1	99	Ineligible
182	185	164987	MOG1514	MOG1514		HINO	TIPPER	Mining	0	L/100KM	80.0		1	99	Ineligible
183	186	164955	MOG1518	MOG-1518		TOYOTA	HINO	Mining	0	KM/L	480.0		1	99	Ineligible
184	187	164965	MOG1522	MOG-1522		MERCEDEZ-BENZ	AXOR	Mining	0	L/HR	450.0		1	10	Eligible
185	188	178165	MOG1552	MOG-1552		CATERPILLAR	WHEEL LOADER	Mining	0	L/HR	65.0		1	10	Eligible
186	189	165414	MOG1568	MOG-1568		TOYOTA	HINO	Mining	0	KM/L	100.0		1	99	Ineligible
187	190	164805	MOG798	MOG-798	TOYOTA HILUX  D/C           CKS685L-0798	TOYOTA	HILUX 	Mining	0	KM/L	80.0		1	99	Ineligible
188	191	213350	MOG854	MOG-854	TOYOTA HILUX  2.5D-4D D/C   CNC824L-0854	TOYOTA	HILUX 	Light Vehicle	0	KM/L	80.0		1	99	Ineligible
189	192	164806	MOOIHOEK	MOOIHOEK		MASTER AUTHORISER	AUTHORISER	Mining	0	L/100KM	99999.0		1	99	Ineligible
190	193	213356	NCON001	NCON-001		MASTER AUTHORISER	AUTHORISER	Master Authorizer	0	None	99999.0		1	99	Ineligible
191	194	165829	PV143	PV-143		INGERSOLL RAND	PIT VIPER DRILL	Mining	0	L/HR	1500.0		1	10	Eligible
192	195	164884	PV146	PV-146	PIT VIPER DRILL RIG 351E 146	PIT VIPER	DRILL	Mining	0	L/HR	750.0		1	10	Eligible
193	196	165685	ST263	ST-263	CAT 740B SERVICE TRUCK 263	CATERPILLAR	ARTICULATED DUMP TRUCK	Mining	0	L/HR	750.0		1	10	Eligible
194	197	217292	TD1661	TD-1661		KOMATSU	DOZER	Mining	0	L/HR	1200.0		1	10	Eligible
195	198	164844	TD246	TD246	KOMATSU D475 TRACK DOZER 246	KOMATSU	DOZER	Mining	0	L/HR	1670.0		1	10	Eligible
196	200	165173	VT40012	VT4-0012		LIGHTING PLANT	LIGHTING PLANT	Mining	0	None	200.0		1	99	Ineligible
197	201	164618	WD185	WD-185	CAT 834H TYRE DOZER 185	CATERPILLAR	WHEEL DOZER	Mining	0	L/HR	1137.0		1	10	Eligible
198	202	165815	WP1001	WP1001		WATER PUMP	WATER PUMP	Mining	0	L/HR	1000.0		1	10	Eligible
199	203	165026	WT325	WT-325		CATERPILLAR	OFF-HIGHWAY TRUCK	Mining	0	L/HR	1136.0		1	10	Eligible
200	204	164828	WT335	WT-335	KOMATSU HD 785-7 WATER TRUCK 335	CATERPILLAR	WATER BOWSER	Mining	0	L/HR	1200.0		1	10	Eligible
201	205	165038	A124.	A124.		VOLVO	ARTICULATED DUMP TRUCK	Mining	0	L/HR	547.0		1	10	Eligible
202	206	213344	CBEJ003	CBEJ003		TOYOTA	HILUX 	Light Vehicle	0	KM/L	80.0		1	99	Ineligible
203	207	205292	CBEJ005	CBEJ-005		TOYOTA	QUANTUM	Mining	0	KM/L	70.0		1	99	Ineligible
204	208	164696	CBME120	CBME-120		TOYOTA	HILUX 	Mining	0	KM/L	450.0		1	99	Ineligible
205	209	209976	CBME709	CBME709		TOYOTA	HILUX 	Light Vehicle	0	KM/L	80.0		1	99	Ineligible
206	210	164556	CDA641R	CDA-641R		VOLVO	ARTICULATED DUMP TRUCK	Mining	0	L/HR	547.0		1	10	Eligible
207	211	164508	CDT92	CDT92		CATERPILLAR	OFF-HIGHWAY TRUCK	Mining	0	L/HR	532.0		1	10	Eligible
208	212	177900	CFA014	CFA-014		BULK TANK	BULK TANK	Mining	0	None	1000.0		1	99	Ineligible
209	213	164797	CHBS013	CHBS-013		SCANIA	P / R / G SERIES 2002 - ON	Mining	0	L/HR	300.0		1	10	Eligible
210	214	213322	CHBS031	CHBS-031		MAN	WATER TRUCK	Mining	0	L/HR	300.0		1	10	Eligible
211	215	164693	CHIBS11	CHIBS-11		SCANIA	P / R / G SERIES 2002 - ON	Mining	0	L/HR	300.0		1	10	Eligible
212	216	164515	CHP028	CHP-028		SANDVIK	DRILL RIG	Mining	0	L/HR	1000.0		1	10	Eligible
213	217	164516	CHP029	CHP-029		SANDVIK	DRILL RIG	Mining	0	L/HR	1000.0		1	10	Eligible
214	218	164524	CHP037	CHP-037		SANDVIK	DRILL RIG	Mining	0	L/HR	800.0		1	10	Eligible
215	219	164553	CHPBULK	CHP-BULK		Diesel Bowser	DIESEL BOWSER	Bowser	0	L/HR	3255.0		1	10	Eligible
216	220	164800	CKF505L	CKF505L	TOYOTA QUANTUM 14 SEATER CKF505L-786	TOYOTA	HILUX 	Mining	0	KM/L	80.0		1	99	Ineligible
217	221	217310	CKJ007	CKJ-007		CATERPILLAR	OFF-HIGHWAY TRUCK	Mining	0	L/HR	532.0		1	10	Eligible
218	222	213330	CKJ019	CKJ019		TOYOTA	HILUX 	Mining	0	KM/L	80.0		1	99	Ineligible
219	223	164881	CKS693L	MOG-793	TOYOTA HILUX  2.5D-4D S/C   CKS693L-0793	TOYOTA	HILUX SC	Mining	0	KM/L	80.0		1	99	Ineligible
220	224	213338	CMH029	CMH-029		TOYOTA	HILUX 	Light Vehicle	0	KM/L	80.0		1	99	Ineligible
221	225	180670	CMND001	CMND-001		SAMIL               	DIESEL BOWSER	Mining	0	KM/L	400.0		1	99	Ineligible
222	226	217306	CMTT001	CMTT-001		TOYOTA	QUANTUM	Light Vehicle	0	KM/L	70.0		1	99	Ineligible
223	227	164562	CNG729L	MOG-858	TOYOTA HILUX  2.5D-4D D/C   CNG729L-0858	TOYOTA	HILUX SC	Mining	0	KM/L	80.0		1	99	Ineligible
224	228	164764	CNJ758L.	CNJ758L.		TOYOTA	HILUX 	Mining	0	KM/L	80.0		1	99	Ineligible
225	229	164791	CNJ768L	MOG-863	TOYOTA HILUX  2.5D-4D D/C   CNJ768L-0863	TOYOTA	HILUX SC	Mining	0	KM/L	80.0		1	99	Ineligible
226	230	164886	COMP01	COMP-01		LINCOLN	COMPRESSOR	Mining	0	L/HR	250.0		1	10	Eligible
227	231	205293	CON107	CON-107		LIEBHERR	EXCAVATOR	Mining	0	L/HR	700.0		1	10	Eligible
228	232	166007	CON153	CON153		KOMATSU	DUMP TRUCK	Mining	0	L/HR	1050.0		1	10	Eligible
229	233	164603	CON230	CON-230		CATERPILLAR	EXCAVATOR	Mining	0	L/HR	500.0		1	10	Eligible
230	234	164620	CON2508	DZH208L		TOYOTA	HILUX 	Mining	0	KM/L	160.0		1	99	Ineligible
231	235	205331	CON2509	CON-2509		TOYOTA	HILUX 	Light Vehicle	0	KM/L	80.0		1	99	Ineligible
232	236	165260	CON302	CON302		KOMATSU	DUMP TRUCK	Mining	0	L/HR	1050.0		1	10	Eligible
233	237	165470	CON357	CON-357		CATERPILLAR	DOZER	Mining	0	L/HR	625.0		1	10	Eligible
234	238	213312	CON506D	CON506-D		Diesel Bowser	OWN TANK	Mining	0	KM/L	100.0		1	99	Ineligible
235	240	165152	CON527	CON527		KOMATSU	DUMP TRUCK	Mining	0	L/HR	1050.0		1	10	Eligible
236	241	178013	CON581	CON-581		CATERPILLAR	DOZER	Mining	0	L/HR	1150.0		1	10	Eligible
237	242	164687	CON678	CON678		LIEBHERR	EXCAVATOR	Mining	0	L/HR	1585.0		1	10	Eligible
238	243	164569	CON853	CON-853		CATERPILLAR	EXCAVATOR	Mining	0	KM/L	800.0		1	99	Ineligible
239	244	164574	CON951	CON-951		KOMATSU	DUMP TRUCK	Mining	0	L/HR	1050.0		1	10	Eligible
240	245	205325	CON959	CON-959		KOMATSU	DUMP TRUCK	Mining	0	L/HR	1000.0		1	10	Eligible
241	246	205329	CON981	CON-981		LIEBHERR	DUMP TRUCK	Mining	0	L/HR	1080.0		1	10	Eligible
242	247	164602	CPD013S	CPD013S		MERCEDEZ-BENZ	ACTROS	Mining	0	KM/L	500.0		1	99	Ineligible
243	248	165681	CPN882L	CPN882L		VOLKSWAGEN	CRAFTER	Mining	0	KM/L	80.0		1	99	Ineligible
244	249	164710	CPV808L	MOG-869	TOYOTA HILUX  2.5D-4D D/C   CPV808L-0869	TOYOTA	HILUX SC	Mining	0	KM/L	80.0		1	99	Ineligible
245	250	164566	CPW857L	MOG-871	TOYOTA HILUX  2.5D-4D D/C   CPW857L-0871	TOYOTA	HILUX SC	Mining	0	KM/L	80.0		1	99	Ineligible
246	251	164796	CR172	CR-172		LIEBHERR	CRANE	Mining	0	L/HR	1500.0		1	10	Eligible
247	252	178039	CRAM002	CRAM-002		HINO	300 SERIES TRUCK	Light Vehicle	0	KM/L	100.0		1	99	Ineligible
248	253	164827	CRD002	CRD002		VOLVO	FH TRUCK	Mining	0	L/HR	380.0		1	10	Eligible
249	254	164731	CXS922L	MOG-891	TOYOTA HILUX  2.5D-4D D/C   -0891	TOYOTA	HILUX SC	Mining	0	KM/L	80.0		1	99	Ineligible
250	255	164898	CYD368L	CYD368L		TOYOTA	HILUX 	Mining	0	KM/L	80.0		1	99	Ineligible
251	256	164678	CYD381L	MOG1355	TOYOTA HILUX 2.5 D-4D D/C CYD381L-1355	TOYOTA	HILUX 	Mining	0	KM/L	80.0		1	99	Ineligible
252	257	164942	CYH930L	MOG1377		TOYOTA	LAND CRUISER 100	Mining	0	KM/L	180.0		1	99	Ineligible
253	258	164694	CYY785L.	CYY785L.		TOYOTA	HILUX 	Mining	0	KM/L	80.0		1	99	Ineligible
254	259	164585	DB269	DB-269	CAT 740B DIESEL BOWSER 269	Diesel Bowser	OWN TANK	Bowser	0	KM/L	560.0		1	99	Ineligible
255	260	164628	DSW543L	MOG-796	TOYOTA HILUX  2.5D-4D D/C   CKS676L-0796	TOYOTA	HILUX SC	Mining	0	KM/L	80.0		1	99	Ineligible
256	261	165258	DT033	DT-033		CATERPILLAR	OFF-HIGHWAY TRUCK	Mining	0	L/HR	1200.0		1	10	Eligible
257	262	164586	DT46	DT46	TEREX 4400 DUMP TRUCK 46	TEREX	REAR DUMPER	Mining	0	L/HR	4950.0		1	10	Eligible
258	263	175376	DT49	DT49	KOMATSU 930E DUMP TRUCK 49	KOMATSU	DUMP TRUCK	Mining	0	L/HR	4950.0		1	10	Eligible
259	264	164573	DT61	DT61	KOMATSU 930E DUMP TRUCK 61	KOMATSU	DUMP TRUCK	Mining	0	L/HR	4950.0		1	10	Eligible
260	265	164503	DT74	DT74	KOMATSU 930E DUMP TRUCK 74	KOMATSU	DUMP TRUCK	Mining	0	L/HR	4950.0		1	10	Eligible
261	266	205341	DT86	DT-86	KOMATSU HD785-7 DUMP TRUCK NO 86	KOMATSU	DUMP TRUCK	Dump Truck	0	L/HR	4951.0		1	10	Eligible
262	267	164835	DT95	DT95	CAT 777F DUMP TRUCK 95	CATERPILLAR	OFF-HIGHWAY TRUCK	Mining	0	L/HR	532.0		1	10	Eligible
263	268	164498	EDT0040	DT40	TEREX 4400 DUMP TRUCK 40	TEREX	REAR DUMPER	Mining	0	L/HR	4950.0		1	10	Eligible
264	269	164664	EGR0203	GR-203	CAT 16H GRADER 203 - MARC	CATERPILLAR	MOTOR GRADER	Mining	0	L/HR	492.0		1	10	Eligible
265	270	164902	FAT005	FAT-005		TOYOTA	HILUX SC	Mining	0	KM/L	70.0		1	99	Ineligible
266	271	217294	FEL616	FEL-616	CAT 908K STEMMING LOADER 616 - MARC	CATERPILLAR	WHEEL LOADER	Mining	0	L/HR	80.0		1	10	Eligible
267	272	165054	FL1214	FL-1214	NISSAN 2.5 FORKLIFT 1214 (STORES)	NISSAN	FORKLIFT	Mining	0	L/HR	150.0		1	10	Eligible
268	273	164781	FS106	FS-106	RH 200 EXCAVATOR FACE SHOVEL 106	TEREX	FACE SHOVEL	Mining	0	L/HR	1200.0		1	10	Eligible
269	274	164840	FS107	FS-107	RH 340 EXCAVATOR FACE SHOVEL 107	O&K	FACE SHOVEL	Mining	0	L/HR	1200.0		1	10	Eligible
270	275	165352	GEN507	GEN-50-7		GENERATOR	GENERATOR	Mining	0	None	100.0		1	99	Ineligible
271	276	164821	GN1540	GN-1540		GENERATOR	GENERATOR	Mining	0	None	100.0		1	99	Ineligible
272	278	164588	GR210	GR-210	CAT 16M GRADER 210	CATERPILLAR	MOTOR GRADER	Mining	0	L/HR	492.0		1	10	Eligible
273	279	164928	HB571	HB-571		HIAB	TIPPER TRUCK	Mining	0	L/HR	400.0		1	10	Eligible
274	280	164542	HBBULK10	HBBULK10		BULK DIESEL TANK	BULK TANK	Bowser	0	None	35000.0		1	99	Ineligible
275	281	164669	LBR1499	LBR-1499		JOHNSON	CRANE	Mining	0	L/HR	600.0		1	10	Eligible
276	282	164897	LP837	LP-837		YANMAR	LIGHTING PLANT	Mining	0	None	150.0		1	99	Ineligible
277	283	165686	LP838	LP-838		YANMAR	LIGHTING PLANT	Mining	0	None	150.0		1	99	Ineligible
278	284	178089	LP842	LP-842	GENIE LIGHTING PLANT 842	LIGHTING PLANT	LIGHTING PLANT	Mining	0	None	200.0		1	99	Ineligible
279	285	164968	MASTER_60	MASTER_60		MASTER AUTHORISER	AUTHORISER	Master Authorizer	0	L/100KM	99999.0		1	99	Ineligible
280	286	165031	MCC103	MCC-103		CATERPILLAR	OFF-HIGHWAY TRUCK	Mining	0	L/HR	1136.0		1	10	Eligible
281	287	213366	MMTL05	MMT-L05		SEM	FRONT END LOADER	Mining	0	L/HR	800.0		1	10	Eligible
282	288	164725	MOG1349	CYD401L	TOYOTA HILUX 2.5 D-4D S/C CYD401L-1349	TOYOTA	HILUX SC	Mining	0	KM/L	80.0		1	99	Ineligible
283	289	164729	MOG1356	MOG-1356	TOYOTA HILUX 2.5 D-4D D/C CYD382L-1356	TOYOTA	HILUX 	Mining	0	KM/L	80.0		1	99	Ineligible
284	290	164877	MOG1357	MOG1357		TOYOTA	HILUX 	Mining	0	KM/L	80.0		1	99	Ineligible
285	291	165896	MOG1369	MOG-1369	TOYOTA QUANTUM  D-4D 14SBUS-CYD373L-1369	TOYOTA	HILUX 	Mining	0	L/100KM	80.0		1	99	Ineligible
286	292	178121	MOG1370	MOG-1370	TOYOTA QUANTUM 14 SEATER CYD374L - 1370	TOYOTA	QUANTUM	Mining	0	KM/L	70.0		1	99	Ineligible
287	293	164807	MOG1391	MOG-1391	TOYOTA LANDCRUISER70 4.2D/C DHV347L-1391	TOYOTA	LAND CRUISER	Mining	0	KM/L	150.0		1	99	Ineligible
288	294	164699	MOG1399	MOG-1399	TOYOTA LANDCRUISER70 4.2D/C DHV347L-1399	TOYOTA	LAND CRUISER	Mining	0	KM/L	150.0		1	99	Ineligible
289	295	164838	MOG1422	MOG-1422		TOYOTA	RAV4	Mining	0	KM/L	75.0		1	99	Ineligible
290	296	165143	MOG1426	MOG-1426	TOYOTA HILUX 1426	TOYOTA	HILUX 	Mining	0	KM/L	80.0		1	99	Ineligible
291	297	164852	MOG1449	MOG-1449		TOYOTA	HILUX 	Mining	0	KM/L	80.0		1	99	Ineligible
292	298	178147	MOG1465	MOG-1465	TOYOTA CRUISER DC 4.2D DWX368L-1465	TOYOTA	LAND CRUISER	Mining	0	KM/L	130.0		1	99	Ineligible
293	299	178163	MOG1486	MOG-1486		TOYOTA	LAND CRUISER	Mining	0	KM/L	130.0		1	99	Ineligible
294	300	189876	MOG1487	MOG-1487		TOYOTA	LAND CRUISER	Light Vehicle	0	KM/L	130.0		1	99	Ineligible
295	301	189886	MOG1705	MOG-1705		TOYOTA	HILUX 	Light Vehicle	0	KM/L	80.0		1	99	Ineligible
296	302	166173	MOG529	MOG-529		MERCEDEZ-BENZ	TRUCK	Mining	0	KM/L	550.0		1	99	Ineligible
297	303	178174	MOG578	MOG-578		TOYOTA	HILUX SC	Mining	0	KM/L	80.0		1	99	Ineligible
298	304	164552	MOG615	MOG-615		TOYOTA	HILUX SC	Mining	0	KM/L	80.0		1	99	Ineligible
299	305	165108	MOG643	MOG-643	TOYOTA HILUX KZTE D/C     FDR126N -S643	TOYOTA	HILUX 	Mining	0	L/100KM	80.0		1	99	Ineligible
300	306	165221	MOG774	MOG-774	TOYOTA QUANTUM 14 SEATER BSP743L - AD774	TOYOTA	QUANTUM	Mining	0	KM/L	70.0		1	99	Ineligible
301	307	165004	SCC1	SCC-1		ATLAS COPCO	COMPRESSOR	Mining	0	None	100.0		1	99	Ineligible
302	308	164495	ST250	ST-250	CAT 740B SERVICE TRUCK 250	TRUCK	SERVICE TRUCK	Mining	0	L/HR	560.0		1	10	Eligible
303	309	164686	TD237	TD-237	CAT D10T TRACK DOZER 237	CATERPILLAR	DOZER	Mining	0	L/HR	2120.0		1	10	Eligible
304	310	164660	WD030	WD030		CATERPILLAR	WHEEL LOADER	Mining	0	L/HR	793.0		1	10	Eligible
305	311	164825	WEL382	WEL-382		LINCOLN	WELDER	Mining	0	L/HR	70.0		1	10	Eligible
306	312	165223	WP1027	WP1027		WATER PUMP	WATER PUMP	Mining	0	L/HR	1000.0		1	10	Eligible
307	313	164612	WT326	WT-326	CAT 777F WATERCART 326	CATERPILLAR	OFF-HIGHWAY TRUCK	Mining	0	L/HR	532.0		1	10	Eligible
308	314	166141	ZBV901GP	GAFS2		Unknown	 	Mining	0	None	99999.0		1	99	Ineligible
309	315	165385	561	561		GENIE	BOOM LIFT	Mining	0	L/HR	500.0		1	10	Eligible
310	316	165711	562	562		ATLAS COPCO	GENERATOR	Mining	0	L/HR	500.0		1	10	Eligible
311	317	164923	BHT924L	MOG-616	TOYOTA LANDCRUISER  4.2D BNT924L - SU616	MAHINDRA	SCORPIO	Mining	0	KM/L	80.0		1	99	Ineligible
312	318	164908	BNW483L	BNW483L	TOYOTA QUANTUM 14 SEATER BNW483L - T779	TOYOTA	QUANTUM	Mining	0	KM/L	70.0		1	99	Ineligible
313	319	164854	CAE058	CAE-058		MAN	TRUCK	Mining	0	KM/L	450.0		1	99	Ineligible
314	320	177819	CAW004	CAW-004		TOYOTA	HILUX SC	Mining	0	KM/L	80.0		1	99	Ineligible
315	321	213336	CAZ073	CAZ-073		CONTAINER HANDLER	FORKLIFT	Mining	0	L/HR	150.0		1	10	Eligible
316	322	164717	CAZ101	CAZ-101		EAZI ACCESS	CHERRY PICKER	Mining	0	L/HR	300.0		1	10	Eligible
317	323	177834	CBD035	CBD-035		TOYOTA	HILUX SC	Mining	0	KM/L	80.0		1	99	Ineligible
318	324	217334	CBEJ004	CBEJ004		TOYOTA	HILUX 	Light Vehicle	0	KM/L	80.0		1	99	Ineligible
319	325	189854	CBME175	CBME-175		IVECO	TRAKKER	Mining	0	KM/L	690.0		1	99	Ineligible
320	326	177847	CBME598	CBME-598		TOYOTA	HILUX SC	Mining	0	KM/L	80.0		1	99	Ineligible
321	327	164689	CBME638	DSV529L		TOYOTA	HILUX 	Mining	0	KM/L	80.0		1	99	Ineligible
322	328	209954	CDC003	CDC-003		NISSAN	UD	Mining	0	L/HR	500.0		1	10	Eligible
323	329	209977	CDC005	CDC-005		RONDEBULT	RIGID DUMP TRUCK	Mining	0	L/HR	500.0		1	10	Eligible
324	330	213325	CHIBS036	CHIBS036		SCANIA	TRUCK	Mining	0	L/HR	400.0		1	10	Eligible
325	331	164795	CHIBS08	CHIBS-08		KOMATSU	EXCAVATOR	Mining	0	L/HR	500.0		1	10	Eligible
326	332	213305	CHIBS10	CHIBS-10		Diesel Bowser	DIESEL BOWSER	Bowser	0	KM/L	300.0		1	99	Ineligible
327	333	213319	CHIBS15	CHIBS-15		SCANIA	TRUCK	Mining	0	L/HR	300.0		1	10	Eligible
328	334	164647	CHIBS16	CHIBS-16		SCANIA	P / R / G SERIES 2002 - ON	Mining	0	KM/L	420.0		1	99	Ineligible
329	335	164932	CHP204	CHP-204		TOYOTA	HILUX SC	Mining	0	KM/L	80.0		1	99	Ineligible
330	336	177939	CJAQ003	CJAQ-003		ISUZU	DROPSIDE	Mining	0	KM/L	1000.0		1	99	Ineligible
331	337	189885	CKJ06	CKJ-06		CATERPILLAR	OFF-HIGHWAY TRUCK	Mining	0	L/HR	532.0		1	10	Eligible
332	338	164784	CKZ401L	MOG-799	TOYOTA LAND CRUISER 70 PU   CKZ401L-0799	TOYOTA	LAND CRUISER 100	Mining	0	KM/L	180.0		1	99	Ineligible
333	339	164704	CMH007	CMH007		IVECO	EUROCARGO	Mining	0	KM/L	300.0		1	99	Ineligible
334	340	164842	CMH009	CMH-009		TOYOTA	QUANTUM	Mining	0	KM/L	80.0		1	99	Ineligible
335	341	213374	CMHDT04	CMHDT04		CATERPILLAR	OFF-HIGHWAY TRUCK	Mining	0	L/HR	532.0		1	10	Eligible
336	342	199516	CMND004	CMND-004		IVECO	TRAKKER	Mining	0	KM/L	300.0		1	99	Ineligible
337	343	213341	CMNDBK	CMND-BK		Diesel Bowser	DIESEL BOWSER	Bowser	0	None	4000.0		1	99	Ineligible
338	344	164615	CMON002	CMON002		RONDEBULT	FRONT END LOADER	Mining	0	L/HR	400.0		1	10	Eligible
339	345	164971	CNL349L	MOG-864		TOYOTA	HILUX 	Mining	0	KM/L	80.0		1	99	Ineligible
340	346	213294	CON05089	CON05089		CATERPILLAR	EXCAVATOR	Mining	0	L/HR	700.0		1	10	Eligible
341	347	164549	CON090	CON090		CATERPILLAR	OFF-HIGHWAY TRUCK	Mining	0	L/HR	532.0		1	10	Eligible
342	348	166116	CON137	CON-137		TOYOTA	HILUX SC	Bowser	0	KM/L	80.0		1	99	Ineligible
343	349	164649	CON2505	DZH653L		TOYOTA	HILUX 	Mining	0	KM/L	160.0		1	99	Ineligible
344	350	164661	CON2507	CON-2507		TOYOTA	HILUX 	Mining	0	KM/L	160.0		1	99	Ineligible
345	351	164951	CON300	CON300		KOMATSU	DUMP TRUCK	Mining	0	L/HR	1050.0		1	10	Eligible
346	352	165052	CON500	CON-500		VOLVO	ARTICULATED DUMP TRUCK	Mining	0	KM/L	480.0		1	99	Ineligible
347	353	236906	CON5040	CON5040		CATERPILLAR	EXCAVATOR	Excavator	0	L/HR	620.0		1	10	Eligible
348	354	213313	CON5089	CON-5089		LIEBHERR	EXCAVATOR	Mining	0	L/HR	1585.0		1	10	Eligible
349	355	164598	CON509	CON-509		VOLVO	ARTICULATED DUMP TRUCK	Mining	0	L/HR	480.0		1	10	Eligible
350	356	165019	CON519	CON-519		CATERPILLAR	OFF-HIGHWAY TRUCK	Mining	0	L/HR	1140.0		1	10	Eligible
351	357	205322	CON531	CON-531		CATERPILLAR	MOTOR GRADER	Mining	0	L/HR	492.0		1	10	Eligible
352	358	164818	CON720	CON720		CATERPILLAR	MOTOR GRADER	Mining	0	L/HR	800.0		1	10	Eligible
353	359	164692	CON930	CON-930		KOMATSU	DUMP TRUCK	Mining	0	L/HR	780.0		1	10	Eligible
354	360	165787	CON949	CON-949		KOMATSU	DUMP TRUCK	Mining	0	L/HR	1050.0		1	10	Eligible
355	361	213301	CON957	CON-957		CATERPILLAR	WHEEL LOADER	Mining	0	L/HR	270.0		1	10	Eligible
356	362	205324	CON958	CON-958		KOMATSU	DUMP TRUCK	Mining	0	L/HR	1000.0		1	10	Eligible
357	363	165607	CP522	CP-522		ATLAS COPCO	COMPRESSOR	Mining	0	None	100.0		1	99	Ineligible
358	364	164706	CPG609L	MOG-867	TOYOTA L/CRUISER   CPG609L -0867	TOYOTA	HILUX SC	Mining	0	KM/L	80.0		1	99	Ineligible
359	365	164787	CPIS007	CPIS-007		LINCOLN	WELDER	Mining	0	L/HR	120.0		1	10	Eligible
360	366	164504	CPW842L	MOG-874	TOYOTA HILUX  2.5D-4D D/C   CPW842L-0874	TOYOTA	HILUX SC	Mining	0	KM/L	80.0		1	99	Ineligible
361	367	164691	CR534	CR534		LIEBHERR	CRANE	Mining	0	L/HR	800.0		1	10	Eligible
362	368	164858	CSR167L	MOG-883	TOYOTA HILUX  2.5D-4D D/C   L-0883	TOYOTA	HILUX SC	Mining	0	KM/L	80.0		1	99	Ineligible
363	369	165962	CTR936L	MOG766		TOYOTA	HILUX MY17	Mining	0	KM/L	80.0		1	99	Ineligible
364	370	164625	CXG931L	MOG-896	TOYOTA HILUX  2.5D-4D D/C   -0896	TOYOTA	HILUX SC	Mining	0	KM/L	80.0		1	99	Ineligible
365	371	164851	CYD403L	MOG1334	TOYOTA HILUX 2.5 D-4D S/C CYD403L-1334	TOYOTA	HILUX 	Mining	0	KM/L	80.0		1	99	Ineligible
366	372	164901	CYH925L	MOG1382	TOYOTA HILUX 2.5 D-4D D/C CYH925L-1382	TOYOTA	HILUX 	Mining	0	KM/L	80.0		1	99	Ineligible
367	373	213377	DB338	DB-338	DIESEL TRUCK 338	Diesel Bowser	OWN TANK	Mining	0	KM/L	500.0		1	99	Ineligible
368	374	165831	DR287	DR-287	PIT VIPER DRILL RIG 235D 287	ATLAS COPCO	DRILL RIG	Mining	0	L/HR	5100.0		1	10	Eligible
369	375	178076	DR289	DR-289	PANTERA DP1500i DRILL RIG 289	SANDVIK	DRILL RIG	Mining	0	L/HR	680.0		1	10	Eligible
370	376	230749	DT33	DT33	BWE CAT TRUCKS 794 DT33	CATERPILLAR	LOAD HAUL DUMPER	Mining	0	L/HR	5000.0		1	10	Eligible
371	377	164617	DT59	DT-59	KOMATSU 930E DUMP TRUCK 59	KOMATSU	DUMP TRUCK	Mining	0	L/HR	4950.0		1	10	Eligible
372	378	164514	DT68	DT68	KOMATSU 930E DUMP TRUCK 68	KOMATSU	DUMP TRUCK	Mining	0	L/HR	4950.0		1	10	Eligible
373	379	164517	DT71	DT71	KOMATSU 930E DUMP TRUCK 71	KOMATSU	DUMP TRUCK	Mining	0	L/HR	4950.0		1	10	Eligible
374	380	164643	DT90	DT90	CAT 770 DUMP TRUCK 90	CATERPILLAR	OFF-HIGHWAY TRUCK	Mining	0	L/HR	532.0		1	10	Eligible
375	381	165141	EAX0817	LP-817		LIGHTING PLANT	LIGHTING PLANT	Mining	0	None	200.0		1	99	Ineligible
376	382	165166	EDT0029	DT-29		TEREX	REAR DUMPER	Mining	0	L/HR	3500.0		1	10	Eligible
377	383	164600	EDT0039	DT39	TEREX 4400 DUMP TRUCK 39	TEREX	REAR DUMPER	Mining	0	L/HR	4950.0		1	10	Eligible
378	384	164938	ELB0330	LB-330		CATERPILLAR	OFF-HIGHWAY TRUCK	Mining	0	L/HR	700.0		1	10	Eligible
379	385	164690	FS110	FS-110	RH 340 EXCAVATOR FACE SHOVEL 110	O&K	FACE SHOVEL	Mining	0	L/HR	1200.0		1	10	Eligible
380	386	164894	FS120	FS120		O&K	FACE SHOVEL	Mining	0	L/HR	1200.0		1	10	Eligible
381	387	164794	FSH843MP	BM-091		IVECO	TRAKKER	Mining	0	KM/L	450.0		1	99	Ineligible
382	388	164723	GN549	GN-549		GENERATOR	GENERATOR	Mining	0	None	100.0		1	99	Ineligible
383	389	164837	HAIB1520	HAIB-1520		HIAB	TIPPER TRUCK	Mining	0	L/HR	400.0		1	10	Eligible
384	390	165373	HZB714NW	HZB714NW		LAND ROVER	DEFENDER	Mining	0	KM/L	130.0		1	99	Ineligible
385	391	213365	LMMSG03	LMMSG-03		CATERPILLAR	DOZER	Mining	0	None	889.0		1	99	Ineligible
386	392	164845	LP822	LP-822	GENIE LIGHTING PLANT 822	LIGHTING PLANT	LIGHTING PLANT	Mining	0	None	200.0		1	99	Ineligible
387	393	178090	LP843	LP-843	GENIE LIGHTING PLANT 843	LIGHTING PLANT	LIGHTING PLANT	Mining	0	None	200.0		1	99	Ineligible
388	394	189828	LP845	LP-845		YANMAR	LIGHTING PLANT	Support/Maintenance Equip.	0	None	100.0		1	99	Ineligible
389	395	164667	MCC104	MCC104		CATERPILLAR	OFF-HIGHWAY TRUCK	Mining	0	L/HR	532.0		1	10	Eligible
390	396	164491	MCC12	MCC12		CATERPILLAR	OFF-HIGHWAY TRUCK	Mining	0	L/HR	532.0		1	10	Eligible
391	397	213367	MMTL08	MMT-L08		SEM	FRONT END LOADER	Mining	0	L/HR	800.0		1	10	Eligible
392	398	164997	MNC684	MNC684		TOYOTA	HILUX 	Mining	0	KM/L	80.0		1	99	Ineligible
393	399	164970	MNC701	MNC701		TOYOTA	HILUX 	Mining	0	KM/L	80.0		1	99	Ineligible
394	400	164860	MNH002	MNH002		TOYOTA	HILUX SC	Mining	0	KM/L	80.0		1	99	Ineligible
395	401	164920	MOG1210	MOG-1210		GENERATOR	GENERATOR	Mining	0	None	100.0		1	99	Ineligible
396	402	178094	MOG1213	MOG-1213		NISSAN	NP300 HARDBODY	Mining	0	KM/L	85.0		1	99	Ineligible
397	403	178100	MOG1329	MOG-1329		TOYOTA	HILUX SC	Mining	0	KM/L	80.0		1	99	Ineligible
398	404	164561	MOG1348	MOG-1348	TOYOTA HILUX 2.5 D-4D S/C CYD397L-1348	TOYOTA	HILUX SC	Mining	0	KM/L	80.0		1	99	Ineligible
399	405	164718	MOG1384	MOG-1384	FORD RANGER T6 3.2TDCI XLT  CYV772L-1384	TOYOTA	HILUX SC	Mining	0	KM/L	80.0		1	99	Ineligible
400	406	165159	MOG1398	MOG-1398	TOYOTA LANDCRUISER70 4.2D/C DHV347L-1398	TOYOTA	LAND CRUISER	Mining	0	KM/L	150.0		1	99	Ineligible
401	407	165122	MOG1448	MOG-1448	TOYOTA HILUX DC2.8 RAIDER X15 1448	TOYOTA	HILUX 	Mining	0	L/100KM	80.0		1	99	Ineligible
402	408	178154	MOG1472	GVN772L	TOYOTA LANDCRUISER 4.2D TROOPER 1472	TOYOTA	LAND CRUISER	Mining	0	KM/L	130.0		1	99	Ineligible
403	409	178162	MOG1483	MOG1483	TOYOTA QUANTUM BUS 1483 FGP435L	TOYOTA	HILUX SC	Mining	0	KM/L	80.0		1	99	Ineligible
404	410	178171	MOG567	MOG-567	MERCEDES HI-AB TRUCK 3331 567 - MAGNAVOL	MERCEDEZ-BENZ	ACTROS	Mining	0	L/HR	500.0		1	10	Eligible
405	411	165155	MOG619	MOG-619	TOYOTA SRX D/C 4X4 FNB583N - E619	MAHINDRA	SCORPIO	Mining	0	KM/L	80.0		1	99	Ineligible
406	412	164623	MOG898	MOG-898	TOYOTA HILUX  2.5D-4D D/C   -0898	TOYOTA	HILUX 	Mining	0	KM/L	80.0		1	99	Ineligible
407	413	165214	MOT334	MOT-334	MOTIVATOR TRUCK 334	KOMATSU	EXCAVATOR	Mining	0	L/HR	3500.0		1	10	Eligible
408	414	164633	MSSBR01	MSS-BR01		HYSTER	FORKLIFT	Mining	0	L/HR	200.0		1	10	Eligible
409	415	164953	PV141	PV-141		INGERSOLL RAND	PIT VIPER DRILL	Mining	0	L/HR	1500.0		1	10	Eligible
410	416	164537	TD240	TD-240	CAT D10T TRACK DOZER 240	CATERPILLAR	DOZER	Mining	0	L/HR	2120.0		1	10	Eligible
411	417	164870	TD245	TD-245	CAT D9R TRACK DOZER 245	CATERPILLAR	DOZER	Mining	0	L/HR	2120.0		1	10	Eligible
412	418	217303	TD249	TD-249		CATERPILLAR	DOZER	Mining	0	L/HR	889.0		1	10	Eligible
413	419	165674	WD186	WD186	CAT 834H TYRE DOZER 186	CATERPILLAR	WHEEL DOZER	Mining	0	L/HR	1137.0		1	10	Eligible
414	421	165646	WD192	WD192		KOMATSU	DOZER	Mining	0	L/HR	718.0		1	10	Eligible
415	422	165818	WP1003	WP-1003		WATER PUMP	WATER PUMP	Mining	0	L/HR	1000.0		1	10	Eligible
416	423	165211	WP1244	WP1244		WATER PUMP	WATER PUMP	Mining	0	L/HR	1000.0		1	10	Eligible
417	424	164888	WP1249	WP1249		DEUTZ	WATER PUMP	Mining	0	L/HR	1000.0		1	10	Eligible
418	425	164979	270INLET	270INLET		CATERPILLAR	ARTICULATED DUMP TRUCK	Mining	0	L/HR	560.0		1	10	Eligible
419	426	165132	BC17HGGP	CAE-015		TOYOTA	HILUX 	Mining	0	KM/L	80.0		1	99	Ineligible
420	427	164905	BDT004BZ	BDT-004BZ	BELAZ DUMP TRUCK BDT004	BELAZ	DUMP TRUCK	Mining	0	L/HR	5000.0		1	10	Eligible
421	428	164910	BGC678L	MOG-622	TOYOTA HILUX 4X4 DC BGC678L - M622	TOYOTA	HILUX 	Mining	0	L/100KM	80.0		1	99	Ineligible
422	429	164544	BME136	BME-136		IVECO	EUROCARGO 9-16T	Mining	0	KM/L	550.0		1	99	Ineligible
423	430	164892	BNW489L	BNW489L	TOYOTA QUANTUM 14 SEATER BNW489L - T780	TOYOTA	QUANTUM	Mining	0	KM/L	70.0		1	99	Ineligible
424	431	164560	BSV829L	MOG-748	TOYOTA HILUX 3.0D4D RAID DC BSV829L-T748	TOYOTA	HILUX SC	Mining	0	KM/L	80.0		1	99	Ineligible
425	432	164824	BTR069L	LDV-1229		TOYOTA	HILUX 	Mining	0	KM/L	80.0		1	99	Ineligible
426	433	164936	BVJ031L	MOG-575	TOYOTA DYNA WEL TRUCK BVJ031L-575	TOYOTA	HILUX 	Mining	0	KM/L	80.0		1	99	Ineligible
427	434	177807	CAE012	CAE-012		TOYOTA	HILUX SC	Mining	0	KM/L	80.0		1	99	Ineligible
428	435	213334	CAE019	CAE-019		TOYOTA	HILUX 	Light Vehicle	0	KM/L	80.0		1	99	Ineligible
429	436	164644	CAE078	CAE-078		VOLVO	FH TRUCK	Mining	0	KM/L	450.0		1	99	Ineligible
430	437	189859	CBG003	CBG-003		ATLAS COPCO	DRILL RIG	Mining	0	L/HR	700.0		1	10	Eligible
431	438	177843	CBME099	CBME-099		TOYOTA	HILUX SC	Mining	0	KM/L	80.0		1	99	Ineligible
432	439	205289	CBME136	CBME-136		IVECO	TRAKKER	Mining	0	KM/L	600.0		1	99	Ineligible
433	440	213368	CDA364	CDA-364		MASSEY FERGUSON	TRACTOR	Mining	0	L/HR	400.0		1	10	Eligible
434	441	164831	CDA642R	CDA-642R		VOLVO	ARTICULATED DUMP TRUCK	Mining	0	L/HR	547.0		1	10	Eligible
435	442	191590	CDC001	CDC-001		KOMATSU	EXCAVATOR	Mining	0	L/HR	500.0		1	10	Eligible
436	443	230592	CES004W	CES-004W		LINCOLN	WELDER	Welding Plant	0	None	76.0		1	99	Ineligible
437	444	165784	CFA001	CFA-001		TOYOTA	HILUX 	Mining	0	L/100KM	80.0		1	99	Ineligible
438	445	177898	CFA007	CFA-007		TOYOTA	HILUX SC	Mining	0	KM/L	80.0		1	99	Ineligible
439	446	164709	CHBS001	CHBS-001		TOYOTA	HILUX 	Mining	0	KM/L	80.0		1	99	Ineligible
440	447	164676	CHBS012	CHBS-012		SCANIA	P / R / G SERIES 2002 - ON	Mining	0	L/HR	300.0		1	10	Eligible
441	448	213323	CHBS035	CHBS-035		DIESEL TRAILER	BOWSER	Mining	0	None	2000.0		1	99	Ineligible
442	449	164546	CHIBS09	CHIBS-09		KOMATSU	EXCAVATOR	Mining	0	L/HR	500.0		1	10	Eligible
443	450	213304	CHIBS13	CHIBS-13		SCANIA	TRUCK	Mining	0	KM/L	821.0		1	99	Ineligible
444	451	164708	CHIBS20	CHIBS-20		SCANIA	P / R / G SERIES 2002 - ON	Mining	0	L/HR	300.0		1	10	Eligible
445	452	213321	CHIBS26	CHIBS-26		SCANIA	TRUCK	Mining	0	L/HR	300.0		1	10	Eligible
446	453	164505	CHM005	CHM005		IVECO	DAILY	Mining	0	KM/L	100.0		1	99	Ineligible
447	454	177937	CJAQ001	CJAQ-001		TOYOTA	HILUX SC	Mining	0	KM/L	80.0		1	99	Ineligible
448	455	177940	CJAQ004	CJAQ-004		TOYOTA	HILUX SC	Mining	0	KM/L	80.0		1	99	Ineligible
449	456	217326	CKJ021	CKJ021		TOYOTA	QUANTUM	Light Vehicle	0	KM/L	70.0		1	99	Ineligible
450	457	164930	CKS671L	MOG-794	TOYOTA HILUX  2.5D-4D S/C   CKS671L-0794	TOYOTA	HILUX SC	Mining	0	KM/L	80.0		1	99	Ineligible
451	458	177968	CMAL711	CMAL-711		ISUZU	DROPSIDE	Mining	0	KM/L	1000.0		1	99	Ineligible
452	459	213339	CMH030	CMH-030		TOYOTA	QUANTUM	Light Vehicle	0	KM/L	80.0		1	99	Ineligible
453	460	189847	CMHDT02	CMHDT-02		CATERPILLAR	OFF-HIGHWAY TRUCK	Mining	0	L/HR	532.0		1	10	Eligible
454	461	213343	CMND003	CMND-003		TATA	TRUCK	Mining	0	KM/L	150.0		1	99	Ineligible
455	462	213342	CMND03W	CMND-03W		LINCOLN	WELDER	Support/Maintenance Equip.	0	L/HR	50.0		1	10	Eligible
456	463	165047	CMON001	CMON-001		TATA	TRUCK	Bowser	0	L/HR	400.0		1	10	Eligible
457	464	189877	CMON010	CMON-010		RONDEBULT	WHEEL LOADER	Mining	0	L/HR	350.0		1	10	Eligible
458	465	164639	CMS005L	MOG-851	TOYOTA HILUX  2.5D-4D D/C   CMS005L-0851	TOYOTA	HILUX SC	Mining	0	KM/L	80.0		1	99	Ineligible
459	466	164714	CNC818L	MOG-853	TOYOTA HILUX  2.5D-4D D/C   CNC818L-0853	TOYOTA	HILUX SC	Mining	0	KM/L	80.0		1	99	Ineligible
460	467	164889	CON156	CON-156		CATERPILLAR	EXCAVATOR	Mining	0	L/HR	950.0		1	10	Eligible
461	468	165751	CON157	CON157		CATERPILLAR	DOZER	Mining	0	L/HR	625.0		1	10	Eligible
462	469	165064	CON301	CON-301		KOMATSU	DUMP TRUCK	Mining	0	L/HR	780.0		1	10	Eligible
463	470	164890	CON440	CON-440		MERCEDEZ-BENZ	ACTROS	Mining	0	L/HR	650.0		1	10	Eligible
464	471	165050	CON500B	CON-500B		VOLVO	ARTICULATED DUMP TRUCK	Mining	0	L/HR	100.0		1	10	Eligible
465	472	217298	CON506	CON506		GENERATOR	GENERATOR	Generator	0	None	1100.0		1	99	Ineligible
466	473	178016	CON5854	CON-5854		TOYOTA	HILUX SC	Mining	0	KM/L	80.0		1	99	Ineligible
467	474	178017	CON591	CON-591		CATERPILLAR	OFF-HIGHWAY TRUCK	Mining	0	L/HR	532.0		1	10	Eligible
468	475	189850	CON6104	CON-6104		KOMATSU	EXCAVATOR	Mining	0	L/HR	1500.0		1	10	Eligible
469	476	164720	CON684	CON-684		CATERPILLAR	DOZER	Mining	0	L/HR	625.0		1	10	Eligible
470	477	164721	CON905	CON-905		KOMATSU	DUMP TRUCK	Mining	0	L/HR	1050.0		1	10	Eligible
471	478	164512	CON915	CON-915		LIEBHERR	EXCAVATOR	Mining	0	L/HR	1250.0		1	10	Eligible
472	479	164577	CON950	CON-950		KOMATSU	DUMP TRUCK	Mining	0	L/HR	1050.0		1	10	Eligible
473	480	164813	CON962	CON962		KOMATSU	DUMP TRUCK	Mining	0	L/HR	1308.0		1	10	Eligible
474	481	164732	CON963	CON963		KOMATSU	DUMP TRUCK	Mining	0	L/HR	780.0		1	10	Eligible
475	482	213300	CON980	CON-980		LIEBHERR	DUMP TRUCK	Mining	0	L/HR	1080.0		1	10	Eligible
476	483	164640	CRB935L	MOG-876	TOYOTA HILUX  2.5D-4D D/C   CRB935L-0876	TOYOTA	HILUX SC	Mining	0	KM/L	80.0		1	99	Ineligible
477	484	165002	CTR934L	MOG-636		TOYOTA	HILUX 	Mining	0	L/100KM	80.0		1	99	Ineligible
478	485	164917	CXG934L	MOG-894	TOYOTA HILUX  2.5D-4D D/C   -0894	TOYOTA	HILUX SC	Mining	0	KM/L	80.0		1	99	Ineligible
479	486	164952	CXG959L	MOG-892	TOYOTA HILUX  2.5D-4D D/C   -0892	TOYOTA	HILUX SC	Mining	0	KM/L	80.0		1	99	Ineligible
480	487	164543	CYD376L	MOG-1364	TOYOTA L/CRUISER 79 4.2 D/C CYD376L-1364	TOYOTA	HILUX SC	Mining	0	KM/L	80.0		1	99	Ineligible
481	488	164547	CYD428L	MOG1338	TOYOTA HILUX 2.5 D-4D S/C CYD428L-1338	TOYOTA	HILUX 	Mining	0	KM/L	80.0		1	99	Ineligible
482	489	164878	CYH921L	CYH921L		TOYOTA	HILUX SC	Mining	0	KM/L	80.0		1	99	Ineligible
483	490	165743	DR145	DR-145	PIT VIPER DRILL RIG 351E 145	PIT VIPER	DRILL	Mining	0	L/HR	750.0		1	10	Eligible
484	491	164978	DR286	DR-286		ATLAS COPCO	DRILL RIG	Mining	0	L/HR	5100.0		1	10	Eligible
485	492	213348	DR288	DR-288	PIT VIPER DRILL RIG 235D 288	DRILL	RIG	Drill Rig	0	L/HR	1750.0		1	10	Eligible
486	493	164525	DR291	DR-291	ATLAS COPCO DML45/HP DRILL RIG - 291	ATLAS COPCO	DRILL RIG	Mining	0	L/HR	5100.0		1	10	Eligible
487	494	164523	DR294	DR-294	ATLAS COPCO DML45/HP DRILL RIG - 294	ATLAS COPCO	DRILL RIG	Mining	0	L/HR	5100.0		1	10	Eligible
488	495	189883	DT36	DT-36	BWE CAT TRUCKS 794 DT36	CATERPILLAR	LOAD HAUL DUMPER	Mining	0	L/HR	5000.0		1	10	Eligible
489	496	205340	DT53	DT-53	KOMATSU 930E DUMP TRUCK 53	KOMATSU	DUMP TRUCK	Dump Truck	0	L/HR	4542.0		1	10	Eligible
490	497	164528	DT62	DT62	KOMATSU 930E DUMP TRUCK 62	KOMATSU	DUMP TRUCK	Mining	0	L/HR	4950.0		1	10	Eligible
491	498	164536	DT67	DT67	KOMATSU 930E DUMP TRUCK 67	KOMATSU	DUMP TRUCK	Mining	0	L/HR	4950.0		1	10	Eligible
492	499	164597	DT70	DT70	KOMATSU 930E DUMP TRUCK 70	KOMATSU	DUMP TRUCK	Mining	0	L/HR	4950.0		1	10	Eligible
493	500	164576	DT91	DT91	CAT 770 DUMP TRUCK 91	CATERPILLAR	OFF-HIGHWAY TRUCK	Mining	0	L/HR	532.0		1	10	Eligible
494	501	164539	EDT0038	DT38	TEREX 4400 DUMP TRUCK 38	TEREX	REAR DUMPER	Mining	0	L/HR	4950.0		1	10	Eligible
495	502	164683	FS111	FS-111	RH 340 EXCAVATOR FACE SHOVEL 111	O&K	FACE SHOVEL	Mining	0	L/HR	1200.0		1	10	Eligible
496	503	165017	GENSET1	GENSET-1		PERKINS	GENERATOR	Mining	0	None	150.0		1	99	Ineligible
497	504	164812	GN547	GN-547		GENIE	BOOM LIFT	Mining	0	L/HR	80.0		1	10	Eligible
498	505	164540	HIBS006	HIBS-006		KOMATSU	DOZER	Mining	0	L/HR	400.0		1	10	Eligible
499	506	213317	HIBS016	HIBS-016		SCANIA	TRUCK	Mining	0	L/HR	300.0		1	10	Eligible
500	507	164925	KMC007	KMC-007		TOYOTA	HILUX SC	Mining	0	KM/L	70.0		1	99	Ineligible
501	508	230594	LB1641	LB-1641		SLEIPNER	LOWBED	Mining	0	L/HR	200.0		1	10	Eligible
502	509	164826	LC558	LC-558		LIEBHERR	CRANE	Mining	0	L/HR	1500.0		1	10	Eligible
503	510	217296	LIN364	LIN-364		LINCOLN	COMPRESSOR	Compressor	0	L/HR	100.0		1	10	Eligible
504	511	164999	MMTL04	MMT-L04		CATERPILLAR	WHEEL LOADER	Mining	0	L/HR	200.0		1	10	Eligible
505	512	165699	MNC292	MNC292		TOYOTA	HILUX 	Mining	0	L/100KM	160.0		1	99	Ineligible
506	513	164596	MNC695	MNC695		TOYOTA	HILUX 	Mining	0	KM/L	80.0		1	99	Ineligible
507	514	178093	MOG1204	MOG-1204		TOYOTA	HILUX SC	Mining	0	KM/L	80.0		1	99	Ineligible
508	515	164747	MOG1331	MOG-1331	TOYOTA HILUX D/C 4X4 3.0D - 1331	TOYOTA	HILUX SC	Mining	0	KM/L	80.0		1	99	Ineligible
509	516	164744	MOG1342	MOG1342		TOYOTA	HILUX 	Mining	0	KM/L	80.0		1	99	Ineligible
510	517	164774	MOG1343	MOG1343		TOYOTA	HILUX 	Mining	0	KM/L	80.0		1	99	Ineligible
511	518	165127	MOG1362	MOG-1362	TOYOTA L/CRUISER 79 4.2 S/C CYD378L-1362	TOYOTA	LAND CRUISER 100	Mining	0	KM/L	180.0		1	99	Ineligible
512	519	165068	MOG1363	MOG-1363		TOYOTA	LAND CRUISER	Mining	0	KM/L	150.0		1	99	Ineligible
513	520	165104	MOG1389	MOG-1389	HINO 300SERIES 32S BUS - DJF416L - 1389	TOYOTA	HILUX 	Mining	0	L/100KM	80.0		1	99	Ineligible
514	521	165118	MOG1392	MOG-1392	TOYOTA LANDCRUISER70 4.2D/C DHV347L-1392	TOYOTA	LAND CRUISER	Mining	0	KM/L	150.0		1	99	Ineligible
515	522	164803	MOG1393	MOG-1393	TOYOTA LANDCRUISER70 4.2D/C DHV347L-1393	TOYOTA	LAND CRUISER	Mining	0	KM/L	150.0		1	99	Ineligible
516	523	165090	MOG1409	MOG-1409	TOYOTA LANDCRUISER70 4.2D/C DHV347L-1409	TOYOTA	LAND CRUISER	Mining	0	KM/L	150.0		1	99	Ineligible
517	524	178128	MOG1427	MOG-1427		TOYOTA	HILUX SC	Mining	0	KM/L	80.0		1	99	Ineligible
518	525	178130	MOG1430	MOG-1430		TOYOTA	QUANTUM	Mining	0	KM/L	70.0		1	99	Ineligible
519	526	165137	MOG1444	MOG-1444	TOYOTA HILUX DC2.8 RAIDER X15 1444	TOYOTA	HILUX 	Mining	0	L/100KM	80.0		1	99	Ineligible
520	527	164864	MOG1447	MOG-1447		TOYOTA	HILUX 	Mining	0	KM/L	80.0		1	99	Ineligible
521	528	164808	MOG1451	MOG-1451	TOYOTA HILUX DC2.8 RAIDER X15 1451	TOYOTA	HILUX 	Mining	0	KM/L	80.0		1	99	Ineligible
522	529	178142	MOG1459	MOG-1459	TOYOTA HILUX DC PICK UP DTS360L - 1459	TOYOTA	HILUX SC	Mining	0	KM/L	80.0		1	99	Ineligible
523	530	178150	MOG1468	GSL136L	TOYOTA CRUISER DC 4.2D DWX385L-1468	TOYOTA	LAND CRUISER	Mining	0	KM/L	130.0		1	99	Ineligible
524	531	178158	MOG1476	MOG-1476	TOYOTA CRUISER DC 4.2D DWX360L - 1476	TOYOTA	LAND CRUISER	Mining	0	KM/L	130.0		1	99	Ineligible
525	532	189873	MOG1484	MOG-1484		TOYOTA	LAND CRUISER	Light Vehicle	0	KM/L	130.0		1	99	Ineligible
526	533	165231	MOG1515	MOG1515	HINO 300 815 AZ3 SC WELDING TRUCK 1515	TOYOTA	HILUX 	Mining	0	L/100KM	80.0		1	99	Ineligible
527	534	164734	MOG1519	MOG-1519		TOYOTA	HINO	Mining	0	KM/L	480.0		1	99	Ineligible
528	535	164887	MOG1569	MOG-1569	HINO 700 HI-AB - GXL871L - 1569	TOYOTA	HINO	Mining	0	KM/L	480.0		1	99	Ineligible
529	536	189887	MOG1708	MOG-1708		TOYOTA	HILUX 	Light Vehicle	0	KM/L	80.0		1	99	Ineligible
530	537	178168	MOG511	MOG-511	KM READING ISUZU TIPPER 511	TOYOTA	HILUX SC	Mining	0	KM/L	80.0		1	99	Ineligible
531	538	164882	MOG586	MOG-586		TOYOTA	HILUX 	Mining	0	KM/L	80.0		1	99	Ineligible
532	539	164875	MOG605	MOG-605		CATERPILLAR	BACKHOE LOADER	Mining	0	L/HR	160.0		1	10	Eligible
533	541	178177	MOG648	MOG-648	TOYOTA HILUX 2.7 D/C      BFY158L -PR648	TOYOTA	HILUX SC	Mining	0	KM/L	80.0		1	99	Ineligible
534	542	165009	MOG775	MOG775		TOYOTA	QUANTUM	Mining	0	KM/L	70.0		1	99	Ineligible
535	543	178184	MOG800	MOG-800	TOYOTA HILUX 3.0D-4D X/CAB  CJG959L-0800	TOYOTA	HILUX SC	Mining	0	KM/L	80.0		1	99	Ineligible
536	544	178188	MOG875	MOG-875	TOYOTA HILUX  2.5D-4D D/C   CPW837L-0875	TOYOTA	HILUX SC	Mining	0	KM/L	80.0		1	99	Ineligible
537	545	178189	MOG880	MOG-880	TOYOTA L/CRUISER MOOIHOE  CRJ386L -0880	TOYOTA	HILUX SC	Mining	0	KM/L	80.0		1	99	Ineligible
538	546	178191	MOG886	MOG-886		TOYOTA	HILUX SC	Mining	0	KM/L	80.0		1	99	Ineligible
539	547	213355	MOOIHOKP	MOOIHOKP		MASTER AUTHORISER	AUTHORISER	Mining	0	None	100.0		1	99	Ineligible
540	548	164707	MSC01	MSC01		MANITOU	FORKLIFT	Mining	0	L/HR	100.0		1	10	Eligible
541	549	164913	MSCDB	MSC-DB		Diesel Bowser	DIESEL BOWSER	Bowser	0	L/HR	1000.0		1	10	Eligible
542	550	164909	MSSBR02	MSS-BR02		HYSTER	FORKLIFT	Mining	0	L/HR	250.0		1	10	Eligible
543	551	164782	P9075	FL-587	HYSTER FORKLIFT H7 OFT 7TON 587	HYSTER	FORKLIFT	Mining	0	L/HR	80.0		1	10	Eligible
544	552	165498	ST264	ST-264	CAT 740B SERVICE TRUCK 264	CATERPILLAR	ARTICULATED DUMP TRUCK	Mining	0	L/HR	450.0		1	10	Eligible
545	553	164595	ST265	ST-265	CAT 740B SERVICE TRUCK 265	CATERPILLAR	ARTICULATED DUMP TRUCK	Mining	0	L/HR	450.0		1	10	Eligible
546	554	217293	TD1663	TD-1663		KOMATSU	DOZER	Mining	0	L/HR	1200.0		1	10	Eligible
547	555	205344	TLB602	TLB-602		CATERPILLAR	BACKHOE LOADER	Mining	0	L/HR	160.0		1	10	Eligible
548	556	164758	WD180	WD-180	CAT 834 WHEEL DOZER 180	CATERPILLAR	WHEEL DOZER	Mining	0	L/HR	1137.0		1	10	Eligible
549	557	164635	WD181	WD-181	CAT 834 WHEEL DOZER 181	CATERPILLAR	WHEEL LOADER	Mining	0	L/HR	793.0		1	10	Eligible
550	558	164572	WD193	WD193		CATERPILLAR	WHEEL DOZER	Mining	0	L/HR	1137.0		1	10	Eligible
551	559	164500	WP1114	WP1114		DEUTZ	WATER PUMP	Mining	0	L/HR	1000.0		1	10	Eligible
552	560	164763	WP1245	WP1245		JOHN DEERE	WATER PUMP	Mining	0	L/HR	800.0		1	10	Eligible
553	561	164846	WT327	WT-327	CAT 777F WATERCART 327	CATERPILLAR	OFF-HIGHWAY TRUCK	Mining	0	L/HR	532.0		1	10	Eligible
554	562	164748	WT329	WT-329	CAT 777F WATERCART 329	CATERPILLAR	WATER BOWSER	Mining	0	L/HR	1200.0		1	10	Eligible
555	563	165011	ZMT408GP	CAE-011		TOYOTA	HILUX 	Mining	0	KM/L	80.0		1	99	Ineligible
556	564	165669	152	152	CAT 992G LOADER  WL 152	CATERPILLAR	WHEEL LOADER	Mining	0	L/HR	1562.0		1	10	Eligible
557	565	164648	AFSJM	AFS-JM		MASTER AUTHORISER	AUTHORISER	Master Authorizer	0	None	99999.0		1	99	Ineligible
558	566	164939	BFJ532L	MOG-675		TOYOTA	HILUX SC	Mining	0	KM/L	80.0		1	99	Ineligible
559	567	164915	BFT980L	MOG-626		TOYOTA	HILUX SC	Mining	0	KM/L	80.0		1	99	Ineligible
560	568	164776	BME639	DSV534L		TOYOTA	HILUX 	Mining	0	KM/L	80.0		1	99	Ineligible
561	569	164947	BRK895L	LDV-711		MAHINDRA	SCORPIO	Mining	0	KM/L	80.0		1	99	Ineligible
562	570	180667	BULK074	BULK-074		Diesel Bowser	DIESEL BOWSER	Bowser	0	L/HR	3255.0		1	10	Eligible
563	571	213335	CAE073R	CAE-073R		MAN	TRUCK	Mining	0	KM/L	590.0		1	99	Ineligible
564	572	164662	CBLZ006	CBLZ006		ISUZU	TRUCK	Mining	0	KM/L	80.0		1	99	Ineligible
565	573	189841	CBME182	CBME-182		IVECO	TRAKKER	Mining	0	KM/L	690.0		1	99	Ineligible
566	574	164557	CDA222	CDA-222		MASSEY FERGUSON	TRACTOR	Mining	0	L/HR	200.0		1	10	Eligible
567	575	164976	CDA273	CDA-273		MASSEY FERGUSON	TRACTOR	Mining	0	L/HR	160.0		1	10	Eligible
568	576	164757	CDA313	CDA-313		MASSEY FERGUSON	TRACTOR	Tractor	0	L/HR	160.0		1	10	Eligible
569	577	191591	CDC002	CDC-002		CATERPILLAR	MOTOR GRADER	Mining	0	L/HR	500.0		1	10	Eligible
570	578	164919	CDRS108	CDRS-108		TOYOTA	HILUX SC	Mining	0	KM/L	80.0		1	99	Ineligible
571	579	165168	CFA011	CFA-011		TOYOTA	HILUX 	Mining	0	KM/L	80.0		1	99	Ineligible
572	580	164608	CHBS018	CHBS-018		SCANIA	P / R / G SERIES 2002 - ON	Mining	0	L/HR	300.0		1	10	Eligible
573	581	217331	CHIBS34	CHIBS-34		CATERPILLAR	WHEEL LOADER	Mining	0	L/HR	1610.0		1	10	Eligible
574	582	177942	CJAQ006	CJAQ-006		HINO	700 SERIES TRUCK	Mining	0	KM/L	80.0		1	99	Ineligible
575	583	213326	CKJ01	CKJ-01		CATERPILLAR	OFF-HIGHWAY TRUCK	Mining	0	L/HR	532.0		1	10	Eligible
576	584	207587	CKJ04	CKJ-04		CATERPILLAR	WHEEL LOADER	Mining	0	L/HR	1610.0		1	10	Eligible
577	585	205378	CMD04BLK	CMD04BLK		BULK TANK	BULK TANK	Bowser	0	None	7000.0		1	99	Ineligible
578	586	164829	CMH002	CMH-002		NISSAN	NV350 IMPENDULO	Mining	0	KM/L	80.0		1	99	Ineligible
579	587	189845	CMHDT03	CMHDT-03		CATERPILLAR	OFF-HIGHWAY TRUCK	Mining	0	L/HR	532.0		1	10	Eligible
580	588	217332	CMO006	CMO-006		MERCEDEZ-BENZ	SPRINTER	Light Vehicle	0	KM/L	120.0		1	99	Ineligible
581	589	164867	CMS002L	MOG-852	TOYOTA HILUX  2.5D-4D S/C   CMS002L-0852	TOYOTA	HILUX SC	Mining	0	KM/L	80.0		1	99	Ineligible
582	590	217335	CMSD003	CMSD003		DOOSAN	COMPRESSOR	Compressor	0	None	120.0		1	99	Ineligible
583	591	164836	CMT005	CMT-005		NISSAN	CW 46 / 47 / 56 / 350	Mining	0	L/HR	480.0		1	10	Eligible
584	592	217333	CMTT003	CMTT-003		TOYOTA	QUANTUM	Light Vehicle	0	KM/L	70.0		1	99	Ineligible
585	593	164857	CNC814L	MOG-861	TOYOTA QUANTUM 14 SEATER -861	TOYOTA	QUANTUM	Mining	0	KM/L	70.0		1	99	Ineligible
586	594	164790	CNG738L	MOG-859	TOYOTA HILUX  2.5D-4D D/C   CNG738L-0859	TOYOTA	HILUX SC	Mining	0	KM/L	80.0		1	99	Ineligible
587	595	164680	CNG748L	MOG-856	TOYOTA HILUX  2.5D-4D D/C   CNG748L-0856	TOYOTA	HILUX SC	Mining	0	KM/L	80.0		1	99	Ineligible
588	596	164809	CON006	CON-006		ALLMAND	LIGHT TOWER	Mining	0	L/HR	250.0		1	10	Eligible
589	597	213295	CON0684	CON-0684		CATERPILLAR	OFF-HIGHWAY TRUCK	Mining	0	L/HR	532.0		1	10	Eligible
590	598	164675	CON2501	DSC231L		VOLKSWAGEN	CRAFTER	Mining	0	KM/L	80.0		1	99	Ineligible
591	599	164855	CON314	CON-314		CATERPILLAR	MOTOR GRADER	Mining	0	L/HR	416.0		1	10	Eligible
592	600	213315	CON445	CON-445		MERCEDEZ-BENZ	AXOR	Mining	0	KM/L	250.0		1	99	Ineligible
593	601	213311	CON448	CON-448		CATERPILLAR	TRACK DOZER	Mining	0	L/HR	792.0		1	10	Eligible
594	602	164534	CON525	CON525		KOMATSU	DUMP TRUCK	Mining	0	L/HR	780.0		1	10	Eligible
595	603	205320	CON530	CON-530		CATERPILLAR	WHEEL DOZER	Mining	0	L/HR	1100.0		1	10	Eligible
596	604	165191	CON532	CON-532		CATERPILLAR	MOTOR GRADER	Mining	0	L/HR	450.0		1	10	Eligible
597	606	178015	CON583	CON-583		CATERPILLAR	DOZER	Mining	0	L/HR	1150.0		1	10	Eligible
598	607	165085	CON5924	CON-5924		TOYOTA	HILUX 	Mining	0	KM/L	80.0		1	99	Ineligible
599	608	164788	CON852	CON852		MERCEDEZ-BENZ	TRUCK	Mining	0	KM/L	280.0		1	99	Ineligible
600	609	164940	CON906	CON-906		LIEBHERR	EXCAVATOR	Mining	0	L/HR	1585.0		1	10	Eligible
601	610	164601	CON916	CON-916		CATERPILLAR	OFF-HIGHWAY TRUCK	Mining	0	L/HR	532.0		1	10	Eligible
602	611	164554	CON920	CON-920		CATERPILLAR	OFF-HIGHWAY TRUCK	Mining	0	L/HR	532.0		1	10	Eligible
603	612	164651	CON921	CON-921		CATERPILLAR	OFF-HIGHWAY TRUCK	Mining	0	L/HR	532.0		1	10	Eligible
604	613	164513	CON947	CON-947		CATERPILLAR	OFF-HIGHWAY TRUCK	Mining	0	L/HR	532.0		1	10	Eligible
605	614	213309	CON966	CON966		CATERPILLAR	WHEEL LOADER	Mining	0	L/HR	1610.0		1	10	Eligible
606	615	205328	CON990	CON-990		KOMATSU	DUMP TRUCK	Mining	0	L/HR	1000.0		1	10	Eligible
607	616	164775	COT005	COT005		NISSAN	FORKLIFT	Mining	0	L/HR	150.0		1	10	Eligible
608	617	164871	CPD005	CPD005		ATLAS COPCO	COMPRESSOR	Mining	0	None	100.0		1	99	Ineligible
609	618	164883	CPD019S	CPD019S		MERCEDEZ-BENZ	ACTROS	Mining	0	KM/L	500.0		1	99	Ineligible
610	619	164766	CPV815L	MOG-868	TOYOTA HILUX  2.5D-4D D/C   CPV815L-0868	TOYOTA	HILUX 	Mining	0	KM/L	80.0		1	99	Ineligible
611	620	164848	CPW862L	MOG-870	TOYOTA HILUX  2.5D-4D D/C   CPW862L-0870	TOYOTA	HILUX SC	Mining	0	KM/L	80.0		1	99	Ineligible
612	621	164792	CR601	CR-601		LIEBHERR	CRANE	Mining	0	L/HR	800.0		1	10	Eligible
613	622	164752	CRJ360L	MOG-881	TOYOTA HILUX  2.5D-4D D/C   CRB360L-0881	TOYOTA	HILUX SC	Mining	0	KM/L	80.0		1	99	Ineligible
614	623	164772	CRL356L	MOG-885	TOYOTA LAND CRUISER 70 PU   CRJ356L-0885	TOYOTA	HILUX SC	Mining	0	KM/L	80.0		1	99	Ineligible
615	624	213333	CSMC001	CSMC-001		FORD	RANGER	Light Vehicle	0	KM/L	85.0		1	99	Ineligible
616	625	164777	CXG902L	MOG-897	TOYOTA HILUX  2.5D-4D D/C   -0897	TOYOTA	HILUX 	Mining	0	KM/L	80.0		1	99	Ineligible
617	626	164619	CYD369L	CYD369L	TOYOTA QUANTUM  D-4D 14SBUS-CYD369L-1366	TOYOTA	HILUX 	Mining	0	KM/L	80.0		1	99	Ineligible
618	627	164793	CYD394L	MOG1350	TOYOTA HILUX 2.5 D-4D S/C CYD394L-1350	TOYOTA	HILUX 	Mining	0	KM/L	80.0		1	99	Ineligible
619	628	164673	CYD399L	MOG1344	TOYOTA HILUX 2.5 D-4D S/C CYD399L-1344	TOYOTA	HILUX 	Mining	0	KM/L	80.0		1	99	Ineligible
620	629	164833	CYD413L	MOG1346	TOYOTA HILUX 2.5 D-4D S/C CYD413L-1346	TOYOTA	HILUX 	Mining	0	KM/L	80.0		1	99	Ineligible
621	630	164753	CYD425L	MOG1347	TOYOTA HILUX 2.5 D-4D S/C CYD425L-1347	TOYOTA	HILUX 	Mining	0	KM/L	80.0		1	99	Ineligible
622	631	164823	CYH931L	MOG-1376	TOYOTA L/CRUISER 79 4.2 S/C CYH931L-1376	TOYOTA	HILUX SC	Mining	0	KM/L	80.0		1	99	Ineligible
623	632	205478	DB338BLK	DB338BLK		BULK DIESEL TANK	BULK TANK	Bowser	0	None	30000.0		1	99	Ineligible
624	633	164977	DR285	DR-285		ATLAS COPCO	DRILL RIG	Mining	0	L/HR	5100.0		1	10	Eligible
625	634	191568	DR995919P	CON-919		CATERPILLAR	OFF-HIGHWAY TRUCK	Mining	0	L/HR	532.0		1	10	Eligible
626	635	189884	DT35	DT-35	BWE CAT TRUCKS 794 DT35	CATERPILLAR	LOAD HAUL DUMPER	Mining	0	L/HR	5000.0		1	10	Eligible
627	636	205338	DT50	DT-50	KOMATSU 930E DUMP TRUCK 50	KOMATSU	DUMP TRUCK	Dump Truck	0	L/HR	4542.0		1	10	Eligible
628	637	164653	DT63	DT63	KOMATSU 930E DUMP TRUCK 63	KOMATSU	DUMP TRUCK	Mining	0	L/HR	4950.0		1	10	Eligible
629	638	164755	EAX0512	HA-512		MERCEDEZ-BENZ	TRUCK	Mining	0	KM/L	650.0		1	99	Ineligible
630	639	165865	EDT0044	DT44	TEREX 4400 DUMP TRUCK 44	TEREX	REAR DUMPER	Mining	0	L/HR	4950.0		1	10	Eligible
631	640	164530	EDT0084	DT84	CATERPILLAR 785 DUMP TRUCK 84	CATERPILLAR	OFF-HIGHWAY TRUCK	Mining	0	L/HR	532.0		1	10	Eligible
632	641	165157	EXC221	EXC-221		CATERPILLAR	EXCAVATOR	Mining	0	L/HR	1250.0		1	10	Eligible
633	642	164616	FEL155	FEL-155	CAT 992G LOADER  WL 155	CATERPILLAR	WHEEL LOADER	Mining	0	L/HR	1562.0		1	10	Eligible
634	643	208265	FH44ZJGP	FH44ZJGP		TOYOTA	HILUX 	Light Vehicle	0	KM/L	80.0		1	99	Ineligible
635	644	164688	FS112	FS-112	RH 340 EXCAVATOR FACE SHOVEL 112	TEREX	FACE SHOVEL	Mining	0	L/HR	5000.0		1	10	Eligible
636	645	164538	GV001	GV-001		TOYOTA	HILUX SC	Mining	0	KM/L	120.0		1	99	Ineligible
637	646	164526	HIAB1521	HIAB-1521		HIAB	TIPPER TRUCK	Mining	0	L/HR	400.0		1	10	Eligible
638	647	164756	LB338	LB-338		CATERPILLAR	OFF-HIGHWAY TRUCK	Bowser	0	L/HR	532.0		1	10	Eligible
639	648	165043	LB579	LB-579		WESTERN STAR	6900	Mining	0	L/HR	700.0		1	10	Eligible
640	649	213298	LHMT027	LHMT-027		LIGHTING PLANT	LIGHTING PLANT	Support/Maintenance Equip.	0	None	200.0		1	99	Ineligible
641	650	164865	LP834	LP-834		YANMAR	LIGHTING PLANT	Mining	0	None	150.0		1	99	Ineligible
642	651	165139	MCC025.	MCC-025.		CATERPILLAR	OFF-HIGHWAY TRUCK	Mining	0	L/HR	1136.0		1	10	Eligible
643	652	164983	MCC029	1497		CATERPILLAR	OFF-HIGHWAY TRUCK	Mining	0	L/HR	1136.0		1	10	Eligible
644	653	164785	MCC1271	MCC1271		TOYOTA	HILUX SC	Mining	0	KM/L	80.0		1	99	Ineligible
645	654	164778	MCD049	MCD049		CATERPILLAR	DOZER	Mining	0	L/HR	1446.0		1	10	Eligible
646	655	164866	MH0006	MH0006		NEW HOLLAND	TELESCOPIC HANDLER	Mining	0	L/HR	250.0		1	10	Eligible
647	656	164934	ML49	ML-49		LIEBHERR	EXCAVATOR	Mining	0	L/HR	1585.0		1	10	Eligible
648	657	165404	MNC309	MNC309		TOYOTA	HILUX 	Mining	0	L/100KM	80.0		1	99	Ineligible
649	658	178115	MOG1352	MOG-1352	TOYOTA HILUX 2.5 D-4D D/C CYD391L-1352	TOYOTA	HILUX SC	Mining	0	KM/L	80.0		1	99	Ineligible
650	659	165134	MOG1387	MOG-1387		TOYOTA	HILUX 	Mining	0	L/100KM	80.0		1	99	Ineligible
651	660	164701	MOG1397	MOG-1397	TOYOTA LANDCRUISER70 4.2D/C DHV347L-1397	TOYOTA	HILUX 	Mining	0	KM/L	160.0		1	99	Ineligible
652	661	164730	MOG1400	MOG-1400	TOYOTA LANDCRUISER 4.2 TROOPER 1400	TOYOTA	HILUX 	Mining	0	KM/L	80.0		1	99	Ineligible
653	662	165099	MOG1401	MOG-1401	TOYOTA LANDCRUISER70 4.2D/C DHV347L-1401	TOYOTA	LAND CRUISER	Mining	0	KM/L	150.0		1	99	Ineligible
654	663	165106	MOG1404	MOG-1404	TOYOTA LANDCRUISER70 4.2D/C DHV347L-1404	TOYOTA	LAND CRUISER	Mining	0	KM/L	150.0		1	99	Ineligible
655	664	164749	MOG1407	MOG-1407	TOYOTA LANDCRUISER70 4.2D/C DHV347L-1407	TOYOTA	LAND CRUISER	Mining	0	KM/L	150.0		1	99	Ineligible
656	665	165111	MOG1450	MOG-1450	TOYOTA HILUX DC2.8 RAIDER X15 1450	TOYOTA	HILUX 	Mining	0	L/100KM	80.0		1	99	Ineligible
657	666	164658	MOG1454	MOG-1454	TOYOTA HILUX DC 4X4 PICK-UP 1454	TOYOTA	HILUX 	Mining	0	KM/L	80.0		1	99	Ineligible
658	667	178145	MOG1463	GVM702L	TOYOTA CRUISER DC 4.2D DWX909L-1463	TOYOTA	LAND CRUISER	Mining	0	KM/L	130.0		1	99	Ineligible
659	668	178157	MOG1475	GDV233L	TOYOTA CRUISER DC 4.2D 1475	TOYOTA	LAND CRUISER	Mining	0	KM/L	130.0		1	99	Ineligible
660	669	178161	MOG1479	MOG-1479	TOYOTA CRUISER DC 4.5D 1479	TOYOTA	HILUX SC	Mining	0	KM/L	80.0		1	99	Ineligible
661	670	165097	MOG1516	MOG-1516	HINO 300 815 AZ3 SC WELDING TRUCK 1516	TOYOTA	HILUX 	Mining	0	KM/L	80.0		1	99	Ineligible
662	671	164839	MOG1566	MOG-1566	HINO 700 HI-AB TRUCK 1566 - 12733KM	TOYOTA	HINO	Mining	0	L/HR	480.0		1	10	Eligible
663	672	164873	MOG1567	MOG-1567	HINO 700 HI-AB TRUCK - DHS614L - 1567	TOYOTA	HINO	Mining	0	KM/L	100.0		1	99	Ineligible
664	673	189852	MOG1710	MOG-1710		TOYOTA	QUANTUM	Light Vehicle	0	KM/L	100.0		1	99	Ineligible
665	674	189851	MOG1711	MOG-1711		TOYOTA	QUANTUM	Light Vehicle	0	KM/L	100.0		1	99	Ineligible
666	675	164754	MOG631	MOG-631	TOYOTA HILUX S/C SRX D-4D  FNF867N E631	TOYOTA	HILUX SC	Mining	0	KM/L	80.0		1	99	Ineligible
667	676	164740	MOG789	MOG-789	TOYOTA HILUX 3.0D-4D        CKG990L-0789	TOYOTA	HILUX 	Mining	0	KM/L	160.0		1	99	Ineligible
668	677	164814	MOG865	MOG-865	TOYOTA HILUX  2.5D-4D D/C   CNL356L-0865	TOYOTA	HILUX SC	Mining	0	KM/L	80.0		1	99	Ineligible
669	678	230595	MOT81	MOT81		CATERPILLAR	MOTIVATOR	Mining	0	L/HR	1137.0		1	10	Eligible
670	679	164742	PB14006	PB14006		CALIBRATION COIL	CALIBRATION COIL	Mining	0	None	518.0		1	99	Ineligible
671	680	213358	PV132	PV-132		PIT VIPER	DRILL	Mining	0	L/HR	2650.0		1	10	Eligible
672	681	164935	PV144	PV-144		PIT VIPER	DRILL	Mining	0	L/HR	750.0		1	10	Eligible
673	682	164899	PV148	PV-148		ATLAS COPCO	DRILL	Mining	0	L/HR	650.0		1	10	Eligible
674	683	164770	T577	T-577		WELDER	WELDING MACHINE	Mining	0	L/HR	60.0		1	10	Eligible
675	684	164645	TD236	TD-236	CAT D10T TRACK DOZER 236	CATERPILLAR	DOZER	Mining	0	L/HR	1670.0		1	10	Eligible
676	685	164630	TD239	TD-239	CAT D10T TRACK DOZER 239	CATERPILLAR	DOZER	Mining	0	L/HR	2120.0		1	10	Eligible
677	686	164849	TD242	TD-242	CAT D10T TRACK DOZER 242	CATERPILLAR	DOZER	Mining	0	L/HR	1150.0		1	10	Eligible
678	687	217329	TH1213	TH1213		HYSTER	TYRE HANDLER	Mining	0	L/HR	167.0		1	10	Eligible
679	688	164765	TLB605	TLB-605	BACK HOE LOADER CAT 428F - 605	CATERPILLAR	BACKHOE LOADER	Mining	0	L/HR	160.0		1	10	Eligible
680	689	165566	TLR1602	TLR1602		MARELLI	GENERATOR	Mining	0	L/HR	300.0		1	10	Eligible
681	690	189855	WD187	WD-187		CATERPILLAR	WHEEL DOZER	Mining	0	L/HR	1562.0		1	10	Eligible
682	691	165650	WM385	WM-385		LINCOLN	WELDER	Mining	0	L/HR	70.0		1	10	Eligible
683	692	164946	WP485	WP485		WATER PUMP	WATER PUMP	Mining	0	L/HR	1000.0		1	10	Eligible
684	693	165070	154	FEL-154	CAT 992G LOADER  WL 154	CATERPILLAR	WHEEL LOADER	Mining	0	L/HR	1562.0		1	10	Eligible
685	694	164570	156	FEL-156	CAT 992G LOADER  WL 156	CATERPILLAR	WHEEL LOADER	Mining	0	L/HR	1562.0		1	10	Eligible
686	695	164684	A126	A126		VOLVO	ARTICULATED DUMP TRUCK	Bowser	0	KM/L	480.0		1	99	Ineligible
687	696	205287	BME686	BME-686		TOYOTA	HILUX 	Light Vehicle	0	KM/L	80.0		1	99	Ineligible
688	697	164984	BULK141	BULK141		MERCEDEZ-BENZ	DIESEL BOWSER	Mining	0	KM/L	250.0		1	99	Ineligible
689	698	164550	BULK270	BULK-270		CATERPILLAR	DIESEL BOWSER	Bowser	0	L/HR	750.0		1	10	Eligible
690	699	164713	BVJ028L	576	KM READING TOYOTA DYNA - 576	TOYOTA	DYNA	Mining	0	KM/L	90.0		1	99	Ineligible
691	700	177808	CAE042R	CAE-042R		MAN	TGS TRUCK	Mining	0	L/HR	450.0		1	10	Eligible
692	701	177826	CAZ141	CAZ-141		MAGNI	TELEHANDLER	Mining	0	L/HR	200.0		1	10	Eligible
693	702	236773	CBDBULK	CBDBULK		TRANSTANK	TANKS ON BACK OF TRUCK	Bowser	0	L/HR	2000.0		1	10	Eligible
694	703	189840	CBME181	CBME-181		IVECO	TRAKKER	Mining	0	KM/L	690.0		1	99	Ineligible
695	704	189858	CBME635	CBME-635		TOYOTA	HILUX 	Light Vehicle	0	KM/L	85.0		1	99	Ineligible
696	705	209975	CBME705	CBME-705		TOYOTA	HILUX 	Light Vehicle	0	KM/L	80.0		1	99	Ineligible
697	706	164636	CEND003	CEND-003		LINCOLN	WELDER	Mining	0	L/HR	150.0		1	10	Eligible
698	707	164518	CHP036	CHP-036		SANDVIK	DRILL RIG	Mining	0	L/HR	800.0		1	10	Eligible
699	708	189843	CKMC026	CKMC-026		CATERPILLAR	WHEEL LOADER	Mining	0	L/HR	1136.0		1	10	Eligible
700	709	164702	CKX109L	MOG-797	TOYOTA HILUX  2.5D-4D D/C   CKX109L-0797	TOYOTA	HILUX 	Mining	0	KM/L	80.0		1	99	Ineligible
701	710	177961	CLEH002	CLEH-002		TOYOTA	HILUX SC	Mining	0	KM/L	80.0		1	99	Ineligible
702	711	165175	CMAL002	CMAL-002		KOMATSU	WHEEL LOADER	Mining	0	L/HR	473.0		1	10	Eligible
703	712	230593	CMAL09	CMAL-09		CATERPILLAR	ROCK BREAKER	Mining	0	L/HR	345.0		1	10	Eligible
704	713	164634	CNC821L	MOG-855	TOYOTA HILUX  2.5D-4D D/C   CNC821L-0855	TOYOTA	HILUX SC	Mining	0	KM/L	80.0		1	99	Ineligible
705	714	217336	CNET001	CNET001		MERCEDEZ-BENZ	SPRINTER	Light Vehicle	0	KM/L	120.0		1	99	Ineligible
706	715	164815	CNG742L	MOG-860	TOYOTA HILUX  2.5D-4D D/C   CNG742L-0860	TOYOTA	HILUX 	Mining	0	KM/L	80.0		1	99	Ineligible
707	716	213293	CON0153	CON-0153		KOMATSU	DUMP TRUCK	Mining	0	L/HR	700.0		1	10	Eligible
708	717	189856	CON094	CON-094		KOMATSU	DOZER	Mining	0	L/HR	1050.0		1	10	Eligible
709	718	164974	CON141	CON-141		MERCEDEZ-BENZ	DIESEL BOWSER	Mining	0	KM/L	250.0		1	99	Ineligible
710	719	164624	CON200	CON-200		CATERPILLAR	DOZER	Mining	0	L/HR	1150.0		1	10	Eligible
711	720	164593	CON2500	DSC257L		VOLKSWAGEN	CRAFTER	Mining	0	KM/L	80.0		1	99	Ineligible
712	721	177998	CON2503	CON-2503		TOYOTA	HILUX SC	Mining	0	KM/L	80.0		1	99	Ineligible
713	722	164948	CON403	CON403		MERCEDEZ-BENZ	ACTROS	Mining	0	KM/L	450.0		1	99	Ineligible
714	723	199392	CON506BK	CON506BK		BULK TANK	BULK TANK	Bowser	0	L/HR	10000.0		1	10	Eligible
715	724	205323	CON539	CON-539		CATERPILLAR	OFF-HIGHWAY TRUCK	Mining	0	L/HR	532.0		1	10	Eligible
716	725	213376	CON579	CON-579		CATERPILLAR	OFF-HIGHWAY TRUCK	Mining	0	L/HR	532.0		1	10	Eligible
717	726	164733	CON5856	CON-5856		TOYOTA	HILUX 	Mining	0	KM/L	80.0		1	99	Ineligible
718	727	165423	CON5922	CON-5922		TOYOTA	HILUX 	Mining	0	KM/L	80.0		1	99	Ineligible
719	728	205336	CON5952	CON-5952		TOYOTA	HILUX 	Light Vehicle	0	KM/L	80.0		1	99	Ineligible
720	730	164880	CON685	CON685		CATERPILLAR	DOZER	Mining	0	L/HR	625.0		1	10	Eligible
721	731	165101	CON834	CON-834		CATERPILLAR	OFF-HIGHWAY TRUCK	Mining	0	L/HR	1150.0		1	10	Eligible
722	732	164780	CON907	CON907		LIEBHERR	EXCAVATOR	Mining	0	L/HR	1585.0		1	10	Eligible
723	733	164506	CON917	CON-917		CATERPILLAR	OFF-HIGHWAY TRUCK	Mining	0	L/HR	1000.0		1	10	Eligible
724	734	165083	CPD006	CPD-006		TOYOTA	HILUX 	Mining	0	KM/L	80.0		1	99	Ineligible
725	735	164700	CPW848L	MOG-872	TOYOTA HILUX  2.5D-4D D/C   CPW848L-0872	TOYOTA	HILUX SC	Mining	0	KM/L	80.0		1	99	Ineligible
726	736	164856	CXG926L	MOG-889	TOYOTA HILUX  2.5D-4D D/C   -0889	TOYOTA	HILUX SC	Mining	0	KM/L	80.0		1	99	Ineligible
727	737	164949	CYD367L	CYD367L		TOYOTA	HILUX 	Mining	0	KM/L	80.0		1	99	Ineligible
728	738	164726	CYD406L	MOG1339	TOYOTA HILUX 2.5 D-4D S/C CYD406L-1339	TOYOTA	HILUX 	Mining	0	KM/L	80.0		1	99	Ineligible
729	739	164810	CYH918L	MOG1337	TOYOTA HILUX 2.5 D-4D S/C CYH918L-1337	TOYOTA	HILUX 	Mining	0	KM/L	80.0		1	99	Ineligible
730	740	164937	CYH919L	CYH919L		TOYOTA	HILUX SC	Mining	0	KM/L	80.0		1	99	Ineligible
731	741	164499	DR293	DR-293	ATLAS COPCO DML45/HP DRILL RIG - 293	ATLAS COPCO	DRILL RIG	Mining	0	L/HR	5100.0		1	10	Eligible
732	742	164609	DT28	DT28	TEREX 3700 DUMP TRUCK 28	TEREX	REAR DUMPER	Mining	0	L/HR	3500.0		1	10	Eligible
733	743	164532	DT47	DT47	KOMATSU 930E DUMP TRUCK 47	KOMATSU	DUMP TRUCK	Mining	0	L/HR	4950.0		1	10	Eligible
734	744	164511	DT64	DT64	KOMATSU 930E DUMP TRUCK 64	KOMATSU	DUMP TRUCK	Mining	0	L/HR	4950.0		1	10	Eligible
735	745	164869	DT78	DT-78	KOMATSU 930E DUMP TRUCK 78	KOMATSU	DUMP TRUCK	Mining	0	L/HR	4950.0		1	10	Eligible
736	746	164533	DT79	DT79	KOMATSU 930E DUMP TRUCK 79	KOMATSU	DUMP TRUCK	Mining	0	L/HR	4950.0		1	10	Eligible
737	747	164502	DVX516L	MOG-795	TOYOTA HILUX  2.5D-D S/C    CKS681L-0795	TOYOTA	HILUX SC	Mining	0	KM/L	80.0		1	99	Ineligible
738	748	165282	EAX0548	GN-548		GENIE	BOOM LIFT	Mining	0	L/HR	80.0		1	10	Eligible
739	749	165057	EAX0825	LP-825		SKVA	LIGHTING PLANT	Mining	0	L/HR	600.0		1	10	Eligible
740	750	164565	EDT0026	DT26	TEREX 3700 DUMP TRUCK 26	TEREX	REAR DUMPER	Mining	0	L/HR	3500.0		1	10	Eligible
741	751	164564	EDT0043	DT43	TEREX 4400 DUMP TRUCK 43	TEREX	REAR DUMPER	Mining	0	L/HR	4950.0		1	10	Eligible
742	752	164966	EDT0083	DT83	CATERPILLAR 785 DUMP TRUCK 83	CATERPILLAR	OFF-HIGHWAY TRUCK	Mining	0	L/HR	532.0		1	10	Eligible
743	753	164681	EGR0205	GR-205	CAT 16H GRADER 205	CATERPILLAR	MOTOR GRADER	Mining	0	L/HR	492.0		1	10	Eligible
744	754	164944	EX227	EX-227	CAT 365C SCALING RIG 227	CATERPILLAR	EXCAVATOR	Mining	0	L/HR	1250.0		1	10	Eligible
745	755	178080	EXC222	EXC-222		CATERPILLAR	EXCAVATOR	Mining	0	L/HR	1250.0		1	10	Eligible
746	756	164551	FEL003	FEL-003		CATERPILLAR	WHEEL LOADER	Mining	0	L/HR	200.0		1	10	Eligible
747	757	164520	FEL157	FEL-157	CAT 993K LOADER  WL 157	CATERPILLAR	WHEEL LOADER	Mining	0	L/HR	2000.0		1	10	Eligible
748	758	164607	FEL158	FEL-158	CAT 993K LOADER  WL 158	CATERPILLAR	FRONT-END LOADER	Mining	0	L/HR	200.0		1	10	Eligible
749	759	178081	FGY383L	FGY383L		TOYOTA	QUANTUM	Mining	0	KM/L	70.0		1	99	Ineligible
750	760	164716	FS109	FS-109	RH 340 EXCAVATOR FACE SHOVEL 109	TEREX	FACE SHOVEL	Mining	0	L/HR	5000.0		1	10	Eligible
751	761	164521	FS113	FS-113	RH 340 EXCAVATOR FACE SHOVEL 113	TEREX	FACE SHOVEL	Mining	0	L/HR	450.0		1	10	Eligible
752	762	205342	FS114	FS-114	RH 340 EXCAVATOR FACE SHOVEL 114	TEREX	FACE SHOVEL	Mining	0	L/HR	10700.0		1	10	Eligible
753	763	164850	GN546	GN-546		GENIE	BOOM LIFT	Mining	0	L/HR	80.0		1	10	Eligible
754	764	164650	GR209	GR-209	CAT 16M GRADER 209	CATERPILLAR	MOTOR GRADER	Mining	0	L/HR	2000.0		1	10	Eligible
755	765	178087	HIBS019	HIBS-019		SCANIA	P / R / G SERIES 2002 - ON	Mining	0	L/HR	300.0		1	10	Eligible
756	766	189879	HIBS033	HIBS-033		TOWER LIGHT	LIGHTING PLANT	Support/Maintenance Equip.	0	L/HR	120.0		1	10	Eligible
757	767	165332	LP833	LP-833		SKVA	LIGHTING PLANT	Mining	0	L/HR	600.0		1	10	Eligible
758	768	164509	MCC93	MCC93	CAT 390D EXCAVATOR 1493	CATERPILLAR	OFF-HIGHWAY TRUCK	Mining	0	L/HR	532.0		1	10	Eligible
759	769	178092	MMTL06	MMT-L06		SEM	FRONT END LOADER	Mining	0	L/HR	800.0		1	10	Eligible
760	770	164921	MNC226	MNC226		TOYOTA	HILUX SC	Mining	0	KM/L	80.0		1	99	Ineligible
761	771	164933	MNC227	MNC227		TOYOTA	HILUX 	Mining	0	KM/L	80.0		1	99	Ineligible
762	772	164969	MOG1354	MOG-1354	TOYOTA HILUX 2.5 D-4D D/C CYD384L-1354	TOYOTA	HILUX 	Mining	0	KM/L	80.0		1	99	Ineligible
763	773	164853	MOG1365	MOG1365		TOYOTA	LAND CRUISER 100	Mining	0	KM/L	180.0		1	99	Ineligible
764	775	178124	MOG1380	MOG-1380	TOYOTA HILUX 2.5 D-4D D/C CYH923L-1380	TOYOTA	HILUX SC	Mining	0	KM/L	80.0		1	99	Ineligible
765	776	165120	MOG1395	MOG-1395	TOYOTA LANDCRUISER70 4.2D/C DHV347L-1395	TOYOTA	LAND CRUISER	Mining	0	KM/L	150.0		1	99	Ineligible
766	777	164567	MOG1410	MOG-1410	TOYOTA LANDCRUISER70 4.2D/C DHV347L-1410	TOYOTA	LAND CRUISER	Mining	0	KM/L	150.0		1	99	Ineligible
767	778	164679	MOG1420	MOG-1420	TOYOTA HINO 33S BUS - DLP088L - 1420	TOYOTA	HINO	Mining	0	KM/L	150.0		1	99	Ineligible
768	779	164587	MOG1425	MOG-1425	TOYOTA HILUX 2.8L D/C GD6 EMERGENCY 1425	TOYOTA	HILUX 	Mining	0	KM/L	80.0		1	99	Ineligible
769	780	178136	MOG1437	MOG-1437	TOYOTA HILUX 2.7 VVT-I D-CAB 1437	TOYOTA	HILUX 	Mining	0	KM/L	80.0		1	99	Ineligible
770	781	164822	MOG1445	MOG-1445	TOYOTA HILUX DC2.8 RAIDER X15 1445	TOYOTA	HILUX 	Mining	0	KM/L	80.0		1	99	Ineligible
771	782	178144	MOG1462	GSL145L	TOYOTA CRUISER DC 4.2D DWX409L-1462	TOYOTA	LAND CRUISER	Mining	0	KM/L	130.0		1	99	Ineligible
772	783	178148	MOG1466	GSP828L	TOYOTA CRUISER DWX347L-1466	TOYOTA	LAND CRUISER	Mining	0	KM/L	130.0		1	99	Ineligible
773	784	178160	MOG1478	MOG-1478	TOYOTA CRUISER DC 4.5D 1478	TOYOTA	HILUX SC	Mining	0	KM/L	80.0		1	99	Ineligible
774	785	164698	MOG1480	MOG-1480	TOYOTA CRUISER DC 4.5D 1480	TOYOTA	LAND CRUISER	Mining	0	KM/L	130.0		1	99	Ineligible
775	786	164642	MOG1498	MOG-1498		TOYOTA	LAND CRUISER	Mining	0	KM/L	130.0		1	99	Ineligible
776	787	165081	MOG1512	MOG-1512	HINO 300 WELDING TRUCK -1512	TOYOTA	DYNA	Mining	0	KM/L	100.0		1	99	Ineligible
777	788	164863	MOG1517	MOG-1517		TOYOTA	HINO	Mining	0	KM/L	480.0		1	99	Ineligible
778	789	178166	MOG225	MOG-225		CATERPILLAR	EXCAVATOR	Mining	0	L/HR	1241.0		1	10	Eligible
779	790	178170	MOG540	MOG-540		MERCEDEZ-BENZ	AXOR	Mining	0	KM/L	450.0		1	99	Ineligible
780	791	165832	MOG767	MOG767	TOYOTA HILUX 3.0D           CHV917L-0767	TOYOTA	HILUX 	Mining	0	L/100KM	80.0		1	99	Ineligible
781	792	178185	MOG862	MOG-862	TOYOTA HILUX  2.5D-4D D/C   CNJ758L-0862	TOYOTA	HILUX SC	Mining	0	KM/L	80.0		1	99	Ineligible
782	793	164904	MOG877	MOG-877	TOYOTA LAND CRUISER 70 PU   CRJ365L-0877	TOYOTA	LAND CRUISER	Mining	0	KM/L	150.0		1	99	Ineligible
783	794	164568	MOG882	MOG-882	TOYOTA QUANTUM 14 SEATER -882	TOYOTA	HILUX 	Mining	0	KM/L	80.0		1	99	Ineligible
784	795	165124	MOG899	MOG-899	TOYOTA HILUX 3.0 D-4D D/C - 899	TOYOTA	HILUX 	Mining	0	KM/L	80.0		1	99	Ineligible
785	796	164943	PV149	PV-149	PIT VIPER DRILL RIG 351E 149	PIT VIPER	DRILL	Mining	0	L/HR	750.0		1	10	Eligible
786	797	164728	SC1500	SC-1500		LIEBHERR	SCALING RIG	Mining	0	L/HR	1750.0		1	10	Eligible
787	798	189842	SSR467XT	SSR467XT		GROUNDPROBE	SLOPE STABILITY RADAR	Support/Maintenance Equip.	0	None	50.0		1	99	Ineligible
788	799	164626	TD238	TD-238	CAT D10T TRACK DOZER 238	CATERPILLAR	DOZER	Mining	0	L/HR	2120.0		1	10	Eligible
789	800	164670	TD243	TD-243	CAT D10T TRACK DOZER 243	CATERPILLAR	DOZER	Mining	0	L/HR	2120.0		1	10	Eligible
790	801	164789	TD244	TD-244	CAT D10T TRACK DOZER 244	CATERPILLAR	DOZER	Mining	0	L/HR	2120.0		1	10	Eligible
791	802	164583	TD247	TD-247	KOMATSU D475 TRACK DOZER 247	CATERPILLAR	DOZER	Mining	0	L/HR	1670.0		1	10	Eligible
792	803	213347	WD194	WD-194		CATERPILLAR	WHEEL LOADER	Mining	0	L/HR	1563.0		1	10	Eligible
793	804	166045	WD539	WD-539		CATERPILLAR	WHEEL LOADER	Mining	0	L/HR	900.0		1	10	Eligible
794	805	165720	WP1131	WP-1131		WATER PUMP	WATER PUMP	Mining	0	L/HR	1000.0		1	10	Eligible
795	806	164541	153	FEL-153	CAT 992G LOADER  WL 153	CATERPILLAR	WHEEL LOADER	Mining	0	L/HR	1562.0		1	10	Eligible
796	807	180669	BULK137	BULK137		Diesel Bowser	DIESEL BOWSER	Bowser	0	None	9000.0		1	99	Ineligible
797	808	164972	CAC004	CAC-004		ISUZU	DROPSIDE	Mining	0	KM/L	7700.0		1	99	Ineligible
798	809	164591	CAZ102	CAZ-102		EAZI ACCESS	CHERRY PICKER	Mining	0	L/HR	300.0		1	10	Eligible
799	810	230596	CBG004	CBG004		ATLAS COPCO	DRILL RIG	Mining	0	L/HR	1200.0		1	10	Eligible
800	811	213331	CBME004	CBME-004		IVECO	TRAKKER	Mining	0	KM/L	420.0		1	99	Ineligible
801	812	164666	CBME634	DSV513L		TOYOTA	HILUX 	Mining	0	KM/L	80.0		1	99	Ineligible
802	813	165077	CBME636	DSV538L		TOYOTA	HILUX 	Mining	0	L/100KM	80.0		1	99	Ineligible
803	814	164668	CDA274	CDA-274		MASSEY FERGUSON	TRACTOR	Mining	0	L/HR	160.0		1	10	Eligible
804	815	164743	CGS822L	MOG-572	TOYOTA HINO 300 3814 CGS822L-572	TOYOTA	HILUX SC	Mining	0	KM/L	80.0		1	99	Ineligible
805	816	165022	CGS832L	CGS832L		TOYOTA	HILUX 	Mining	0	L/100KM	80.0		1	99	Ineligible
806	817	164711	CHIBS14	CHIBS-14		SCANIA	P / R / G SERIES 2002 - ON	Mining	0	L/HR	300.0		1	10	Eligible
807	818	165665	CHM002	CHM-002		NISSAN	NV350 IMPENDULO	Mining	0	KM/L	65.0		1	99	Ineligible
808	819	164759	CHM012	CHM-012		JCB	TLB	Mining	0	L/HR	124.0		1	10	Eligible
809	820	177938	CJAQ002	CJAQ-002		TOYOTA	HILUX SC	Mining	0	KM/L	80.0		1	99	Ineligible
810	821	164872	CJZ661L	CJZ661L		TOYOTA	HILUX 	Mining	0	L/100KM	160.0		1	99	Ineligible
811	823	217327	CKJ015	CKJ015		TOYOTA	LAND CRUISER	Light Vehicle	0	KM/L	180.0		1	99	Ineligible
812	824	213327	CKJ02	CKJ-02		CATERPILLAR	OFF-HIGHWAY TRUCK	Mining	0	L/HR	532.0		1	10	Eligible
813	825	189835	CKJ05	CKJ-05		CATERPILLAR	OFF-HIGHWAY TRUCK	Mining	0	L/HR	532.0		1	10	Eligible
814	826	164592	CMAL001	CMAL-001		KOMATSU	DUMP TRUCK	Mining	0	L/HR	1050.0		1	10	Eligible
815	827	177975	CMH003	CMH-003		TOYOTA	HILUX SC	Mining	0	KM/L	80.0		1	99	Ineligible
816	828	164761	CMH006	CMH-006		IVECO	DAILY	Mining	0	KM/L	380.0		1	99	Ineligible
817	829	165066	CMH008	CMH-008		NISSAN	NV350 IMPENDULO	Mining	0	KM/L	65.0		1	99	Ineligible
818	830	164575	CMON003	CMON003		RONDEBULT	FRONT END LOADER	Mining	0	L/HR	400.0		1	10	Eligible
819	831	164632	CNG722L	MOG-857	TOYOTA HILUX  2.5D-4D D/C   CNG722L-0857	TOYOTA	HILUX SC	Mining	0	KM/L	80.0		1	99	Ineligible
820	832	164995	CON002	CON-002		ALLMAND	LIGHT TOWER	Mining	0	L/HR	250.0		1	10	Eligible
821	833	164750	CON008.	CON008		CATERPILLAR	WHEEL LOADER	Mining	0	L/HR	314.0		1	10	Eligible
822	834	164912	CON02	CON-02		ALLMAND	LIGHT TOWER	Mining	0	L/HR	250.0		1	10	Eligible
823	835	164830	CON038	CON-038		CATERPILLAR	EXCAVATOR	Mining	0	L/HR	620.0		1	10	Eligible
824	836	164914	CON5259	CON-5259		LIEBHERR	EXCAVATOR	Mining	0	L/HR	1585.0		1	10	Eligible
825	837	164859	CON526	CON526		KOMATSU	DUMP TRUCK	Mining	0	L/HR	1050.0		1	10	Eligible
826	838	164703	CON5855	CON-5855		TOYOTA	HILUX SC	Mining	0	KM/L	80.0		1	99	Ineligible
827	839	164671	CON5926	CON-5926		TOYOTA	HILUX 	Mining	0	KM/L	80.0		1	99	Ineligible
828	840	164719	CON617	CON617		VOLVO	ARTICULATED DUMP TRUCK	Mining	0	L/HR	800.0		1	10	Eligible
829	841	164980	CON755	CON-755		LINCOLN	WELDER	Mining	0	L/HR	70.0		1	10	Eligible
830	842	164903	CON918	CON-918		CATERPILLAR	OFF-HIGHWAY TRUCK	Mining	0	L/HR	532.0		1	10	Eligible
831	844	164555	CON931	CON-931		KOMATSU	DUMP TRUCK	Mining	0	L/HR	780.0		1	10	Eligible
832	845	178027	CON968	CON-968		WATER BOWSER	WATER BOWSER	Mining	0	None	250.0		1	99	Ineligible
833	846	164907	CP523	CP-523		KOMATSU	DUMP TRUCK	Mining	0	L/HR	780.0		1	10	Eligible
834	847	164712	CPD024S	CPD024S		VOLVO	ARTICULATED DUMP TRUCK	Mining	0	L/HR	547.0		1	10	Eligible
835	849	178038	CR192	CR-192		KOMATSU	DOZER	Mining	0	None	600.0		1	99	Ineligible
836	850	164629	CXG945L	MOG-890	TOYOTA HILUX  2.5D-4D D/C   -0890	TOYOTA	HILUX SC	Mining	0	KM/L	80.0		1	99	Ineligible
837	851	164841	CYD379L	MOG1361	TOYOTA L/CRUISER 79 4.2 S/C CYD379L-1361	TOYOTA	LAND CRUISER 100	Mining	0	KM/L	180.0		1	99	Ineligible
838	852	164876	CYD385L	MOG1360	TOYOTA HILUX 2.5 D-4D D/C CYD385L-1360	TOYOTA	HILUX 	Mining	0	KM/L	80.0		1	99	Ineligible
839	853	164768	CYD390L	MOG1359	TOYOTA HILUX 2.5 D-4D D/C CYD390L-1359	TOYOTA	HILUX 	Mining	0	KM/L	80.0		1	99	Ineligible
840	854	164724	CYD404L	MOG1340	TOYOTA HILUX 2.5 D-4D S/C CYD404L-1340	TOYOTA	HILUX 	Mining	0	KM/L	80.0		1	99	Ineligible
841	855	164559	CYD410L	MOG1345	TOYOTA HILUX 2.5 D-4D S/C CYD410L-1345	TOYOTA	HILUX 	Mining	0	KM/L	80.0		1	99	Ineligible
842	856	164705	CYD416L	MOG1335	TOYOTA HILUX 2.5 D-4D S/C CYD416L-1335	TOYOTA	HILUX 	Mining	0	KM/L	80.0		1	99	Ineligible
843	857	164975	CYD419L	CYD419L	TOYOTA HILUX 2.5 D-4D S/C  CYD419L-1351	TOYOTA	HILUX 	Mining	0	KM/L	80.0		1	99	Ineligible
844	858	164868	CYH920L.	CYH920L.		TOYOTA	AURIS	Mining	0	KM/L	55.0		1	99	Ineligible
845	859	165697	DB270	DB-270	CAT 740B DIESEL BOWSER 270	Diesel Bowser	OWN TANK	Mining	0	L/HR	6500.0		1	10	Eligible
846	860	236910	DT58	DT58	KOMATSU 930E DUMP TRUCK 58	KOMATSU	DUMP TRUCK	Dump Truck	0	L/HR	4950.0		1	10	Eligible
847	861	164493	DT60	DT60	KOMATSU 930E DUMP TRUCK 60	KOMATSU	DUMP TRUCK	Mining	0	L/HR	4950.0		1	10	Eligible
848	862	164497	DT75	DT75	KOMATSU 930E DUMP TRUCK 75	KOMATSU	DUMP TRUCK	Mining	0	L/HR	4950.0		1	10	Eligible
849	863	164558	DT76	DT76	KOMATSU 930E DUMP TRUCK 76	KOMATSU	DUMP TRUCK	Mining	0	L/HR	4950.0		1	10	Eligible
850	864	164631	DT94	DT94	CAT 777F DUMP TRUCK 94	CATERPILLAR	OFF-HIGHWAY TRUCK	Mining	0	L/HR	532.0		1	10	Eligible
851	865	164906	EAX0545	GN-545		GENIE	BOOM LIFT	Mining	0	L/HR	80.0		1	10	Eligible
852	866	164941	EAX0561	HIAB-570		HIAB	TIPPER TRUCK	Mining	0	L/HR	400.0		1	10	Eligible
853	867	164578	EDT0041	DT41	TEREX 4400 DUMP TRUCK 41	TEREX	REAR DUMPER	Mining	0	L/HR	4950.0		1	10	Eligible
854	868	164594	EDT0042	DT42	TEREX 4400 DUMP TRUCK 42	TEREX	REAR DUMPER	Mining	0	L/HR	4950.0		1	10	Eligible
855	869	165061	EEX0226	EX-226		CATERPILLAR	EXCAVATOR	Mining	0	L/HR	1250.0		1	10	Eligible
856	870	232717	EX1493	EX1493		CATERPILLAR	EXCAVATOR	Excavator	0	L/HR	1241.0		1	10	Eligible
857	871	164801	EX1496	EX-1496	CAT 390D EXCAVATOR 1496	CATERPILLAR	EXCAVATOR	Mining	0	L/HR	1240.0		1	10	Eligible
858	872	165301	EX1498	EX-1498		CATERPILLAR	EXCAVATOR	Mining	0	L/HR	500.0		1	10	Eligible
859	873	164985	EXC300	EXC-300		CATERPILLAR	EXCAVATOR	Mining	0	L/HR	500.0		1	10	Eligible
860	874	164834	FL513	FL-513	CAT 12T FORKLIFT 513	HYSTER	FORKLIFT	Mining	0	L/HR	250.0		1	10	Eligible
861	875	178082	FY09TZGP	GAFS1		TOYOTA	HILUX SC	Mining	0	KM/L	80.0		1	99	Ineligible
862	876	165014	G031	G-031		CATERPILLAR	MOTOR GRADER	Mining	0	L/HR	492.0		1	10	Eligible
863	877	164916	GN550	GN-550		GENERATOR	GENERATOR	Mining	0	None	100.0		1	99	Ineligible
864	878	164519	GR208	GR-208	CAT 16M GRADER 208	CATERPILLAR	MOTOR GRADER	Mining	0	L/HR	2000.0		1	10	Eligible
865	879	189853	GR212	GR-212		CATERPILLAR	MOTOR GRADER	Mining	0	L/HR	910.0		1	10	Eligible
866	880	217302	GR213	GR-213		CATERPILLAR	MOTOR GRADER	Mining	0	L/HR	1326.0		1	10	Eligible
867	881	164627	GVF001	GVF001		MASTER AUTHORISER	AUTHORISER	Mining	0	L/100KM	99999.0		1	99	Ineligible
868	882	213340	HEX002	HEX-002		CATERPILLAR	EXCAVATOR	Mining	0	L/HR	2020.0		1	10	Eligible
869	883	213318	HIBS008	HIBS-008		KOMATSU	EXCAVATOR	Mining	0	L/HR	540.0		1	10	Eligible
870	884	178086	HIBS017	HIBS-017		SCANIA	P / R / G SERIES 2002 - ON	Mining	0	L/HR	300.0		1	10	Eligible
871	885	164926	LC556	LC-556		LIEBHERR	CRANE	Mining	0	L/HR	500.0		1	10	Eligible
872	887	165229	LP812	LP-812		SKVA	LIGHTING PLANT	Mining	0	L/HR	600.0		1	10	Eligible
873	888	165007	LP824	LP-824		SKVA	LIGHTING PLANT	Mining	0	L/HR	600.0		1	10	Eligible
874	890	165161	M0G1386	M0G-1386		TOYOTA	HILUX 	Mining	0	L/100KM	80.0		1	99	Ineligible
875	891	164527	MCCA126	BULKA126		VOLVO	ARTICULATED DUMP TRUCK	Bowser	0	L/HR	34000.0		1	10	Eligible
876	892	164931	MCCL997	MCCL997		CATERPILLAR	WHEEL LOADER	Mining	0	L/HR	1600.0		1	10	Eligible
877	893		MERGEDDELETED	DT33		CATERPILLAR	LOAD HAUL DUMPER			None	4224.0		1	99	Ineligible
878	894	164981	MNC294	MNC294		TOYOTA	HILUX 	Mining	0	L/100KM	80.0		1	99	Ineligible
879	895	164799	MOG1131	MOG1131		DEUTZ	WATER PUMP	Mining	0	L/HR	1000.0		1	10	Eligible
880	896	165093	MOG1336	MOG-1336	TOYOTA HILUX 2.5 D-4D S/C CYD402L-1336	TOYOTA	HILUX 	Mining	0	L/100KM	80.0		1	99	Ineligible
881	897	164746	MOG1371	MOG-1371	TOYOTA QUANTUM  D-4D 14SBUS-CYD372L-1371	TOYOTA	HILUX SC	Mining	0	KM/L	80.0		1	99	Ineligible
882	898	164672	MOG1379	MOG1379		TOYOTA	HILUX 	Mining	0	KM/L	80.0		1	99	Ineligible
883	899	164832	MOG1385	MOG1385	NISSAN NIVARA 2.5DCI XE D/C 4X4 - 1385	TOYOTA	HILUX 	Mining	0	KM/L	80.0		1	99	Ineligible
884	900	165088	MOG1390	MOG-1390	TOYOTA LANDCRUISER70 4.2D/C DHV347L-1390	TOYOTA	LAND CRUISER	Mining	0	KM/L	150.0		1	99	Ineligible
885	901	164767	MOG1394	MOG-1394	TOYOTA LANDCRUISER70 4.2D/C DHV909L-1394	TOYOTA	LAND CRUISER	Mining	0	KM/L	150.0		1	99	Ineligible
886	902	165148	MOG1405	MOG-1405	TOYOTA LANDCRUISER70 4.2D/C DHV347L-1405	TOYOTA	LAND CRUISER	Mining	0	KM/L	150.0		1	99	Ineligible
887	903	178131	MOG1431	MOG-1431	TOYOTA QUANTUM MINI BUS (DBK539L) 1431	TOYOTA	HILUX SC	Mining	0	KM/L	80.0		1	99	Ineligible
888	904	178151	MOG1469	GSY314L	TOYOTA CRUISER DC 4.2D DWX903L-1469	TOYOTA	LAND CRUISER	Mining	0	KM/L	130.0		1	99	Ineligible
889	905	178153	MOG1471	MOG-1471		TOYOTA	LAND CRUISER	Mining	0	KM/L	130.0		1	99	Ineligible
890	906	178155	MOG1473	MOG-1473	TOYOTA CRUISER DC 4.2D DWX364L - 1473	TOYOTA	LAND CRUISER	Mining	0	KM/L	130.0		1	99	Ineligible
891	907	178156	MOG1474	GSL167L	TOYOTA CRUISER DC 4.2D 1474	TOYOTA	LAND CRUISER	Mining	0	KM/L	130.0		1	99	Ineligible
892	908	178159	MOG1477	GVM756L	TOYOTA TROOPER 1477	TOYOTA	LAND CRUISER	Mining	0	KM/L	130.0		1	99	Ineligible
893	909	164802	MOG1565	MOG-1565	HINO 700 HI-AB TRUCK 1565 - 10534KM	TOYOTA	HINO	Mining	0	KM/L	100.0		1	99	Ineligible
894	910	164817	MOG1612	MOG-1612		MOBILE	BOWSER	Bowser	0	None	1000.0		1	99	Ineligible
895	911	164990	MOG385	MOG-385		TOYOTA	HILUX 	Mining	0	L/100KM	80.0		1	99	Ineligible
896	912	164819	MOG900	MOG-900		TOYOTA	HINO	Mining	0	L/HR	480.0		1	10	Eligible
897	913	165164	NC01	NC-01		Diesel Bowser	DIESEL BOWSER	Bowser	0	L/HR	3255.0		1	10	Eligible
898	914	213357	PV131	PV-131		PIT VIPER	DRILL	Mining	0	L/HR	2650.0		1	10	Eligible
899	915	164563	SCJCH	SC-JCH		CRANE	CRANE	Crane	0	L/HR	220.0		1	10	Eligible
900	916	217291	TD1662	TD-1662		KOMATSU	DOZER	Mining	0	L/HR	1200.0		1	10	Eligible
901	917	213359	TD241	TD-241	CAT D10T TRACK DOZER 241	CATERPILLAR	DOZER	Mining	0	L/HR	1190.0		1	10	Eligible
902	918	164945	TH166	TH-166		CATERPILLAR	WHEEL DOZER	Mining	0	L/HR	400.0		1	10	Eligible
903	919	165256	TH508	TH-508		CATERPILLAR	WHEEL LOADER	Mining	0	L/HR	712.0		1	10	Eligible
904	920	164646	WD183	WD-183	CAT 834H TYRE DOZER 183	CATERPILLAR	WHEEL DOZER	Mining	0	L/HR	1137.0		1	10	Eligible
905	921	164929	WELD381	WELD-381		FORKLIFT	FORKLIFT	Mining	0	L/HR	150.0		1	10	Eligible
906	922	164811	WP1024	WP1024		DEUTZ	WATER PUMP	Mining	0	L/HR	1000.0		1	10	Eligible
907	923	165145	ZWJ545GP	CAE-014		TOYOTA	HILUX 	Mining	0	KM/L	80.0		1	99	Ineligible
908	925	240505	CON919	CON919		CATERPILLAR	OFF-HIGHWAY TRUCK	Dump Truck	0	L/HR	532.0		1	10	Eligible
909	926	231696	MOG1509	MOG-1509		HINO	300 SERIES TRUCK	Mining	0	KM/L	700.0		1	99	Ineligible
910	927	242171	MOG1540	MOG-1540		GENERATOR	GENERATOR	Generator	0	None	1000.0		1	99	Ineligible
911	928	231752	CBME187	CBME187		IVECO	TRAKKER	Mining	0	None	690.0		1	99	Ineligible
912	929		CON890	RNF		(To Be Updated)	(To Be Updated)			None	972.0		1	99	Ineligible
913	930	231685	CMOLTA3	CMOLTA-3		MERCEDEZ-BENZ	SPRINTER	Light Vehicle	0	KM/L	120.0		1	99	Ineligible
914	931	233676	MOG1709	MOG1709		TOYOTA	HILUX 	Light Vehicle	0	KM/L	80.0		1	99	Ineligible
915	932	231751	CPD007	CPD-007		KOMATSU	WHEEL LOADER	Mining	0	L/HR	700.0		1	10	Eligible
916	933	242567	RS107	RS-107		O&K	FACE SHOVEL	Excavator/Shovel	0	L/HR	1200.0		1	10	Eligible
917	934		MOG154	RNF		(To Be Updated)	(To Be Updated)			None	1572.0		1	99	Ineligible
918	935	235857	MOG226	MOG-226		CATERPILLAR	EXCAVATOR	Excavator	0	L/HR	1241.0		1	10	Eligible
919	936		DT35B	RNF		(To Be Updated)	(To Be Updated)			None	4376.0		1	99	Ineligible
920	937	234282	MOG1460	MOG-1460		TOYOTA	HILUX 	Light Vehicle	0	KM/L	80.0		1	99	Ineligible
921	938	234285	CMO004	CMO-004		MERCEDES BENZ       	SPRINTER	Light Vehicle	0	KM/L	80.0		1	99	Ineligible
922	939	231691	CMON004	CMON-004		MERCEDEZ-BENZ	WATER TRUCK	Water Tanker	0	KM/L	300.0		1	99	Ineligible
923	940	231693	CHIBS05	CHIBS-05		KOMATSU	BOWSER	Bowser	0	None	5000.0		1	99	Ineligible
924	941	240259	WT336	WT336	KOMATSU HD 785-7 WATER TRUCK 336	KOMATSU	WATER TANKER	Water Bowser	0	L/HR	1000.0		1	10	Eligible
925	942	235657	CKJ12GR	CKJ12GR		CATERPILLAR	MOTOR GRADER	Grader	0	L/HR	496.0		1	10	Eligible
926	943		DR79WDGP	RNF		(To Be Updated)	(To Be Updated)			None	52.899999999999999		1	99	Ineligible
927	944	233686	WB325	WB-325		CATERPILLAR	WATER TRUCK	Water Tanker	0	L/HR	400.0		1	10	Eligible
928	945	165845	DR146	DR-146		PIT VIPER	DRILL	Mining	0	L/HR	750.0		1	10	Eligible
929	946	233688	DT338	DT338		CATERPILLAR	DIESEL BOWSER	Bowser	0	L/HR	500.0		1	10	Eligible
930	947		PFAFS	RNF		(To Be Updated)	(To Be Updated)			None	500.0		1	99	Ineligible
931	948	165514	CRD003	CRD-003		CATERPILLAR	WHEEL LOADER	Mining	0	L/HR	1150.0		1	10	Eligible
932	949	234286	CLEH004	CLEH-004		ISUZU	KB	Light Vehicle	0	KM/L	80.0		1	99	Ineligible
933	950		MHAFS	RNF		(To Be Updated)	(To Be Updated)			None	3671.0		1	99	Ineligible
934	951		CBE001	RNF		(To Be Updated)	(To Be Updated)			None	64.099999999999994		1	99	Ineligible
935	952		HEX001	RNF		(To Be Updated)	(To Be Updated)			None	1581.0		1	99	Ineligible
936	953		DT002	RNF		(To Be Updated)	(To Be Updated)			None	5900.9899999999998		1	99	Ineligible
937	954		CSFK001	RNF		(To Be Updated)	(To Be Updated)			None	64.400000000000006		1	99	Ineligible
938	956		CAE073	RNF		(To Be Updated)	(To Be Updated)			None	300.36000000000001		1	99	Ineligible
939	957	233675	MOG508	MOG508		CATERPILLAR	Unknown	Wheel Loader	0	L/HR	712.0		1	10	Eligible
940	958		AFSWB	RNF		(To Be Updated)	(To Be Updated)			None	900.39999999999998		1	99	Ineligible
941	959		CON030	RNF		(To Be Updated)	(To Be Updated)			None	105.0		1	99	Ineligible
942	960		MACBAR	RNF		(To Be Updated)	(To Be Updated)			None	854.0		1	99	Ineligible
943	961		MOG1482	RNF		(To Be Updated)	(To Be Updated)			None	57.609999999999999		1	99	Ineligible
944	962		MCCM387	RNF		(To Be Updated)	(To Be Updated)			None	192.0		1	99	Ineligible
945	963	231746	LP839	LP-839		LIGHTING PLANT	LIGHTING PLANT	Lighting Plant	0	None	200.0		1	99	Ineligible
946	964	233677	MOG1707	MOG1707		TOYOTA	HILUX 	Light Vehicle	0	KM/L	80.0		1	99	Ineligible
947	965	235864	CBM002	CBM-002		FORD	RANGER	Light Vehicle	0	KM/L	80.0		1	99	Ineligible
948	966		CAE020	RNF		(To Be Updated)	(To Be Updated)			None	66.0		1	99	Ineligible
949	967		JAC003	RNF		(To Be Updated)	(To Be Updated)			None	7.0		1	99	Ineligible
950	968		CON526D	RNF		(To Be Updated)	(To Be Updated)			None	846.0		1	99	Ineligible
951	969	230801	CON506G	CON-506G		GENERATOR	GENERATOR	Generator	0	None	1100.0		1	99	Ineligible
952	970	240955	EC072	EC-072		CRANE	CRANE	Crane	0	None	220.0		1	99	Ineligible
953	971	230751	HIBS022	HIBS-022		SCANIA	TRUCK	Mining	0	L/HR	300.0		1	10	Eligible
954	972		MOG244	RNF		(To Be Updated)	(To Be Updated)			None	877.0		1	99	Ineligible
955	973	232719	MOG780	MOG780		TOYOTA	QUANTUM	Light Vehicle	0	KM/L	70.0		1	99	Ineligible
956	974		CON572	RNF		(To Be Updated)	(To Be Updated)			None	59.0		1	99	Ineligible
957	976	242880	MOG525	MOG-525		COMPRESSOR	COMPRESSOR	Compressor	0	None	1300.0		1	99	Ineligible
958	977		CAE021	RNF		(To Be Updated)	(To Be Updated)			None	66.109999999999999		1	99	Ineligible
959	978		HPBULK01	RNF		(To Be Updated)	(To Be Updated)			None	4107.3000000000002		1	99	Ineligible
960	979		CAE022	RNF		(To Be Updated)	(To Be Updated)			None	65.299999999999997		1	99	Ineligible
961	980	242170	MOG1494	MOG-1494		CATERPILLAR	EXCAVATOR	Excavator	0	L/HR	1240.0		1	10	Eligible
962	981		MOG182	RNF		(To Be Updated)	(To Be Updated)			None	1348.0		1	99	Ineligible
963	982	213371	LHMT028	LHMT028		LIGHTING PLANT	LIGHTING PLANT	Support/Maintenance Equip.	0	None	200.0		1	99	Ineligible
964	983	232725	DT55	DT55		KOMATSU	DUMP TRUCK	Dump Truck	0	L/HR	4542.0		1	10	Eligible
965	984	242163	MOG552	MOG552		GENIE	BOOM LIFT	Mining	0	None	76.0		1	99	Ineligible
966	985	234281	MOT333	MOT-333		CATERPILLAR	OFF-HIGHWAY TRUCK	Dump Truck	0	L/HR	1893.0		1	10	Eligible
967	986	233679	MOG1489	MOG-1489		TOYOTA	LAND CRUISER	Light Vehicle	0	KM/L	130.0		1	99	Ineligible
968	988	242578	MNC200	MNC200		TEREX	CRANE	Crane	0	L/HR	300.0		1	10	Eligible
969	990		CON072	RNF		(To Be Updated)	(To Be Updated)			None	1133.0		1	99	Ineligible
970	991		AFSSD	RNF		(To Be Updated)	(To Be Updated)			None	1214.0		1	99	Ineligible
971	992	230766	HIBS039	HIBS-039		KOMATSU	DOZER	Light Vehicle	0	L/HR	400.0		1	10	Eligible
972	993		WMAFS01	RNF		(To Be Updated)	(To Be Updated)			None	3360.0		1	99	Ineligible
973	994	231395	MOG1706	MOG1706		TOYOTA	HILUX 	Light Vehicle	0	KM/L	80.0		1	99	Ineligible
974	995		PMLED040	RNF		(To Be Updated)	(To Be Updated)			None	516.0		1	99	Ineligible
975	996	230752	HIBS024	HIBS-024		SCANIA	TRUCK	Mining	0	L/HR	300.0		1	10	Eligible
976	997		MOG363	RNF		(To Be Updated)	(To Be Updated)			None	71.900000000000006		1	99	Ineligible
977	998	235658	ARCSAR03	ARCSAR03		RADAR	RADAR	Radar	0	L/HR	300.0		1	10	Eligible
978	999	239822	CON2554	CON2554		LIGHTING PLANT	LIGHTING PLANT	Lighting Plant	0	None	100.0		1	99	Ineligible
979	1000	233685	MAL003	MAL-003		CATERPILLAR	EXCAVATOR	Excavator	0	L/HR	618.0		1	10	Eligible
980	1001	233683	CMO001	CMO-001		MERCEDES BENZ       	SPRINTER	Light Vehicle	0	KM/L	80.0		1	99	Ineligible
981	1003	235859	MOG1488	MOG1488		TOYOTA	LAND CRUISER	Light Vehicle	0	KM/L	130.0		1	99	Ineligible
982	1004	231690	MOG1353	MOG-1353	TOYOTA HILUX 2.5 D-4D D/C CYD391L-1353	TOYOTA	HILUX 	Light Vehicle	0	KM/L	80.0		1	99	Ineligible
983	1005		MOG384	RNF		(To Be Updated)	(To Be Updated)			None	59.0		1	99	Ineligible
984	1006		AFSWM	RNF		(To Be Updated)	(To Be Updated)			None	2026.0		1	99	Ineligible
985	1007		CON976	RNF		(To Be Updated)	(To Be Updated)			None	74.200000000000003		1	99	Ineligible
986	1008		DG065	RNF		(To Be Updated)	(To Be Updated)			None	170.02000000000001		1	99	Ineligible
987	1009		CON503	RNF		(To Be Updated)	(To Be Updated)			None	650.0		1	99	Ineligible
988	1010		CON100	RNF		(To Be Updated)	(To Be Updated)			None	127.0		1	99	Ineligible
989	1011	231711	MOG1499	MOG-1499		CATERPILLAR	EXCAVATOR	Excavator	0	L/HR	620.0		1	10	Eligible
990	1012		TFL102	RNF		(To Be Updated)	(To Be Updated)			None	370.5		1	99	Ineligible
991	1014	231391	CMHEX01	CMH-EX01		CATERPILLAR	EXCAVATOR	Mining	0	L/HR	1699.0		1	10	Eligible
992	1015		1641	RNF	CATERPILLAR 745 LOW BED 1641	(To Be Updated)	(To Be Updated)			None	525.0		1	99	Ineligible
993	1016		MOG207	RNF		(To Be Updated)	(To Be Updated)			None	441.0		1	99	Ineligible
994	1017	233687	DT239	DT239		CATERPILLAR	TRACK DOZER	Dozer	0	L/HR	1204.0		1	10	Eligible
995	1018	246043	CHIBS27	CHIBS27		SCANIA	TIPPER TRUCK	Heavy Vehicle	0	KM/L	300.0		1	99	Ineligible
996	1019	232722	MOG330	MOG-330		DRILL	DRILL	Drill Rig	0	L/HR	200.0		1	10	Eligible
997	1020		CON011	RNF		(To Be Updated)	(To Be Updated)			None	1002.0		1	99	Ineligible
998	1021		DAS644R	RNF		(To Be Updated)	(To Be Updated)			None	350.0		1	99	Ineligible
999	1023	231747	LP840	LP840		LIGHTING PLANT	LIGHTING PLANT	Lighting Plant	0	None	200.0		1	99	Ineligible
1000	1024	230750	HIBS023	HIBS-023		SCANIA	TRUCK	Mining	0	L/HR	300.0		1	10	Eligible
1001	1025		AFSMH	RNF		(To Be Updated)	(To Be Updated)			None	4270.0		1	99	Ineligible
1002	1026		EP100	RNF		(To Be Updated)	(To Be Updated)			None	2536.0		1	99	Ineligible
1003	1027	232718	MOG521	MOG-521		COMPRESSOR	COMPRESSOR	Compressor	0	None	1300.0		1	99	Ineligible
1004	1028	233674	MOG513	MOG-513		HYSTER	FORKLIFT	Mining	0	L/HR	250.0		1	10	Eligible
1005	1029		CON2510	RNF		(To Be Updated)	(To Be Updated)			None	78.299999999999997		1	99	Ineligible
1006	1030		CBE002	RNF		(To Be Updated)	(To Be Updated)			None	66.799999999999997		1	99	Ineligible
1007	1031		DKAFS	RNF		(To Be Updated)	(To Be Updated)			None	3089.0		1	99	Ineligible
1008	1032	243330	MOG539	MOG539		CATERPILLAR	WHEEL LOADER	Loader	0	L/HR	270.0		1	10	Eligible
1009	1033	236548	MOG227	MOG-227		CATERPILLAR	EXCAVATOR	Excavator	0	L/HR	1240.0		1	10	Eligible
1010	1034	233678	MOG1704	MOG-1704		TOYOTA	LAND CRUISER	Light Vehicle	0	KM/L	130.0		1	99	Ineligible
1011	1035	165738	CON937	CON937		LIEBHERR	EXCAVATOR	Mining	0	L/HR	1460.0		1	10	Eligible
1012	1036	240686	DB1901	DB-1901		Diesel Tank	DIESEL TANK TRAILER	Bulk Tank	0	None	1000.0		1	99	Ineligible
1013	1037	234283	MOG1201	MOG-1201	MERCEDEZ AMBULANCE FBZ368N - 1201	MERCEDES BENZ       	SPRINTER	Light Vehicle	0	KM/L	80.0		1	99	Ineligible
1014	1038		CON007	RNF		(To Be Updated)	(To Be Updated)			None	271.89999999999998		1	99	Ineligible
1015	1040	231753	CBME188	CBME188		IVECO	TRAKKER	Mining	0	KM/L	690.0		1	99	Ineligible
1016	1041	178182	MOG779	MOG-779		TOYOTA	HILUX SC	Mining	0	KM/L	80.0		1	99	Ineligible
1017	1042	231710	MOG534	MOG534		LIEBHERR	CRANE	Mining	0	None	1500.0		1	99	Ineligible
1018	1043		WB334	RNF		(To Be Updated)	(To Be Updated)			None	1697.0		1	99	Ineligible
1019	1044		CON225	RNF		(To Be Updated)	(To Be Updated)			None	966.0		1	99	Ineligible
1020	1045		DB1641	RNF		(To Be Updated)	(To Be Updated)			None	196.0		1	99	Ineligible
1021	1046	231689	CMOLTA2	CMOLTA-2		MERCEDEZ-BENZ	SPRINTER	Light Vehicle	0	KM/L	120.0		1	99	Ineligible
1022	1047	243862	CHIBS18	CHIBS-18		SCANIA	TIPPER TRUCK	Heavy Vehicle	0	KM/L	300.0		1	99	Ineligible
1023	1048	165289	WD182	WD-182		CATERPILLAR	WHEEL DOZER	Mining	0	L/HR	1137.0		1	10	Eligible
1024	1050	233684	CHIBS006	CHIBS006		CATERPILLAR	DOZER	Dozer	0	L/HR	2120.0		1	10	Eligible
1025	1051	231756	GROENV	GROEN-V		MASTER AUTHORISER	AUTHORISER	Master Authorizer	0	None	99999.0		1	99	Ineligible
1026	1052	231704	DS292	DS-292		DML	DRILL	Drill Rig	0	L/HR	200.0		1	10	Eligible
1027	1053		CON048	RNF		(To Be Updated)	(To Be Updated)			None	1015.0		1	99	Ineligible
1028	1054	235858	MOG1493	MOG-1493		CATERPILLAR	EXCAVATOR	Excavator	0	L/HR	1241.0		1	10	Eligible
1029	1055		CON19	RNF		(To Be Updated)	(To Be Updated)			None	116.0		1	99	Ineligible
1030	1056		BULK1641	RNF		(To Be Updated)	(To Be Updated)			None	19674.0		1	99	Ineligible
1031	1057		CHP007	RNF		(To Be Updated)	(To Be Updated)			None	537.79999999999995		1	99	Ineligible
1032	1058	231754	CKJ011	CKJ011		CATERPILLAR	DOZER	Mining	0	L/HR	500.0		1	10	Eligible
1033	1060		WB326	RNF		(To Be Updated)	(To Be Updated)			None	1038.0		1	99	Ineligible
1034	1061		M0T334	RNF		(To Be Updated)	(To Be Updated)			None	7050.0		1	99	Ineligible
1035	1062		HIBS005	RNF		(To Be Updated)	(To Be Updated)			None	310.5		1	99	Ineligible
1036	1063		CON2553	RNF		(To Be Updated)	(To Be Updated)			None	328.0		1	99	Ineligible
1037	1064		BAR359	RNF		(To Be Updated)	(To Be Updated)			None	1590.0150000000001		1	99	Ineligible
1038	1065		MOG239	RNF		(To Be Updated)	(To Be Updated)			None	1044.0		1	99	Ineligible
1039	1066	231392	CDA630R	CDA-630R		VOLVO	WATER TRUCK	Mining	0	KM/L	400.0		1	99	Ineligible
1040	1067		MOG200	RNF		(To Be Updated)	(To Be Updated)			None	826.29999999999995		1	99	Ineligible
1041	1068		EX853	RNF		(To Be Updated)	(To Be Updated)			None	945.0		1	99	Ineligible
1042	1069	232723	MOG1518B	MOG1518B		GENERATOR	GENERATOR	Generator	0	None	1100.0		1	99	Ineligible
1043	1070		CAE017	RNF		(To Be Updated)	(To Be Updated)			None	63.399999999999999		1	99	Ineligible
1044	1071	230741	CON935	CON-935		LIEBHERR	REELER	Mining	0	None	100.0		1	99	Ineligible
1045	1072		CAE018	RNF		(To Be Updated)	(To Be Updated)			None	73.769999999999996		1	99	Ineligible
1046	1073	231400	MOG1500	MOG-1500		LIEBHERR	EXCAVATOR	Mining	0	L/HR	1460.0		1	10	Eligible
1047	1074		JAC002	RNF		(To Be Updated)	(To Be Updated)			None	28.0		1	99	Ineligible
1048	1075		EMS01	RNF		(To Be Updated)	(To Be Updated)			None	522.0		1	99	Ineligible
1049	1076	232720	WD188	WD-188		CATERPILLAR	WHEEL DOZER	Dozer	0	L/HR	1562.0		1	10	Eligible
1050	1077		CMH001	RNF		(To Be Updated)	(To Be Updated)			None	1526.0		1	99	Ineligible
1051	1078		CMON005	RNF		(To Be Updated)	(To Be Updated)			None	169.0		1	99	Ineligible
1052	1080		STORESN	RNF		(To Be Updated)	(To Be Updated)			None	581.0		1	99	Ineligible
1053	1081	231705	CHIBS07	CHIBS-07		KOMATSU	EXCAVATOR	Mining	0	L/HR	3500.0		1	10	Eligible
1054	1082	231398	MOG1211	MOG-1211		INTERNATIONAL	EAGLE	Support/Maintenance Equip.	0	KM/L	900.0		1	99	Ineligible
1055	1083		CON28	RNF		(To Be Updated)	(To Be Updated)			None	106.0		1	99	Ineligible
1056	1084	230753	HIBS021	HIBS-021		SCANIA	TRUCK	Mining	0	L/HR	300.0		1	10	Eligible
1057	1085		CON5256	RNF		(To Be Updated)	(To Be Updated)			None	1201.0		1	99	Ineligible
1058	1086		MOG1428	RNF		(To Be Updated)	(To Be Updated)			None	69.180000000000007		1	99	Ineligible
1059	1087	233681	M0G1329	M0G-1329		TOYOTA	HILUX 	Light Vehicle	0	KM/L	80.0		1	99	Ineligible
1060	1088	231757	ST0RESFL	ST0RES-FL		MASTER AUTHORISER	AUTHORISER	Master Authorizer	0	None	99999.0		1	99	Ineligible
1061	1089	235854	SUPLY1	SUPLY-1		MASTER AUTHORISER	AUTHORISER	Master Authorizer	0	None	99999.0		1	99	Ineligible
1062	1090		CON026	RNF		(To Be Updated)	(To Be Updated)			None	375.0		1	99	Ineligible
1063	1091	231744	DT54	DT-54		KOMATSU	DUMP TRUCK	Mining	0	L/HR	700.0		1	10	Eligible
1064	1092		WM575	RNF		(To Be Updated)	(To Be Updated)			None	69.299999999999997		1	99	Ineligible
1065	1093	239600	CON2511	CON2511		TATA	BUS	Bus	0	KM/L	120.0		1	99	Ineligible
1066	1094	230762	CKJ03	CKJ-03		CATERPILLAR	OFF-HIGHWAY TRUCK	Mining	0	L/HR	532.0		1	10	Eligible
1067	1095		WD243	RNF		(To Be Updated)	(To Be Updated)			None	1054.8		1	99	Ineligible
1068	1096	231692	CMLT005	CMLT-005		MERCEDEZ-BENZ	SPRINTER	Light Vehicle	0	KM/L	120.0		1	99	Ineligible
1069	1097		MOG1701	RNF		(To Be Updated)	(To Be Updated)			None	104.5		1	99	Ineligible
1070	1098		CHIBS17	RNF		(To Be Updated)	(To Be Updated)			None	97.700000000000003		1	99	Ineligible
1071	1099	230742	HB67KDGP	HB67KDGP		LIGHTING PLANT	LIGHTING PLANT	Lighting Plant	0	None	200.0		1	99	Ineligible
1072	1100	231694	MOG1366	MOG-1366	TOYOTA QUANTUM  D-4D 14SBUS-CYD369L-1366	TOYOTA	QUANTUM	Light Vehicle	0	KM/L	70.0		1	99	Ineligible
1073	1101		CON11	RNF		(To Be Updated)	(To Be Updated)			None	237.59999999999999		1	99	Ineligible
1074	1102	231748	LP841	LP-841		LIGHTING PLANT	LIGHTING PLANT	Lighting Plant	0	None	200.0		1	99	Ineligible
1075	1103		CON761	RNF		(To Be Updated)	(To Be Updated)			None	273.0		1	99	Ineligible
1076	1104		WMTEST	RNF		(To Be Updated)	(To Be Updated)			None	4124.0		1	99	Ineligible
1077	1105		AFSDK	RNF		(To Be Updated)	(To Be Updated)			None	4499.0		1	99	Ineligible
1078	1106		FGY375L	RNF		(To Be Updated)	(To Be Updated)			None	49.18		1	99	Ineligible
1079	1107		MOG112	RNF		(To Be Updated)	(To Be Updated)			None	81.370999999999995		1	99	Ineligible
1080	1108	230754	HIBS027	HIBS-027		SCANIA	TRUCK	Mining	0	L/HR	300.0		1	10	Eligible
1081	1109	233667	MOG1703	MOG-1703		TOYOTA	LAND CRUISER	Light Vehicle	0	KM/L	130.0		1	99	Ineligible
1082	1110		CML004	RNF		(To Be Updated)	(To Be Updated)			None	999.0		1	99	Ineligible
1083	1111	235881	C0N927	C0N-927		KOMATSU	DUMP TRUCK	Dump Truck	0	L/HR	700.0		1	10	Eligible
1084	1112	231750	CON2550	CON-2550		LIGHTING PLANT	LIGHTING PLANT	Lighting Plant	0	None	200.0		1	99	Ineligible
1085	1113		AFSSG	RNF		(To Be Updated)	(To Be Updated)			None	1512.0		1	99	Ineligible
1086	1114		CPD009	RNF		(To Be Updated)	(To Be Updated)			None	342.0		1	99	Ineligible
1087	1115	165661	MOG1368	MOG-1368		TOYOTA	HILUX 	Mining	0	L/100KM	160.0		1	99	Ineligible
1088	1116		MOG179	RNF		(To Be Updated)	(To Be Updated)			None	803.0		1	99	Ineligible
1089	1117		CON316	RNF		(To Be Updated)	(To Be Updated)			None	899.0		1	99	Ineligible
1090	1118	233663	CRAM003	CRAM-003		TOYOTA	HILUX 	Light Vehicle	0	KM/L	80.0		1	99	Ineligible
1091	1119	239652	ULTGEN	ULT-GEN		GENERATOR	GENERATOR	Generator	0	None	1100.0		1	99	Ineligible
1092	1120	230758	HIBS038	HIBS-038		TOYOTA	HILUX 	Light Vehicle	0	KM/L	80.0		1	99	Ineligible
1093	1121	230765	CKJ017	CKJ-017		TOYOTA	HILUX 	Light Vehicle	0	L/HR	80.0		1	10	Eligible
1094	1122		CMHFEL3	RNF		(To Be Updated)	(To Be Updated)			None	1029.0		1	99	Ineligible
1095	1123	234284	HIB571	HIB-571		MERCEDES BENZ       	HIAB	Light Vehicle	0	KM/L	400.0		1	99	Ineligible
1096	1124	230745	LB812	LB-812		LIGHTING PLANT	LIGHTING PLANT	Lighting Plant	0	None	40.0		1	99	Ineligible
1097	1125	230800	MV81	MV-81		CATERPILLAR	MOTIVATOR	Mining	0	L/HR	1200.0		1	10	Eligible
1098	1126		CON2555	RNF		(To Be Updated)	(To Be Updated)			None	75.0		1	99	Ineligible
1099	1127	233680	MOG1200	MOG-1200	MERCEDEZ AMBULANCE FBZ366N - 1200	MERCEDES BENZ       	SPRINTER	Light Vehicle	0	KM/L	80.0		1	99	Ineligible
1100	1128	231401	MOG1702	MOG-1702		TOYOTA	LAND CRUISER	Light Vehicle	0	KM/L	130.0		1	99	Ineligible
1101	1129	231703	DR144	DR-144	PIT VIPER DRILL RIG 351E 144	PIT VIPER	DRILL	Drill Rig	0	L/HR	750.0		1	10	Eligible
1102	1130		MOG361	RNF		(To Be Updated)	(To Be Updated)			None	79.900000000000006		1	99	Ineligible
1103	1131	230760	HIBS003	HIBS-003		TOYOTA	QUANTUM	Light Vehicle	0	KM/L	80.0		1	99	Ineligible
1104	1133	242172	MOG524	MOG-524		COMPRESSOR	COMPRESSOR	Compressor	0	None	100.0		1	99	Ineligible
1105	1134		TD86	RNF		(To Be Updated)	(To Be Updated)			None	2190.6999999999998		1	99	Ineligible
1106	1135		CON2552	RNF		(To Be Updated)	(To Be Updated)			None	1004.0		1	99	Ineligible
1107	1136	231745	FEL154	FEL154		CATERPILLAR	WHEEL LOADER	Mining	0	L/HR	1562.0		1	10	Eligible
1108	1137	233664	FEL1550	FEL-1550		CATERPILLAR	FRONT-END LOADER	Mining	0	L/HR	78.0		1	10	Eligible
1109	1138		AFSPR	RNF		(To Be Updated)	(To Be Updated)			None	101.0		1	99	Ineligible
1110	1139	165227	CON299	CON299		KOMATSU	DUMP TRUCK	Mining	0	L/HR	1050.0		1	10	Eligible
1111	1140	230759	HIBS004	HIBS-004		TOYOTA	QUANTUM	Light Vehicle	0	KM/L	80.0		1	99	Ineligible
1112	1141	232726	DT56	DT56		KOMATSU	DUMP TRUCK	Dump Truck	0	L/HR	4542.0		1	10	Eligible
1113	1142	234289	CAZ072	CAZ072		FORKLIFT	FORKLIFT	Forklift	0	L/HR	150.0		1	10	Eligible
1114	1143		SPAFS	RNF		(To Be Updated)	(To Be Updated)			None	4889.0		1	99	Ineligible
1115	1144	233659	PITDWAT	PIT-DWAT		JERRY CAN	JERRY CAN	Jerry Can	0	None	20.0		1	99	Ineligible
1116	1146		AFSSP	RNF		(To Be Updated)	(To Be Updated)			None	2411.0		1	99	Ineligible
1117	1147	231707	CKJ023	CKJ023		LIGHTING PLANT	LIGHTING PLANT	Lighting Plant	0	L/HR	60.0		1	10	Eligible
1118	1148	164954	164954	ST-263GN		CATERPILLAR	GENERATOR	Mining	0	L/HR	500.0		1	10	Eligible
1119	1149	164956	164956	CAF086		TOYOTA	HILUX SC	Mining	0	KM/L	80.0		1	99	Ineligible
1120	1150	164957	164957	5131033200		TOYOTA	HILUX SC	Mining	0	KM/L	80.0		1	99	Ineligible
1121	1151	164958	164958	CAF090		TOYOTA	HILUX 	Mining	0	KM/L	80.0		1	99	Ineligible
1122	1152	164959	164959	CAF032		TOYOTA	HILUX 	Mining	0	KM/L	160.0		1	99	Ineligible
1123	1153	164960	164960	CAF054		TOYOTA	HILUX SC	Mining	0	KM/L	80.0		1	99	Ineligible
1124	1154	164961	164961	CAF033		TOYOTA	HILUX SC	Mining	0	KM/L	80.0		1	99	Ineligible
1125	1155	164962	164962	CAF089		TOYOTA	HILUX 	Mining	0	KM/L	80.0		1	99	Ineligible
1126	1156	165024	165024	5131036724		TOYOTA	HILUX SC	Mining	0	KM/L	80.0		1	99	Ineligible
1127	1157	165036	165036	PV-145		ATLAS COPCO	DRILL	Mining	0	L/HR	650.0		1	10	Eligible
1128	1158	165178	165178	CMAL-009		HYUNDAI	EXCAVATOR	Mining	0	L/HR	480.0		1	10	Eligible
1129	1159	165180	165180	CFA-O13		TOYOTA	QUANTUM	Mining	0	KM/L	70.0		1	99	Ineligible
1130	1160	165183	165183	CPD-003		INGERSOLL RAND	COMPRESSOR	Mining	0	None	450.0		1	99	Ineligible
1131	1161	165196	165196	C0N-937		LIEBHERR	EXCAVATOR	Mining	0	L/HR	1460.0		1	10	Eligible
1132	1162	165199	165199	MOG1352		TOYOTA	HILUX 	Mining	0	L/100KM	80.0		1	99	Ineligible
1133	1163	165204	165204	CFA-010		TOYOTA	HILUX 	Mining	0	KM/L	80.0		1	99	Ineligible
1134	1164	165207	165207	CZD914L		TOYOTA	HILUX 	Mining	0	L/100KM	80.0		1	99	Ineligible
1135	1165	165209	165209	WD-184		CATERPILLAR	WHEEL DOZER	Mining	0	L/HR	2800.0		1	10	Eligible
1136	1166	165216	165216	CAE-010		TOYOTA	HILUX 	Mining	0	KM/L	80.0		1	99	Ineligible
1137	1167	165218	165218	MOG-1550		MERCEDEZ-BENZ	TRUCK	Mining	0	KM/L	550.0		1	99	Ineligible
1138	1168	165225	165225	CON-831		KOMATSU	DUMP TRUCK	Mining	0	L/HR	780.0		1	10	Eligible
1139	1169	165234	165234	CMT-002		BOBCAT	SKID STEER LOADER	Mining	0	L/HR	91.0		1	10	Eligible
1140	1170	165237	165237	CHP-030		SANDVIK	DRILL RIG	Mining	0	L/HR	800.0		1	10	Eligible
1141	1171	165242	165242	DR-292		ATLAS COPCO	DRILL RIG	Mining	0	L/HR	5100.0		1	10	Eligible
1142	1172	165244	165244	WEL-384		LINCOLN	WELDER	Mining	0	L/HR	70.0		1	10	Eligible
1143	1173	165246	165246	CHM-003		IVECO	DAILY	Mining	0	KM/L	100.0		1	99	Ineligible
1144	1174	165249	165249	HIAB-566		HIAB	TIPPER TRUCK	Mining	0	L/HR	400.0		1	10	Eligible
1145	1175	165253	165253	GN-527		GENERATOR	GENERATOR	Mining	0	None	100.0		1	99	Ineligible
1146	1176	165262	165262	CAE-013		TOYOTA	HILUX 	Mining	0	KM/L	80.0		1	99	Ineligible
1147	1177	165264	165264	BME-555		TOYOTA	HILUX 	Mining	0	L/100KM	80.0		1	99	Ineligible
1148	1178	165267	165267	CDT-023		CATERPILLAR	OFF-HIGHWAY TRUCK	Mining	0	L/HR	1136.0		1	10	Eligible
1149	1179	165269	165269	BME-554		FORD	RANGER	Mining	0	KM/L	80.0		1	99	Ineligible
1150	1180	165271	165271	MOG-646		TOYOTA	HILUX 	Mining	0	KM/L	80.0		1	99	Ineligible
1151	1181	165273	165273	5131036756		TOYOTA	HILUX SC	Mining	0	KM/L	80.0		1	99	Ineligible
1152	1182	165280	165280	MOG-331		CATERPILLAR	OFF-HIGHWAY TRUCK	Mining	0	L/HR	2500.0		1	10	Eligible
1153	1183	165285	165285	MOG-1424		TOYOTA	HILUX 	Mining	0	L/100KM	160.0		1	99	Ineligible
1154	1184	165287	165287	CAE-006		TOYOTA	HILUX 	Mining	0	KM/L	80.0		1	99	Ineligible
1155	1185	165291	165291	LP-820		SKVA	LIGHTING PLANT	Mining	0	L/HR	600.0		1	10	Eligible
1156	1186	165294	165294	338		CATERPILLAR	ARTICULATED DUMP TRUCK	Bowser	0	L/HR	560.0		1	10	Eligible
1157	1187	165296	165296	270		CATERPILLAR	ARTICULATED DUMP TRUCK	Mining	0	L/HR	560.0		1	10	Eligible
1158	1188	165299	165299	265		CATERPILLAR	ARTICULATED DUMP TRUCK	Mining	0	L/HR	560.0		1	10	Eligible
1159	1189	165303	165303	LBH02771		CATERPILLAR	BACKHOE LOADER	Mining	0	L/HR	160.0		1	10	Eligible
1160	1190	165305	165305	182		CATERPILLAR	WHEEL LOADER	Mining	0	L/HR	793.0		1	10	Eligible
1161	1191	165307	165307	155		CATERPILLAR	WHEEL LOADER	Mining	0	L/HR	1562.0		1	10	Eligible
1162	1192	165309	165309	269		CATERPILLAR	ARTICULATED DUMP TRUCK	Mining	0	L/HR	560.0		1	10	Eligible
1163	1193	165312	165312	LBH02769		CATERPILLAR	BACKHOE LOADER	Mining	0	L/HR	160.0		1	10	Eligible
1164	1194	165314	165314	1497		CATERPILLAR	EXCAVATOR	Mining	0	L/HR	1240.0		1	10	Eligible
1165	1195	165316	165316	001		CATERPILLAR	BACKHOE LOADER	Bowser	0	L/HR	160.0		1	10	Eligible
1166	1196	165321	165321	DT-81		CATERPILLAR	OFF-HIGHWAY TRUCK	Mining	0	L/HR	1893.0		1	10	Eligible
1167	1197	165324	165324	263		CATERPILLAR	ARTICULATED DUMP TRUCK	Mining	0	L/HR	560.0		1	10	Eligible
1168	1198	165327	165327	264		CATERPILLAR	ARTICULATED DUMP TRUCK	Mining	0	L/HR	560.0		1	10	Eligible
1169	1199	165330	165330	GEN-610		KIPOR	GENERATOR	Mining	0	None	100.0		1	99	Ineligible
1170	1200	165334	165334	MCD-046		CATERPILLAR	DOZER	Mining	0	L/HR	1446.0		1	10	Eligible
1171	1201	165337	165337	MOG-1202		NISSAN	NP300 HARDBODY	Mining	0	KM/L	85.0		1	99	Ineligible
1172	1202	165339	165339	CON-975		LIEBHERR	EXCAVATOR	Mining	0	L/HR	1585.0		1	10	Eligible
1173	1203	165343	165343	DT84		CATERPILLAR	OFF-HIGHWAY TRUCK	Mining	0	L/HR	1893.0		1	10	Eligible
1174	1204	165345	165345	MOG-500		TOYOTA	HILUX 	Mining	0	L/100KM	80.0		1	99	Ineligible
1175	1205	165350	165350	CJG959L		TOYOTA	HILUX 	Mining	0	L/100KM	80.0		1	99	Ineligible
1176	1206	165355	165355	MOG-654		TOYOTA	HILUX 	Mining	0	L/100KM	80.0		1	99	Ineligible
1177	1207	165357	165357	FDR168N		TOYOTA	HILUX 	Mining	0	L/100KM	80.0		1	99	Ineligible
1178	1208	165359	165359	BTX00312		CATERPILLAR	WHEEL LOADER	Mining	0	L/HR	793.0		1	10	Eligible
1179	1209	165362	165362	WELDER-383		LINCOLN	WELDER	Mining	0	L/HR	70.0		1	10	Eligible
1180	1210	165364	165364	LB-331		CATERPILLAR	OFF-HIGHWAY TRUCK	Mining	0	L/HR	2950.0		1	10	Eligible
1181	1211	165366	165366	WP-1022		DEUTZ	WATER PUMP	Mining	0	L/HR	1000.0		1	10	Eligible
1182	1212	165369	165369	COT-007		TOYOTA	HINO	Mining	0	KM/L	80.0		1	99	Ineligible
1183	1213	165371	165371	JOHM024.		JOHNSON	CRANE	Mining	0	L/HR	600.0		1	10	Eligible
1184	1214	165375	165375	CPP-119		TOYOTA	HILUX 	Mining	0	L/100KM	80.0		1	99	Ineligible
1185	1215	165378	165378	CPP-121		TOYOTA	QUANTUM	Mining	0	L/100KM	70.0		1	99	Ineligible
1186	1216	165380	165380	MOG-893		TOYOTA	HILUX 	Mining	0	L/100KM	80.0		1	99	Ineligible
1187	1217	165382	165382	L8800234		CATERPILLAR	WHEEL LOADER	Mining	0	L/HR	80.0		1	10	Eligible
1188	1218	165387	165387	DT-85		KOMATSU	DUMP TRUCK	Mining	0	L/HR	3500.0		1	10	Eligible
1189	1219	165390	165390	CDT-020		CATERPILLAR	OFF-HIGHWAY TRUCK	Mining	0	L/HR	1136.0		1	10	Eligible
1190	1220	165392	165392	CDT039		CATERPILLAR	OFF-HIGHWAY TRUCK	Mining	0	L/HR	1136.0		1	10	Eligible
1191	1221	165395	165395	CHM-007		IVECO	EUROCARGO	Mining	0	KM/L	300.0		1	99	Ineligible
1192	1222	165397	165397	CHM-006		IVECO	EUROCARGO	Mining	0	KM/L	300.0		1	99	Ineligible
1193	1223	165399	165399	MOG-687		TOYOTA	HILUX 	Mining	0	L/100KM	80.0		1	99	Ineligible
1194	1224	165402	165402	CHM-031		BOBCAT	SKID STEER LOADER	Mining	0	L/HR	124.0		1	10	Eligible
1195	1225	165407	165407	MCC-1473		FORD	RANGER	Mining	0	KM/L	80.0		1	99	Ineligible
1196	1226	165410	165410	BDT-002BZ		BELAZ	DUMP TRUCK	Mining	0	L/HR	5000.0		1	10	Eligible
1197	1227	165412	165412	DT-82		CATERPILLAR	OFF-HIGHWAY TRUCK	Mining	0	L/HR	1893.0		1	10	Eligible
1198	1228	165417	165417	CMCC1454		TOYOTA	HILUX 	Mining	0	L/100KM	80.0		1	99	Ineligible
1199	1229	165419	165419	LP-125		LISTER PETTER	LIGHTING PLANT	Mining	0	L/HR	125.0		1	10	Eligible
1200	1230	165421	165421	CON873		VOLVO	ARTICULATED DUMP TRUCK	Mining	0	L/HR	547.0		1	10	Eligible
1201	1231	165425	165425	NORTHCON		TRANSTANK	NORTH CONCENTRATOR / STORES	Mining	0	L/HR	68000.0		1	10	Eligible
1202	1232	165427	165427	MCC-1482		VOLKSWAGEN	CRAFTER	Mining	0	KM/L	80.0		1	99	Ineligible
1203	1233	165429	165429	MCC-1130		TOYOTA	HILUX 	Mining	0	L/100KM	80.0		1	99	Ineligible
1204	1234	165431	165431	MCC-1410		TOYOTA	HILUX 	Mining	0	L/100KM	80.0		1	99	Ineligible
1205	1235	165434	165434	CDR-001		DIESEL TRAILER	BOWSER	Mining	0	None	1500.0		1	99	Ineligible
1206	1236	165436	165436	MLE-027		LIEBHERR	EXCAVATOR	Mining	0	L/HR	1585.0		1	10	Eligible
1207	1237	165440	165440	BHR749L		TOYOTA	HILUX 	Mining	0	L/100KM	80.0		1	99	Ineligible
1208	1238	165443	165443	CPP-126		LIGHTING PLANT	LIGHTING PLANT	Mining	0	None	200.0		1	99	Ineligible
1209	1239	165445	165445	CR-194		JOHNSON	CRANE	Mining	0	L/HR	600.0		1	10	Eligible
1210	1240	165447	165447	MCC-1481		VOLKSWAGEN	CRAFTER	Mining	0	KM/L	80.0		1	99	Ineligible
1211	1241	165449	165449	DT-027		CATERPILLAR	OFF-HIGHWAY TRUCK	Mining	0	L/HR	1200.0		1	10	Eligible
1212	1242	165453	165453	CMCC1455		TOYOTA	HILUX 	Mining	0	L/100KM	80.0		1	99	Ineligible
1213	1243	165455	165455	MCC-1432		TOYOTA	HILUX 	Mining	0	L/100KM	80.0		1	99	Ineligible
1214	1244	165457	165457	CAF078		TOYOTA	HILUX SC	Mining	0	L/100KM	80.0		1	99	Ineligible
1215	1245	165459	165459	MCC-1358		TOYOTA	HILUX SC	Mining	0	L/100KM	80.0		1	99	Ineligible
1216	1246	165461	165461	LDV-M700		MAHINDRA	SCORPIO	Mining	0	KM/L	80.0		1	99	Ineligible
1217	1247	165463	165463	MCC-1456		TOYOTA	HILUX 	Mining	0	L/100KM	80.0		1	99	Ineligible
1218	1248	165465	165465	LDV-755		MAHINDRA	SCORPIO	Mining	0	KM/L	80.0		1	99	Ineligible
1219	1249	165467	165467	CMAL-008		KOMATSU	EXCAVATOR	Mining	0	L/HR	1500.0		1	10	Eligible
1220	1250	165472	165472	GR-201		CATERPILLAR	MOTOR GRADER	Mining	0	L/HR	492.0		1	10	Eligible
1221	1251	165474	165474	MCC-1107		TOYOTA	HILUX 	Mining	0	L/100KM	160.0		1	99	Ineligible
1222	1252	165476	165476	MCC-1382		TOYOTA	HILUX SC	Mining	0	KM/L	80.0		1	99	Ineligible
1223	1253	165480	165480	CFA-006		CATERPILLAR	EXCAVATOR	Mining	0	L/HR	1500.0		1	10	Eligible
1224	1254	165482	165482	LZ-017		PERKINS	LIGHTING PLANT	Mining	0	None	250.0		1	99	Ineligible
1225	1255	165485	165485	LZ-021		PERKINS	LIGHTING PLANT	Mining	0	None	250.0		1	99	Ineligible
1226	1256	165487	165487	MNC291		TOYOTA	HILUX 	Mining	0	L/100KM	160.0		1	99	Ineligible
1227	1257	165489	165489	LDV-685		MAHINDRA	SCORPIO	Mining	0	KM/L	80.0		1	99	Ineligible
1228	1258	165491	165491	WE-364		LINCOLN	WELDER	Mining	0	L/HR	70.0		1	10	Eligible
1229	1259	165493	165493	CMCC1433		TOYOTA	HILUX 	Mining	0	L/100KM	80.0		1	99	Ineligible
1230	1260	165495	165495	CON074		Diesel Bowser	OWN TANK	Mining	0	L/HR	6500.0		1	10	Eligible
1231	1261	165500	165500	CYD373L		TOYOTA	HILUX 	Mining	0	L/100KM	80.0		1	99	Ineligible
1232	1262	165502	165502	CAE-016		TOYOTA	HILUX 	Mining	0	L/100KM	80.0		1	99	Ineligible
1233	1263	165506	165506	LZ-015		PERKINS	LIGHTING PLANT	Mining	0	None	250.0		1	99	Ineligible
1234	1264	165509	165509	CRD-005		HAMMEL	PRIMARY SHREDDER	Mining	0	L/HR	5000.0		1	10	Eligible
1235	1265	165512	165512	CRD-004		GEHL	SKID STEER LOADER	Mining	0	L/HR	150.0		1	10	Eligible
1236	1266	165517	165517	CRD-001		LIEBHERR	EXCAVATOR	Mining	0	L/HR	890.0		1	10	Eligible
1237	1267	165519	165519	EX-224		LIEBHERR	SCALING RIG	Mining	0	L/HR	1250.0		1	10	Eligible
1238	1268	165521	165521	CDT-091		CATERPILLAR	OFF-HIGHWAY TRUCK	Mining	0	L/HR	1137.0		1	10	Eligible
1239	1269	165523	165523	PECKER01		ATLAS COPCO	ROCK PECKER/BREAKER	Mining	0	L/HR	800.0		1	10	Eligible
1240	1270	165525	165525	CON150		VOLVO	ARTICULATED DUMP TRUCK	Mining	0	L/HR	547.0		1	10	Eligible
1241	1271	165527	165527	CFA-2402		CATERPILLAR	WHEEL LOADER	Mining	0	L/HR	254.0		1	10	Eligible
1242	1272	165529	165529	CON149		VOLVO	ARTICULATED DUMP TRUCK	Mining	0	L/HR	547.0		1	10	Eligible
1243	1273	165531	165531	CLH614L.		VOLKSWAGEN	CRAFTER	Mining	0	KM/L	80.0		1	99	Ineligible
1244	1274	165533	165533	CFA-2304		CATERPILLAR	EXCAVATOR	Mining	0	L/HR	950.0		1	10	Eligible
1245	1275	165535	165535	RS-125		CATERPILLAR	SHOVEL	Mining	0	L/HR	200.0		1	10	Eligible
1246	1276	165537	165537	FEL-001		CATERPILLAR	WHEEL LOADER	Mining	0	L/HR	200.0		1	10	Eligible
1247	1277	165540	165540	MSC-OO2		P&H 	CRANE	Mining	0	KM/L	300.0		1	99	Ineligible
1248	1278	165542	165542	MOG-682		TOYOTA	HILUX 	Mining	0	L/100KM	80.0		1	99	Ineligible
1249	1279	165545	165545	CON132		CATERPILLAR	DOZER	Mining	0	L/HR	500.0		1	10	Eligible
1250	1280	165547	165547	DT16YTGP		TOYOTA	HILUX 	Mining	0	L/100KM	160.0		1	99	Ineligible
1251	1281	165549	165549	MLE-048		LIEBHERR	EXCAVATOR	Mining	0	L/HR	1585.0		1	10	Eligible
1252	1282	165552	165552	A-100		VOLVO	ARTICULATED DUMP TRUCK	Mining	0	L/HR	480.0		1	10	Eligible
1253	1283	165554	165554	CS41BNGP		TOYOTA	HILUX 	Mining	0	L/100KM	160.0		1	99	Ineligible
1254	1284	165557	165557	CZD934L		TOYOTA	HILUX 	Mining	0	L/100KM	80.0		1	99	Ineligible
1255	1285	165560	165560	CAHE-071		Diesel Bowser	DIESEL BOWSER	Mining	0	L/HR	1000.0		1	10	Eligible
1256	1286	165562	165562	CON119		KOMATSU	EXCAVATOR	Mining	0	L/HR	1368.0		1	10	Eligible
1257	1287	165564	165564	CON-996		VOLVO	ARTICULATED DUMP TRUCK	Mining	0	None	480.0		1	99	Ineligible
1258	1288	165568	165568	PR-752		TOYOTA	HILUX SC	Mining	0	KM/L	80.0		1	99	Ineligible
1259	1289	165570	165570	CFA-507		CATERPILLAR	ARTICULATED DUMP TRUCK	Mining	0	L/HR	500.0		1	10	Eligible
1260	1290	165573	165573	CFA-506		CATERPILLAR	ARTICULATED DUMP TRUCK	Mining	0	L/HR	500.0		1	10	Eligible
1261	1291	165575	165575	MCC-10		CATERPILLAR	OFF-HIGHWAY TRUCK	Mining	0	L/HR	1150.0		1	10	Eligible
1262	1292	165577	165577	GN-552		GENIE	BOOM LIFT	Mining	0	L/HR	80.0		1	10	Eligible
1263	1293	165579	165579	FS-12		O&K	FACE SHOVEL	Mining	0	L/HR	1200.0		1	10	Eligible
1264	1294	165581	165581	MSC-539		TOYOTA	HILUX 	Mining	0	L/100KM	160.0		1	99	Ineligible
1265	1295	165583	165583	CDT-104		CATERPILLAR	OFF-HIGHWAY TRUCK	Mining	0	L/HR	1136.0		1	10	Eligible
1266	1296	165585	165585	JCK984NW		TOYOTA	HILUX 	Mining	0	L/100KM	160.0		1	99	Ineligible
1267	1297	165588	165588	BFY158L		TOYOTA	HILUX 	Mining	0	L/100KM	80.0		1	99	Ineligible
1268	1298	165590	165590	SJ-002		TOYOTA	HILUX SC	Mining	0	KM/L	80.0		1	99	Ineligible
1269	1299	165591	165591	MCC-A100		Diesel Bowser	OWN TANK	Mining	0	L/HR	6500.0		1	10	Eligible
1270	1300	165592	165592	MCC-90		CATERPILLAR	OFF-HIGHWAY TRUCK	Mining	0	L/HR	1136.0		1	10	Eligible
1271	1301	165593	165593	MSC-617		TOYOTA	HILUX 	Mining	0	L/100KM	80.0		1	99	Ineligible
1272	1302	165594	165594	CRD-006		NAVISTAR	INTERNATIONAL	Mining	0	L/HR	100.0		1	10	Eligible
1273	1303	165595	165595	HIAB-1566		HIAB	TIPPER TRUCK	Mining	0	L/HR	400.0		1	10	Eligible
1274	1304	165596	165596	578		TOYOTA	DYNA	Mining	0	L/100KM	90.0		1	99	Ineligible
1275	1305	165597	165597	204		CATERPILLAR	MOTOR GRADER	Mining	0	L/HR	492.0		1	10	Eligible
1276	1306	165598	165598	MOG-296		TOYOTA	HILUX 	Mining	0	L/100KM	80.0		1	99	Ineligible
1277	1307	165599	165599	BNR315L		MAHINDRA	SCORPIO	Mining	0	KM/L	80.0		1	99	Ineligible
1278	1308	165600	165600	CDT-91		CATERPILLAR	OFF-HIGHWAY TRUCK	Mining	0	L/HR	1150.0		1	10	Eligible
1279	1309	165601	165601	BYX030L		TOYOTA	HILUX 	Mining	0	L/100KM	80.0		1	99	Ineligible
1280	1310	165602	165602	MCC-A109		VOLVO	ARTICULATED DUMP TRUCK	Mining	0	L/HR	547.0		1	10	Eligible
1281	1311	165603	165603	MNC-001		MASTER AUTHORISER	AUTHORISER	Mining	0	None	99999.0		1	99	Ineligible
1282	1312	165604	165604	MOG1380		TOYOTA	HILUX 	Mining	0	L/100KM	80.0		1	99	Ineligible
1283	1313	165605	165605	MOG1370		TOYOTA	QUANTUM	Mining	0	L/100KM	70.0		1	99	Ineligible
1284	1314	165606	165606	HIAB-516		HIAB	TIPPER TRUCK	Mining	0	L/HR	400.0		1	10	Eligible
1285	1315	165608	165608	JBW732NW		LAND ROVER	DEFENDER	Mining	0	KM/L	130.0		1	99	Ineligible
1286	1316	165609	165609	MCC-1397		TOYOTA	HILUX SC	Mining	0	KM/L	80.0		1	99	Ineligible
1287	1317	165610	165610	M0G-697		TOYOTA	HILUX 	Mining	0	L/100KM	80.0		1	99	Ineligible
1288	1318	165611	165611	567		MERCEDEZ-BENZ	ACTROS	Mining	0	KM/L	650.0		1	99	Ineligible
1289	1319	165612	165612	LP-819		SKVA	LIGHTING PLANT	Mining	0	L/HR	600.0		1	10	Eligible
1290	1320	165613	165613	DV-1462		MAHINDRA	SCORPIO	Mining	0	KM/L	80.0		1	99	Ineligible
1291	1321	165614	165614	FEL-1504		TEREX	FRONT END LOADER	Mining	0	L/HR	150.0		1	10	Eligible
1292	1322	165615	165615	MOG-604		TOYOTA	HILUX 	Mining	0	L/100KM	80.0		1	99	Ineligible
1293	1323	165616	165616	FEL-1502		TEREX	FRONT END LOADER	Mining	0	L/HR	150.0		1	10	Eligible
1294	1324	165617	165617	G-032		CATERPILLAR	MOTOR GRADER	Mining	0	L/HR	492.0		1	10	Eligible
1295	1325	165618	165618	AEL-073		VOLVO	FH TRUCK	Mining	0	KM/L	450.0		1	99	Ineligible
1296	1326	165619	165619	BPS506L		TOYOTA	HILUX 	Mining	0	L/100KM	80.0		1	99	Ineligible
1297	1327	165620	165620	FBZ366N		MERCEDEZ-BENZ	AMBULANCE	Mining	0	KM/L	80.0		1	99	Ineligible
1298	1328	165621	165621	CDT-50		CATERPILLAR	OFF-HIGHWAY TRUCK	Mining	0	L/HR	1136.0		1	10	Eligible
1299	1329	165622	165622	MCC-1147		TOYOTA	HILUX 	Mining	0	L/100KM	80.0		1	99	Ineligible
1300	1330	165623	165623	CFA-012		CATERPILLAR	EXCAVATOR	Mining	0	L/HR	1500.0		1	10	Eligible
1301	1331	165624	165624	CFA-002		CATERPILLAR	EXCAVATOR	Mining	0	L/HR	500.0		1	10	Eligible
1302	1332	165625	165625	FEL-1501		CATERPILLAR	WHEEL LOADER	Mining	0	L/HR	1562.0		1	10	Eligible
1303	1333	165626	165626	CDT-121		CATERPILLAR	OFF-HIGHWAY TRUCK	Mining	0	L/HR	1136.0		1	10	Eligible
1304	1334	165627	165627	LP-831		LIGHTING PLANT	LIGHTING PLANT	Mining	0	None	200.0		1	99	Ineligible
1305	1335	165628	165628	CT-027		NISSAN	UD	Mining	0	KM/L	400.0		1	99	Ineligible
1306	1336	165630	165630	L8800231		CATERPILLAR	WHEEL LOADER	Mining	0	L/HR	80.0		1	10	Eligible
1307	1337	165631	165631	CFA21000		CATERPILLAR	MOTOR GRADER	Mining	0	L/HR	800.0		1	10	Eligible
1308	1338	165632	165632	CFA-501		BELL	ROLLER COMPACTOR	Mining	0	L/HR	340.0		1	10	Eligible
1309	1339	165633	165633	CT-031B		LINCOLN	WELDER	Mining	0	L/HR	150.0		1	10	Eligible
1310	1340	165634	165634	LZ-023		PERKINS	LIGHTING PLANT	Mining	0	None	250.0		1	99	Ineligible
1311	1341	165635	165635	CPP-127		ATLAS COPCO	LIGHT TOWER	Mining	0	L/HR	140.0		1	10	Eligible
1312	1342	165636	165636	TH-1531		CATERPILLAR	WHEEL DOZER	Mining	0	L/HR	400.0		1	10	Eligible
1313	1343	165638	165638	CT-031		NISSAN	UD	Mining	0	KM/L	330.0		1	99	Ineligible
1314	1344	165639	165639	LPL-I200		ATLAS COPCO	LIGHT TOWER	Mining	0	L/HR	140.0		1	10	Eligible
1315	1345	165640	165640	CFA-1823		BELL	ADT	Mining	0	L/HR	484.0		1	10	Eligible
1316	1346	165641	165641	HIAB-507		HIAB	TIPPER TRUCK	Mining	0	L/HR	400.0		1	10	Eligible
1317	1347	165642	165642	BM-090		IVECO	TRAKKER	Mining	0	KM/L	200.0		1	99	Ineligible
1318	1348	165643	165643	LP-823		SKVA	LIGHTING PLANT	Mining	0	L/HR	600.0		1	10	Eligible
1319	1349	165644	165644	MCC-1400		TOYOTA	HILUX SC	Mining	0	KM/L	80.0		1	99	Ineligible
1320	1350	165645	165645	FEL-1503		TEREX	FRONT END LOADER	Mining	0	L/HR	150.0		1	10	Eligible
1321	1351	165647	165647	MSC-001		MASTER AUTHORISER	AUTHORISER	Mining	0	L/HR	99999.0		1	10	Eligible
1322	1352	165648	165648	MOG-761		TOYOTA	HILUX SC	Mining	0	KM/L	80.0		1	99	Ineligible
1323	1353	165649	165649	CDT-123		CATERPILLAR	OFF-HIGHWAY TRUCK	Mining	0	L/HR	1137.0		1	10	Eligible
1324	1354	165651	165651	GN-515		GENIE	BOOM LIFT	Mining	0	L/HR	80.0		1	10	Eligible
1325	1355	165652	165652	MCC-1384		TOYOTA	HILUX 	Mining	0	L/100KM	160.0		1	99	Ineligible
1326	1356	165653	165653	CJC068		TOYOTA	HILUX SC	Mining	0	KM/L	80.0		1	99	Ineligible
1327	1357	165654	165654	DB-267		TEREX	DIESEL BOWSER	Mining	0	L/HR	34000.0		1	10	Eligible
1328	1358	165657	165657	BLD-045		WELDER	WELDER GENERATOR	Mining	0	None	100.0		1	99	Ineligible
1329	1359	165658	165658	WM-092		WELDER	WELDING MACHINE	Mining	0	L/HR	60.0		1	10	Eligible
1330	1360	165659	165659	TLW4-022		LINCOLN	WELDER	Mining	0	L/HR	70.0		1	10	Eligible
1331	1361	165660	165660	.MASTER40		MASTER AUTHORISER	AUTHORISER	Master Authorizer	0	None	99999.0		1	99	Ineligible
1332	1362	165662	165662	CPP-154		BOMAG	COMPACTOR	Mining	0	L/HR	250.0		1	10	Eligible
1333	1363	165664	165664	FDR123N		TOYOTA	HILUX 	Mining	0	L/100KM	80.0		1	99	Ineligible
1334	1364	165666	165666	CHM-001		NISSAN	NV350 IMPENDULO	Mining	0	KM/L	65.0		1	99	Ineligible
1335	1365	165667	165667	MOG1362		TOYOTA	QUANTUM	Mining	0	L/100KM	70.0		1	99	Ineligible
1336	1366	165670	165670	DR-319		SANDVIK	DRILL RIG	Mining	0	L/HR	800.0		1	10	Eligible
1337	1367	165671	165671	WASHBAY.		GENERATOR	GENERATOR	Mining	0	None	100.0		1	99	Ineligible
1338	1368	165672	165672	CPD-023S		RONDEBULT	FRONT END LOADER	Mining	0	L/HR	400.0		1	10	Eligible
1339	1369	165675	165675	MOG-758		MAHINDRA	SCORPIO	Mining	0	KM/L	80.0		1	99	Ineligible
1340	1370	165676	165676	WEL-575		LINCOLN	WELDER	Mining	0	L/HR	70.0		1	10	Eligible
1341	1371	165677	165677	CDOT-002		CATERPILLAR	WHEEL LOADER	Mining	0	L/HR	200.0		1	10	Eligible
1342	1372	165678	165678	CBME-505		IVECO	EUROCARGO 9-16T	Mining	0	KM/L	100.0		1	99	Ineligible
1343	1373	165680	165680	BME-095		TOYOTA	HILUX 	Mining	0	L/100KM	80.0		1	99	Ineligible
1344	1374	165682	165682	BME-120		TOYOTA	HILUX 	Mining	0	L/100KM	80.0		1	99	Ineligible
1345	1375	165683	165683	MASTER030		MASTER AUTHORISER	AUTHORISER	Master Authorizer	0	L/100KM	99999.0		1	99	Ineligible
1346	1376	165684	165684	MOG-612		TOYOTA	HILUX 	Mining	0	L/100KM	80.0		1	99	Ineligible
1347	1377	165687	165687	CBME-504		TOYOTA	HILUX 	Mining	0	L/100KM	80.0		1	99	Ineligible
1348	1378	165688	165688	COMP-1A		COMPRESSOR	COMPRESSOR	Mining	0	L/HR	1300.0		1	10	Eligible
1349	1379	165690	165690	FCG-037N		TOYOTA	CONDOR	Mining	0	KM/L	80.0		1	99	Ineligible
1350	1380	165691	165691	C2C-004		VOLVO	BACKHOE LOADER	Mining	0	L/HR	148.0		1	10	Eligible
1351	1381	165692	165692	MCC-1037		TOYOTA	HILUX 	Mining	0	L/100KM	80.0		1	99	Ineligible
1352	1382	165694	165694	CKG990L		TOYOTA	HILUX 	Mining	0	L/100KM	80.0		1	99	Ineligible
1353	1383	165695	165695	AHE-043		AHEAD PROJECTS	BOWSER	Mining	0	KM/L	500.0		1	99	Ineligible
1354	1384	165696	165696	NITRO		BULK TANK	BULK TANK	Mining	0	None	2000.0		1	99	Ineligible
1355	1385	165698	165698	CDT037		CATERPILLAR	OFF-HIGHWAY TRUCK	Mining	0	L/HR	1136.0		1	10	Eligible
1356	1386	165702	165702	CDT-20		CATERPILLAR	OFF-HIGHWAY TRUCK	Mining	0	L/HR	1150.0		1	10	Eligible
1357	1387	165703	165703	MLE-049		LIEBHERR	EXCAVATOR	Mining	0	L/HR	1585.0		1	10	Eligible
1358	1388	165704	165704	MCC-L99		CATERPILLAR	WHEEL LOADER	Mining	0	L/HR	700.0		1	10	Eligible
1359	1389	165705	165705	CSX821L.		TOYOTA	LAND CRUISER 100	Mining	0	KM/L	180.0		1	99	Ineligible
1360	1390	165706	165706	CRJ365L		TOYOTA	LAND CRUISER	Mining	0	KM/L	150.0		1	99	Ineligible
1361	1391	165707	165707	MOG-670		MAHINDRA	SCORPIO	Mining	0	KM/L	80.0		1	99	Ineligible
1362	1392	165708	165708	CDA-625R		VOLVO	ARTICULATED DUMP TRUCK	Mining	0	L/HR	800.0		1	10	Eligible
1363	1393	165709	165709	MOG-1027		DEUTZ	WATER PUMP	Mining	0	L/HR	1000.0		1	10	Eligible
1364	1394	165710	165710	MSC-291		TOYOTA	HILUX 	Mining	0	L/100KM	80.0		1	99	Ineligible
1365	1395	165713	165713	CDA-620R		VOLVO	ARTICULATED DUMP TRUCK	Mining	0	L/HR	800.0		1	10	Eligible
1366	1396	165714	165714	ST-264GN		TEREX	SERVICE TRUCK	Mining	0	L/HR	350.0		1	10	Eligible
1367	1397	165715	165715	HA-510		HIAB	TIPPER TRUCK	Mining	0	L/HR	400.0		1	10	Eligible
1368	1398	165716	165716	LP-143		ATLAS COPCO	LIGHT TOWER	Mining	0	L/HR	140.0		1	10	Eligible
1369	1399	165717	165717	ATS00823		CATERPILLAR	MOTOR GRADER	Mining	0	L/HR	492.0		1	10	Eligible
1370	1400	165718	165718	ATS00877		CATERPILLAR	MOTOR GRADER	Mining	0	L/HR	492.0		1	10	Eligible
1371	1401	165719	165719	FEL-004		CATERPILLAR	BACKHOE LOADER	Mining	0	L/HR	160.0		1	10	Eligible
1372	1402	165721	165721	MOG1356		TOYOTA	HILUX 	Mining	0	L/100KM	80.0		1	99	Ineligible
1373	1403	165722	165722	MOG-720		MAHINDRA	SCORPIO	Mining	0	KM/L	80.0		1	99	Ineligible
1374	1404	165723	165723	BDN312L		TOYOTA	HILUX 	Mining	0	L/100KM	80.0		1	99	Ineligible
1375	1405	165724	165724	CON-417		MERCEDEZ-BENZ	WATER TRUCK	Mining	0	KM/L	400.0		1	99	Ineligible
1376	1406	165725	165725	WEL-385		LINCOLN	WELDER	Mining	0	L/HR	70.0		1	10	Eligible
1377	1407	165726	165726	MOG1348		TOYOTA	HILUX 	Mining	0	L/100KM	80.0		1	99	Ineligible
1378	1408	165727	165727	CDA-777		BELL	ADT	Mining	0	L/HR	302.0		1	10	Eligible
1379	1409	165728	165728	MHF-001		Diesel Bowser	DIESEL BOWSER	Mining	0	L/HR	2000.0		1	10	Eligible
1380	1410	165729	165729	MCD-029		CATERPILLAR	MOTOR GRADER	Mining	0	L/HR	492.0		1	10	Eligible
1381	1411	165730	165730	GEN1247		PERKINS	GENERATOR	Mining	0	None	150.0		1	99	Ineligible
1382	1412	165731	165731	MCC-48		CATERPILLAR	OFF-HIGHWAY TRUCK	Mining	0	L/HR	1136.0		1	10	Eligible
1383	1413	165732	165732	LDV-762		MAHINDRA	SCORPIO	Mining	0	KM/L	80.0		1	99	Ineligible
1384	1414	165733	165733	LZ-014		LIGHTING PLANT	LIGHTING PLANT	Mining	0	None	200.0		1	99	Ineligible
1385	1415	165734	165734	BWD162L		TOYOTA	HILUX 	Mining	0	L/100KM	80.0		1	99	Ineligible
1386	1416	165735	165735	LP-017		LIGHTING PLANT	LIGHTING PLANT	Mining	0	None	200.0		1	99	Ineligible
1387	1417	165736	165736	TLW4-22		LIGHTING PLANT	LIGHTING PLANT	Mining	0	None	200.0		1	99	Ineligible
1388	1418	165737	165737	MCD-008		CATERPILLAR	DOZER	Mining	0	L/HR	2120.0		1	10	Eligible
1389	1419	165739	165739	CDA-629		DIESEL	TRUCK	Mining	0	KM/L	300.0		1	99	Ineligible
1390	1420	165740	165740	TLW4-003		LIGHTING PLANT	LIGHTING PLANT	Mining	0	None	200.0		1	99	Ineligible
1391	1421	165741	165741	MCC-G032		CATERPILLAR	MOTOR GRADER	Mining	0	L/HR	496.0		1	10	Eligible
1392	1422	165742	165742	CPD-015		BOBCAT	FRONT END LOADER	Mining	0	L/HR	100.0		1	10	Eligible
1393	1423	165744	165744	FJT035N		ROOMER	FIRE ENGINE	Mining	0	KM/L	120.0		1	99	Ineligible
1394	1424	165745	165745	MCC-1268		TOYOTA	HILUX 	Mining	0	L/100KM	80.0		1	99	Ineligible
1395	1425	165747	165747	JBN683NW		TOYOTA	HILUX 	Mining	0	L/100KM	160.0		1	99	Ineligible
1396	1426	165748	165748	ST-257		TEREX	REAR DUMPER	Mining	0	L/HR	800.0		1	10	Eligible
1397	1427	165749	165749	CON-5678		CATERPILLAR	EXCAVATOR	Mining	0	L/HR	500.0		1	10	Eligible
1398	1428	165750	165750	RH-230		TOK-TOKIE	ROCK BREAKER	Mining	0	L/HR	800.0		1	10	Eligible
1399	1429	165752	165752	CPD-012		MERCEDEZ-BENZ	TIPPER TRUCK	Mining	0	L/HR	500.0		1	10	Eligible
1400	1430	165753	165753	CON154		BOMAG	ROLLER 	Mining	0	L/HR	250.0		1	10	Eligible
1401	1431	165754	165754	206		CATERPILLAR	MOTOR GRADER	Mining	0	L/HR	492.0		1	10	Eligible
1402	1432	165755	165755	004		CATERPILLAR	BACKHOE LOADER	Mining	0	L/HR	160.0		1	10	Eligible
1403	1433	165756	165756	MCC-L098		CATERPILLAR	WHEEL LOADER	Mining	0	L/HR	700.0		1	10	Eligible
1404	1434	165757	165757	DR-317		SANDVIK	DRILL RIG	Mining	0	L/HR	800.0		1	10	Eligible
1405	1435	165758	165758	CHM-016		HITACHI	EXCAVATOR	Mining	0	L/HR	4140.0		1	10	Eligible
1406	1436	165759	165759	MOG-581		BOMAG	ROLLER 	Mining	0	L/HR	250.0		1	10	Eligible
1407	1437	165760	165760	MCC-G178		CATERPILLAR	MOTOR GRADER	Mining	0	L/HR	800.0		1	10	Eligible
1408	1438	165761	165761	CYP441L		TOYOTA	HILUX 	Mining	0	L/100KM	160.0		1	99	Ineligible
1409	1439	165762	165762	JCW755NW		TOYOTA	LAND CRUISER 100	Mining	0	KM/L	180.0		1	99	Ineligible
1410	1440	165763	165763	HYS072NW		TOYOTA	HILUX 	Mining	0	L/100KM	160.0		1	99	Ineligible
1411	1441	165764	165764	CPD-013		MERCEDEZ-BENZ	ACTROS	Mining	0	KM/L	500.0		1	99	Ineligible
1412	1442	165765	165765	DLT453L		TOYOTA	HILUX 	Mining	0	L/100KM	160.0		1	99	Ineligible
1413	1443	165766	165766	JBN974NW		LAND ROVER	ARMOURED VEHICLE	Mining	0	KM/L	130.0		1	99	Ineligible
1414	1444	165767	165767	CPP-L01		MERCEDEZ-BENZ	DIESEL BOWSER	Mining	0	KM/L	250.0		1	99	Ineligible
1415	1445	165768	165768	CPP-200		ISUZU	KB	Mining	0	L/100KM	80.0		1	99	Ineligible
1416	1446	165769	165769	BLN474L		TOYOTA	HILUX 	Mining	0	L/100KM	80.0		1	99	Ineligible
1417	1447	165770	165770	FDW749N		TOYOTA	HILUX 	Mining	0	L/100KM	80.0		1	99	Ineligible
1418	1448	165771	165771	MASTER93.		MASTER AUTHORISER	AUTHORISER	Master Authorizer	0	L/100KM	99999.0		1	99	Ineligible
1419	1449	165772	165772	MOG-1114		DEUTZ	WATER PUMP	Mining	0	L/HR	1000.0		1	10	Eligible
1420	1450	165773	165773	CON101		MERCEDEZ-BENZ	ATEGO	Mining	0	KM/L	100.0		1	99	Ineligible
1421	1451	165774	165774	VT4-10		LIGHTING PLANT	LIGHTING PLANT	Mining	0	None	200.0		1	99	Ineligible
1422	1452	165775	165775	A109.		VOLVO	ARTICULATED DUMP TRUCK	Mining	0	L/HR	547.0		1	10	Eligible
1423	1453	165776	165776	BIGMIKE		TOYOTA	HILUX SC	Mining	0	KM/L	80.0		1	99	Ineligible
1424	1454	165777	165777	FL-004		HYSTER	FORKLIFT	Mining	0	L/HR	80.0		1	10	Eligible
1425	1455	165778	165778	LCT-001		CATERPILLAR	OFF-HIGHWAY TRUCK	Mining	0	L/HR	3222.0		1	10	Eligible
1426	1456	165780	165780	MASTER91		MASTER AUTHORISER	AUTHORISER	Master Authorizer	0	L/100KM	99999.0		1	99	Ineligible
1427	1457	165782	165782	LTC-001		CATERPILLAR	OFF-HIGHWAY TRUCK	Mining	0	L/HR	3222.0		1	10	Eligible
1428	1458	165783	165783	 CC2714		TOYOTA	HILUX SC	Mining	0	KM/L	80.0		1	99	Ineligible
1429	1459	165785	165785	JPF391NW		LAND ROVER	DEFENDER	Mining	0	KM/L	130.0		1	99	Ineligible
1430	1460	165786	165786	WT-328		CATERPILLAR	WATER BOWSER	Mining	0	L/HR	1200.0		1	10	Eligible
1431	1461	165788	165788	CPP116		CATERPILLAR	EXCAVATOR	Mining	0	L/HR	935.0		1	10	Eligible
1432	1462	165789	165789	CPP141		CATERPILLAR	ARTICULATED DUMP TRUCK	Mining	0	L/HR	560.0		1	10	Eligible
1433	1463	165790	165790	CPP-142		CATERPILLAR	MOTOR GRADER	Mining	0	L/HR	360.0		1	10	Eligible
1434	1464	165791	165791	CPPBULK		MERCEDEZ-BENZ	AXOR	Mining	0	None	18500.0		1	99	Ineligible
1435	1465	165793	165793	MCC-098		CATERPILLAR	OFF-HIGHWAY TRUCK	Mining	0	L/HR	1137.0		1	10	Eligible
1436	1466	165794	165794	LCT002		CATERPILLAR	OFF-HIGHWAY TRUCK	Mining	0	L/HR	3222.0		1	10	Eligible
1437	1467	165795	165795	LCT004		CATERPILLAR	OFF-HIGHWAY TRUCK	Mining	0	L/HR	3222.0		1	10	Eligible
1438	1468	165796	165796	BULK-266		TEREX	DIESEL BOWSER	Mining	0	L/HR	34000.0		1	10	Eligible
1439	1469	165797	165797	BULK-268		TEREX	DIESEL BOWSER	Mining	0	L/HR	34000.0		1	10	Eligible
1440	1470	165798	165798	MCC-11		CATERPILLAR	DOZER	Mining	0	L/HR	1204.0		1	10	Eligible
1441	1471	165799	165799	MCC-29		CATERPILLAR	OFF-HIGHWAY TRUCK	Mining	0	L/HR	1137.0		1	10	Eligible
1442	1472	165800	165800	MCC-1300		TOYOTA	HILUX 	Mining	0	L/100KM	80.0		1	99	Ineligible
1443	1473	165801	165801	MCD-011		CATERPILLAR	MOTOR GRADER	Mining	0	L/HR	492.0		1	10	Eligible
1444	1474	165802	165802	MDT25		CATERPILLAR	OFF-HIGHWAY TRUCK	Mining	0	L/HR	700.0		1	10	Eligible
1445	1475	165804	165804	PPL-PLANT		MASTER AUTHORISER	AUTHORISER	Mining	0	L/100KM	99999.0		1	99	Ineligible
1446	1476	165805	165805	ADZ00396		CATERPILLAR	WHEEL LOADER	Mining	0	L/HR	1562.0		1	10	Eligible
1447	1477	165806	165806	GEN-608		KIPOR	GENERATOR	Mining	0	None	100.0		1	99	Ineligible
1448	1478	165807	165807	CSN-724A		Unknown	Unknown	Mining	0	None	484.0		1	99	Ineligible
1449	1479	165808	165808	CSN-724B		Unknown	Unknown	Mining	0	None	500.0		1	99	Ineligible
1450	1480	165809	165809	CSN-725B		Unknown	Unknown	Mining	0	None	500.0		1	99	Ineligible
1451	1481	165810	165810	CSN-726B		Unknown	Unknown	Mining	0	None	500.0		1	99	Ineligible
1452	1482	165811	165811	CSN-725A		Unknown	Unknown	Mining	0	None	484.0		1	99	Ineligible
1453	1483	165812	165812	CSN-726A		Unknown	Unknown	Mining	0	None	484.0		1	99	Ineligible
1454	1484	165813	165813	WEL-359		LINCOLN	WELDER	Mining	0	L/HR	70.0		1	10	Eligible
1455	1485	165814	165814	WP-02		WATER PUMP	WATER PUMP	Mining	0	L/HR	1000.0		1	10	Eligible
1456	1486	165816	165816	VT4-13		LIGHTING PLANT	LIGHTING PLANT	Mining	0	None	200.0		1	99	Ineligible
1457	1487	165817	165817	WDR-359		LINCOLN	WELDER	Mining	0	L/HR	70.0		1	10	Eligible
1458	1488	165820	165820	100AX-559		GENERATOR	GENERATOR	Mining	0	None	100.0		1	99	Ineligible
1459	1489	165821	165821	CPP-146		LIGHTING PLANT	LIGHTING PLANT	Mining	0	None	200.0		1	99	Ineligible
1460	1490	165822	165822	CPP-147		LIGHTING PLANT	LIGHTING PLANT	Mining	0	None	200.0		1	99	Ineligible
1461	1491	165823	165823	EAX0554		KIPOR	GENERATOR	Mining	0	None	100.0		1	99	Ineligible
1462	1492	165824	165824	WP-1023		WATER PUMP	WATER PUMP	Mining	0	L/HR	1000.0		1	10	Eligible
1463	1493	165825	165825	MOG-1520		TOYOTA	HILUX MY17	Mining	0	KM/L	80.0		1	99	Ineligible
1464	1494	165827	165827	MOG-663		TOYOTA	HILUX MY17	Mining	0	KM/L	80.0		1	99	Ineligible
1465	1495	165828	165828	PPL-J & B		MASTER AUTHORISER	AUTHORISER	Mining	0	L/100KM	99999.0		1	99	Ineligible
1466	1496	165830	165830	ST-040		ISUZU	TRUCK	Mining	0	KM/L	100.0		1	99	Ineligible
1467	1497	165833	165833	HA-506		MERCEDEZ-BENZ	TRUCK	Mining	0	KM/L	550.0		1	99	Ineligible
1468	1498	165834	165834	.MASTER25		MASTER AUTHORISER	AUTHORISER	Master Authorizer	0	L/100KM	99999.0		1	99	Ineligible
1469	1499	165835	165835	AEL-E77		VOLVO	FM TRUCK	Mining	0	L/HR	300.0		1	10	Eligible
1470	1500	165836	165836	BHR722L		TOYOTA	HILUX MY17	Mining	0	KM/L	80.0		1	99	Ineligible
1471	1501	165837	165837	BNX139L		MAHINDRA	SCORPIO	Mining	0	KM/L	80.0		1	99	Ineligible
1472	1502	165838	165838	BNX146N		MAHINDRA	SCORPIO	Mining	0	KM/L	80.0		1	99	Ineligible
1473	1503	165839	165839	BOSVARK		TOYOTA	HINO	Mining	0	KM/L	80.0		1	99	Ineligible
1474	1504	165840	165840	BPW179L		MAHINDRA	SCORPIO	Mining	0	KM/L	80.0		1	99	Ineligible
1475	1505	165841	165841	CHV917L		TOYOTA	HILUX 	Mining	0	L/100KM	160.0		1	99	Ineligible
1476	1506	165842	165842	CTX562L		TOYOTA	LAND CRUISER	Mining	0	KM/L	130.0		1	99	Ineligible
1477	1507	165843	165843	D P168N		FORKLIFT	FORKLIFT	Mining	0	L/HR	150.0		1	10	Eligible
1478	1508	165844	165844	MH-006		NEW HOLLAND	TELESCOPIC HANDLER	Mining	0	L/HR	250.0		1	10	Eligible
1479	1509	165846	165846	BWT-036		BELL	ADT	Mining	0	L/HR	400.0		1	10	Eligible
1480	1510	165847	165847	TDV241		Unknown	NONE	Mining	0	L/100KM	50.0		1	99	Ineligible
1481	1511	165848	165848	CXR894L		Unknown	NONE	Mining	0	L/100KM	50.0		1	99	Ineligible
1482	1512	165849	165849	DT-238		Unknown	NONE	Mining	0	L/100KM	50.0		1	99	Ineligible
1483	1513	165850	165850	JBB212NW		Unknown	NONE	Mining	0	L/100KM	50.0		1	99	Ineligible
1484	1514	165851	165851	CBT-003		Unknown	NONE	Mining	0	L/100KM	50.0		1	99	Ineligible
1485	1515	165853	165853	MCCM417		Unknown	NONE	Mining	0	L/100KM	50.0		1	99	Ineligible
1486	1516	165854	165854	SJ-001		Unknown	NONE	Mining	0	L/100KM	50.0		1	99	Ineligible
1487	1517	165855	165855	A126BULK		Diesel Bowser	DIESEL BOWSER	Bowser	0	L/HR	3255.0		1	10	Eligible
1488	1518	165856	165856	820		LIGHTING PLANT	LIGHTING PLANT	Mining	0	None	200.0		1	99	Ineligible
1489	1519	165857	165857	COMP-1B		ATLAS COPCO	COMPRESSOR	Mining	0	None	100.0		1	99	Ineligible
1490	1520	165858	165858	CON-427		BELL	DIESEL BOWSER	Mining	0	L/HR	1000.0		1	10	Eligible
1491	1521	165859	165859	CYH922L		TOYOTA	AURIS	Mining	0	KM/L	55.0		1	99	Ineligible
1492	1522	165860	165860	DAS-159		TRACTOR	TRACTOR	Mining	0	L/HR	80.0		1	10	Eligible
1493	1523	165861	165861	DB-266		TEREX	DIESEL BOWSER	Mining	0	L/HR	34000.0		1	10	Eligible
1494	1524	165862	165862	DB-268		TEREX	DIESEL BOWSER	Mining	0	L/HR	34000.0		1	10	Eligible
1495	1525	165863	165863	DP168N		FORKLIFT	FORKLIFT	Mining	0	L/HR	150.0		1	10	Eligible
1496	1526	165866	165866	DWY168N		TOYOTA	HILUX 	Mining	0	KM/L	80.0		1	99	Ineligible
1497	1527	165867	165867	FBL-431N		TOYOTA	HILUX MY17	Mining	0	KM/L	80.0		1	99	Ineligible
1498	1528	165868	165868	FL-586		FORKLIFT	FORKLIFT	Mining	0	L/HR	150.0		1	10	Eligible
1499	1529	165869	165869	FS108		O&K	FACE SHOVEL	Mining	0	L/HR	1200.0		1	10	Eligible
1500	1530	165870	165870	G-733		GROUNDPROBE	SLOPE STABILITY RADAR	Mining	0	L/HR	50.0		1	10	Eligible
1501	1531	165871	165871	HIAB-1522		HIAB	TIPPER TRUCK	Mining	0	L/HR	400.0		1	10	Eligible
1502	1532	165872	165872	LDV-589		TOYOTA	FORKLIFT	Mining	0	KM/L	80.0		1	99	Ineligible
1503	1533	165873	165873	LDV-726		TOYOTA	HILUX SC	Mining	0	KM/L	80.0		1	99	Ineligible
1504	1534	165874	165874	LDV-727		MAHINDRA	SCORPIO	Mining	0	KM/L	80.0		1	99	Ineligible
1505	1535	165876	165876	M0G-681		MAHINDRA	BALERO	Mining	0	KM/L	80.0		1	99	Ineligible
1506	1536	165880	165880	M0G-798		TOYOTA	HILUX MY17	Mining	0	KM/L	80.0		1	99	Ineligible
1507	1537	165882	165882	MASTER_05		MASTER AUTHORISER	AUTHORISER	Master Authorizer	0	L/100KM	99999.0		1	99	Ineligible
1508	1538	165885	165885	MNC-01		MASTER AUTHORISER	AUTHORISER	Mining	0	None	99999.0		1	99	Ineligible
1509	1539	165888	165888	MNC298		TOYOTA	HILUX MY17	Mining	0	KM/L	80.0		1	99	Ineligible
1510	1540	165890	165890	MNC308		TOYOTA	HILUX 	Mining	0	L/100KM	160.0		1	99	Ineligible
1511	1541	165893	165893	MOG1349		TOYOTA	HILUX MY17	Mining	0	KM/L	80.0		1	99	Ineligible
1512	1542	165900	165900	MOG1374		TOYOTA	AURIS	Mining	0	KM/L	55.0		1	99	Ineligible
1513	1543	165902	165902	MOG1378		TOYOTA	HILUX SC	Mining	0	L/100KM	80.0		1	99	Ineligible
1514	1544	165905	165905	MOG-609		KIA	TRUCK	Mining	0	KM/L	80.0		1	99	Ineligible
1515	1545	165907	165907	MOG-613		TOYOTA	HILUX 	Mining	0	KM/L	80.0		1	99	Ineligible
1516	1546	165912	165912	MOG-627		TOYOTA	HILUX MY17	Mining	0	KM/L	80.0		1	99	Ineligible
1517	1547	165915	165915	MOG-634		TOYOTA	HILUX 	Mining	0	KM/L	80.0		1	99	Ineligible
1518	1548	165918	165918	MOG-640		MAHINDRA	SCORPIO	Mining	0	KM/L	80.0		1	99	Ineligible
1519	1549	165924	165924	MOG-651		TOYOTA	HILUX MY17	Mining	0	KM/L	80.0		1	99	Ineligible
1520	1550	165927	165927	MOG-660		TOYOTA	HILUX MY17	Mining	0	KM/L	80.0		1	99	Ineligible
1521	1551	165932	165932	MOG-661		TOYOTA	HILUX MY17	Mining	0	KM/L	80.0		1	99	Ineligible
1522	1552	165935	165935	MOG-665		TOYOTA	HILUX MY17	Mining	0	KM/L	80.0		1	99	Ineligible
1523	1553	165938	165938	MOG-669		MAHINDRA	SCORPIO	Mining	0	KM/L	80.0		1	99	Ineligible
1524	1554	165941	165941	MOG-679		TOYOTA	HILUX MY17	Mining	0	KM/L	80.0		1	99	Ineligible
1525	1555	165943	165943	MOG-695		TOYOTA	HILUX MY17	Mining	0	KM/L	80.0		1	99	Ineligible
1526	1556	165946	165946	MOG-696		TOYOTA	HILUX 	Mining	0	L/100KM	80.0		1	99	Ineligible
1527	1557	165948	165948	MOG-719		TOYOTA	QUANTUM	Mining	0	L/100KM	70.0		1	99	Ineligible
1528	1558	165950	165950	MOG-735		TOYOTA	HILUX MY17	Mining	0	KM/L	80.0		1	99	Ineligible
1529	1559	165953	165953	MOG-746		TOYOTA	HILUX MY17	Mining	0	KM/L	80.0		1	99	Ineligible
1530	1560	165955	165955	MOG-747		MAHINDRA	BALERO	Mining	0	KM/L	80.0		1	99	Ineligible
1531	1561	165959	165959	MOG-759		MAHINDRA	SCORPIO	Mining	0	KM/L	80.0		1	99	Ineligible
1532	1562	165964	165964	MOG-776		TOYOTA	HILUX 	Mining	0	KM/L	80.0		1	99	Ineligible
1533	1563	165968	165968	MOG-887		LAND ROVER	DEFENDER	Mining	0	KM/L	80.0		1	99	Ineligible
1534	1564	165970	165970	MOG-B001		TOYOTA	HILUX MY17	Mining	0	KM/L	80.0		1	99	Ineligible
1535	1565	165973	165973	SRX-025		MAHINDRA	BAKKIE	Mining	0	KM/L	80.0		1	99	Ineligible
1536	1566	165975	165975	SSR-082		TOYOTA	HILUX MY17	Mining	0	KM/L	80.0		1	99	Ineligible
1537	1567	165977	165977	SSRX-127		TOYOTA	HILUX MY17	Mining	0	KM/L	80.0		1	99	Ineligible
1538	1568	165981	165981	ST-255		TEREX	SERVICE TRUCK	Mining	0	L/HR	350.0		1	10	Eligible
1539	1569	165986	165986	ST-258		TEREX	SERVICE TRUCK	Mining	0	L/HR	350.0		1	10	Eligible
1540	1570	165989	165989	ST-261		TEREX	SERVICE TRUCK	Mining	0	L/HR	350.0		1	10	Eligible
1541	1571	165993	165993	ST-262		TEREX	SERVICE TRUCK	Mining	0	L/HR	350.0		1	10	Eligible
1542	1572	165995	165995	STORE-FL		FORKLIFT	FORKLIFT	Mining	0	L/HR	150.0		1	10	Eligible
1543	1573	165998	165998	WT-1027		WATER TRUCK	WATER TRUCK	Mining	0	KM/L	480.0		1	99	Ineligible
1544	1574	166000	166000	BGY966L		TOYOTA	HILUX MY17	Mining	0	KM/L	80.0		1	99	Ineligible
1545	1575	166003	166003	CBQC-008		LIEBHERR	EXCAVATOR	Mining	0	L/HR	890.0		1	10	Eligible
1546	1576	166005	166005	CLL-002		TOYOTA	HILUX MY17	Mining	0	KM/L	80.0		1	99	Ineligible
1547	1577	166014	166014	CPP-143		BELL	ADT	Mining	0	KM/L	350.0		1	99	Ineligible
1548	1578	166017	166017	DB-120		FORD	TRACTOR	Mining	0	KM/L	500.0		1	99	Ineligible
1549	1579	166019	166019	DLW346N		TOYOTA	HILUX MY17	Mining	0	KM/L	80.0		1	99	Ineligible
1550	1580	166022	166022	DR-148		PIT VIPER	DRILL	Mining	0	L/HR	750.0		1	10	Eligible
1551	1581	166024	166024	FOR-006		DAEWOO	FORKLIFT	Mining	0	L/HR	150.0		1	10	Eligible
1552	1582	166026	166026	LDV-058		TOYOTA	HILUX MY17	Mining	0	KM/L	80.0		1	99	Ineligible
1553	1583	166029	166029	M0G-886		TOYOTA	HILUX MY17	Mining	0	KM/L	80.0		1	99	Ineligible
1554	1584	166031	166031	MAN-003		DAEWOO	FORKLIFT	Mining	0	L/HR	150.0		1	10	Eligible
1555	1585	166033	166033	MCC-1060		TOYOTA	HILUX MY17	Mining	0	KM/L	80.0		1	99	Ineligible
1556	1586	166037	166037	MLE-051		LIEBHERR	EXCAVATOR	Mining	0	L/HR	1585.0		1	10	Eligible
1557	1587	166040	166040	CDT050		CATERPILLAR	OFF-HIGHWAY TRUCK	Mining	0	L/HR	1136.0		1	10	Eligible
1558	1588	166042	166042	WT-185		CATERPILLAR	WHEEL DOZER	Mining	0	L/HR	1137.0		1	10	Eligible
1559	1589	166047	166047	TH-172		CATERPILLAR	WHEEL DOZER	Mining	0	L/HR	400.0		1	10	Eligible
1560	1590	166050	166050	CPP-202		TOYOTA	HILUX 	Mining	0	L/100KM	80.0		1	99	Ineligible
1561	1591	166053	166053	CPP-145		CATERPILLAR	EXCAVATOR	Mining	0	L/HR	1200.0		1	10	Eligible
1562	1592	166055	166055	CPP-150		CATERPILLAR	OFF-HIGHWAY TRUCK	Mining	0	L/HR	1136.0		1	10	Eligible
1563	1593	166058	166058	CPP-151		CATERPILLAR	OFF-HIGHWAY TRUCK	Mining	0	L/HR	1136.0		1	10	Eligible
1564	1594	166061	166061	CPP101		CATERPILLAR	ARTICULATED DUMP TRUCK	Mining	0	L/HR	560.0		1	10	Eligible
1565	1595	166063	166063	CPP106		CATERPILLAR	ARTICULATED DUMP TRUCK	Mining	0	L/HR	560.0		1	10	Eligible
1566	1596	166066	166066	CPP111		CATERPILLAR	ARTICULATED DUMP TRUCK	Mining	0	L/HR	560.0		1	10	Eligible
1567	1597	166068	166068	CPP114		CATERPILLAR	EXCAVATOR	Mining	0	L/HR	935.0		1	10	Eligible
1568	1598	166071	166071	DT-054		CATERPILLAR	OFF-HIGHWAY TRUCK	Mining	0	L/HR	530.0		1	10	Eligible
1569	1599	166074	166074	FRC920L.		TOYOTA	HILUX SC	Mining	0	KM/L	80.0		1	99	Ineligible
1570	1600	166076	166076	FDR067N		TOYOTA	HILUX 	Mining	0	L/100KM	80.0		1	99	Ineligible
1571	1601	166078	166078	FEL-172		CATERPILLAR	WHEEL LOADER	Mining	0	L/HR	200.0		1	10	Eligible
1572	1602	166082	166082	HDR811_NW		TOYOTA	HILUX 	Mining	0	L/100KM	80.0		1	99	Ineligible
1573	1603	166085	166085	JCK991NW		LAND ROVER	DEFENDER	Mining	0	KM/L	130.0		1	99	Ineligible
1574	1604	166087	166087	HYP370NW		LAND ROVER	DEFENDER	Mining	0	KM/L	130.0		1	99	Ineligible
1575	1605	166090	166090	HZD758NW		TOYOTA	HILUX 	Mining	0	L/100KM	80.0		1	99	Ineligible
1576	1606	166092	166092	HZM918NW		TOYOTA	HILUX 	Mining	0	L/100KM	80.0		1	99	Ineligible
1577	1607	166095	166095	JBG668NW		TOYOTA	HILUX 	Mining	0	L/100KM	160.0		1	99	Ineligible
1578	1608	166098	166098	JBN675NW		LAND ROVER	DEFENDER	Mining	0	KM/L	130.0		1	99	Ineligible
1579	1609	166100	166100	MCC-91		CATERPILLAR	OFF-HIGHWAY TRUCK	Mining	0	L/HR	1136.0		1	10	Eligible
1580	1610	166102	166102	MCC-92		CATERPILLAR	OFF-HIGHWAY TRUCK	Mining	0	L/HR	1136.0		1	10	Eligible
1581	1611	166105	166105	390D-0001		CATERPILLAR	EXCAVATOR	Mining	0	L/HR	1000.0		1	10	Eligible
1582	1612	166107	166107	390D-0002		CATERPILLAR	EXCAVATOR	Mining	0	L/HR	1000.0		1	10	Eligible
1583	1613	166110	166110	AFSTEST		TESTING	NONE	Mining	0	L/HR	99999.0		1	10	Eligible
1584	1614	166118	166118	TD-183		CATERPILLAR	WHEEL LOADER	Mining	0	L/HR	793.0		1	10	Eligible
1585	1615	166121	166121	MSC-002		P&H 	CRANE	Mining	0	KM/L	300.0		1	99	Ineligible
1586	1616	166123	166123	CTC-001		DOOSAN	EXCAVATOR	Mining	0	None	410.0		1	99	Ineligible
1587	1617	166127	166127	CON-0014		ALLMAND	LIGHT TOWER	Mining	0	L/HR	250.0		1	10	Eligible
1588	1618	166130	166130	CPD-021S		BOBCAT	BOBCAT	Mining	0	L/HR	95.0		1	10	Eligible
1589	1619	166132	166132	CFA-503		BELL	ADT	Mining	0	L/HR	200.0		1	10	Eligible
1590	1620	166135	166135	MOG-1210B		GENERATOR	GENERATOR	Mining	0	None	100.0		1	99	Ineligible
1591	1621	166138	166138	CPD-025S		RONDEBULT	FRONT END LOADER	Mining	0	L/HR	500.0		1	10	Eligible
1592	1622	166143	166143	ULTRA-GEN		GENERATOR	GENERATOR	Mining	0	None	100.0		1	99	Ineligible
1593	1623	166146	166146	MOG-1497		TOYOTA	LAND CRUISER	Mining	0	KM/L	130.0		1	99	Ineligible
1594	1624	166150	166150	CON-90		CATERPILLAR	OFF-HIGHWAY TRUCK	Mining	0	L/HR	1150.0		1	10	Eligible
1595	1625	166153	166153	CON-590		CATERPILLAR	OFF-HIGHWAY TRUCK	Mining	0	L/HR	1136.0		1	10	Eligible
1596	1626	166156	166156	MOG-689		TOYOTA	HILUX SC	Mining	0	KM/L	80.0		1	99	Ineligible
1597	1627	166158	166158	TAU-080		BELAZ	DUMP TRUCK	Mining	0	L/HR	5000.0		1	10	Eligible
1598	1628	166161	166161	DR-295		ATLAS COPCO	DRILL RIG	Mining	0	L/HR	5100.0		1	10	Eligible
1599	1629	166166	166166	CJC024		JOHNSON	CRANE	Mining	0	L/HR	600.0		1	10	Eligible
1600	1630	166169	166169	TD-166		CATERPILLAR	WHEEL DOZER	Mining	0	L/HR	1137.0		1	10	Eligible
1601	1631	166171	166171	TD-179		CATERPILLAR	WHEEL DOZER	Mining	0	L/HR	1137.0		1	10	Eligible
1602	1632	166176	166176	WD-174		CATERPILLAR	WHEEL LOADER	Mining	0	L/HR	700.0		1	10	Eligible
1603	1633	166178	166178	WEL-363		LINCOLN	WELDER	Mining	0	L/HR	70.0		1	10	Eligible
1604	1634	166181	166181	WM-359		LINCOLN	WELDER	Mining	0	L/HR	70.0		1	10	Eligible
1605	1635	166183	166183	WM-361		LINCOLN	WELDER	Mining	0	L/HR	70.0		1	10	Eligible
1606	1636	166189	166189	TD-254		CATERPILLAR	DOZER	Mining	0	L/HR	1446.0		1	10	Eligible
1607	1637	166192	166192	ST-256		TEREX	SERVICE TRUCK	Mining	0	L/HR	350.0		1	10	Eligible
1608	1638	166194	166194	CON-127		BOMAG	ROLLER 	Mining	0	L/HR	450.0		1	10	Eligible
1609	1639	166197	166197	CON-775		CATERPILLAR	EXCAVATOR	Mining	0	L/HR	620.0		1	10	Eligible
1610	1640	166200	166200	DR-318		SANDVIK	DRILL RIG	Mining	0	L/HR	800.0		1	10	Eligible
1611	1641	166202	166202	CON-01		ALLMAND	LIGHT TOWER	Mining	0	L/HR	250.0		1	10	Eligible
1612	1642	176423	176423	5131074687 Test		TOYOTA	HILUX SC	Mining	0	KM/L	80.0		1	99	Ineligible
1613	1643	177758	177758	5131075211		TOYOTA	HILUX SC	Mining	0	KM/L	80.0		1	99	Ineligible
1614	1644	177759	177759	5131076646		TOYOTA	HILUX SC	Mining	0	KM/L	80.0		1	99	Ineligible
1615	1645	177760	177760	5131079464		TOYOTA	HILUX SC	Mining	0	KM/L	80.0		1	99	Ineligible
1616	1646	177761	177761	5131079474		TOYOTA	HILUX SC	Mining	0	KM/L	80.0		1	99	Ineligible
1617	1647	177762	177762	5131079545		TOYOTA	HILUX SC	Mining	0	KM/L	80.0		1	99	Ineligible
1618	1648	177763	177763	5131079567		TOYOTA	HILUX SC	Mining	0	KM/L	80.0		1	99	Ineligible
1619	1649	177764	177764	5131079644		TOYOTA	HILUX SC	Mining	0	KM/L	80.0		1	99	Ineligible
1620	1650	177765	177765	5131079653		TOYOTA	HILUX SC	Mining	0	KM/L	80.0		1	99	Ineligible
1621	1651	177766	177766	5131079689		TOYOTA	HILUX SC	Mining	0	KM/L	80.0		1	99	Ineligible
1622	1652	177767	177767	5131079691		TOYOTA	HILUX SC	Mining	0	KM/L	80.0		1	99	Ineligible
1623	1653	177768	177768	5131079697		TOYOTA	HILUX SC	Mining	0	KM/L	80.0		1	99	Ineligible
1624	1654	177769	177769	5161157324		TOYOTA	HILUX SC	Mining	0	KM/L	80.0		1	99	Ineligible
1625	1655	177770	177770	5161157328		TOYOTA	HILUX SC	Mining	0	KM/L	80.0		1	99	Ineligible
1626	1656	177771	177771	5161157786		TOYOTA	HILUX SC	Mining	0	KM/L	80.0		1	99	Ineligible
1627	1657	177772	177772	5161157804		TOYOTA	HILUX SC	Mining	0	KM/L	80.0		1	99	Ineligible
1628	1658	177773	177773	5161157809		TOYOTA	HILUX SC	Mining	0	KM/L	80.0		1	99	Ineligible
1629	1659	177774	177774	5161157823		TOYOTA	HILUX SC	Mining	0	KM/L	80.0		1	99	Ineligible
1630	1660	177775	177775	5161157843		TOYOTA	HILUX SC	Mining	0	KM/L	80.0		1	99	Ineligible
1631	1661	177776	177776	5161158230		TOYOTA	HILUX SC	Mining	0	KM/L	80.0		1	99	Ineligible
1632	1662	177777	177777	5161160169		TOYOTA	HILUX SC	Mining	0	KM/L	80.0		1	99	Ineligible
1633	1663	177778	177778	BK87VPGP		TOYOTA	HILUX SC	Mining	0	KM/L	80.0		1	99	Ineligible
1634	1664	177780	177780	BVM981L		TOYOTA	HILUX SC	Mining	0	KM/L	80.0		1	99	Ineligible
1635	1665	177783	177783	C2C-001		TOYOTA	HILUX SC	Mining	0	KM/L	80.0		1	99	Ineligible
1636	1666	177784	177784	C2C-003		TOYOTA	HILUX SC	Mining	0	KM/L	80.0		1	99	Ineligible
1637	1667	177785	177785	C2C-009		TOYOTA	HILUX SC	Mining	0	KM/L	80.0		1	99	Ineligible
1638	1668	177786	177786	C2C-010 		TOYOTA	HILUX SC	Mining	0	KM/L	80.0		1	99	Ineligible
1639	1669	177787	177787	CA_5131074866		TOYOTA	HILUX SC	Mining	0	KM/L	80.0		1	99	Ineligible
1640	1670	177788	177788	CA_5131091908		TOYOTA	HILUX SC	Mining	0	KM/L	80.0		1	99	Ineligible
1641	1671	177789	177789	CAC-006		TOYOTA	HILUX SC	Mining	0	KM/L	80.0		1	99	Ineligible
1642	1672	177790	177790	CAC-007		TOYOTA	HILUX SC	Mining	0	KM/L	80.0		1	99	Ineligible
1643	1673	177791	177791	CADS-012		TOYOTA	HILUX SC	Mining	0	KM/L	80.0		1	99	Ineligible
1644	1674	177792	177792	CADS-013		TOYOTA	HILUX SC	Mining	0	KM/L	80.0		1	99	Ineligible
1645	1675	177793	177793	CADS-014		TOYOTA	HILUX SC	Mining	0	KM/L	80.0		1	99	Ineligible
1646	1676	177794	177794	CADS-015		TOYOTA	HILUX SC	Mining	0	KM/L	80.0		1	99	Ineligible
1647	1677	177795	177795	CADS-016		TOYOTA	HILUX SC	Mining	0	KM/L	80.0		1	99	Ineligible
1648	1678	177796	177796	CADS-017		TOYOTA	HILUX SC	Mining	0	KM/L	80.0		1	99	Ineligible
1649	1679	177797	177797	CADS-018		TOYOTA	HILUX SC	Mining	0	KM/L	80.0		1	99	Ineligible
1650	1680	177798	177798	CADS-019		TOYOTA	HILUX SC	Mining	0	KM/L	80.0		1	99	Ineligible
1651	1681	177799	177799	CADS-020		TOYOTA	HILUX SC	Mining	0	KM/L	80.0		1	99	Ineligible
1652	1682	177800	177800	CADS-021		TOYOTA	HILUX SC	Mining	0	KM/L	80.0		1	99	Ineligible
1653	1683	177801	177801	CADS-022		TOYOTA	HILUX SC	Mining	0	KM/L	80.0		1	99	Ineligible
1654	1684	177802	177802	CADS-023		TOYOTA	HILUX SC	Mining	0	KM/L	80.0		1	99	Ineligible
1655	1685	177803	177803	CADS-025		TOYOTA	HILUX SC	Mining	0	KM/L	80.0		1	99	Ineligible
1656	1686	177804	177804	CADS-026		TOYOTA	HILUX SC	Mining	0	KM/L	80.0		1	99	Ineligible
1657	1687	177805	177805	CADS-027		TOYOTA	HILUX SC	Mining	0	KM/L	80.0		1	99	Ineligible
1658	1688	177806	177806	CADS-24		TOYOTA	HILUX SC	Mining	0	KM/L	80.0		1	99	Ineligible
1659	1689	177809	177809	CAJ-008		TOYOTA	HILUX SC	Mining	0	KM/L	80.0		1	99	Ineligible
1660	1690	177810	177810	CAJ-009		TOYOTA	HILUX SC	Mining	0	KM/L	80.0		1	99	Ineligible
1661	1691	177811	177811	CAJ-010		TOYOTA	HILUX SC	Mining	0	KM/L	80.0		1	99	Ineligible
1662	1692	177812	177812	CAJ-011		TOYOTA	HILUX SC	Mining	0	KM/L	80.0		1	99	Ineligible
1663	1693	177813	177813	CAN-001		TOYOTA	HILUX SC	Mining	0	KM/L	80.0		1	99	Ineligible
1664	1694	177814	177814	CAN-008		TOYOTA	HILUX SC	Mining	0	KM/L	80.0		1	99	Ineligible
1665	1695	177815	177815	CAN-009		TOYOTA	HILUX SC	Mining	0	KM/L	80.0		1	99	Ineligible
1666	1696	177816	177816	CAQ-004		TOYOTA	HILUX SC	Mining	0	KM/L	80.0		1	99	Ineligible
1667	1697	177818	177818	CAW-003		TOYOTA	HILUX SC	Mining	0	KM/L	80.0		1	99	Ineligible
1668	1698	177820	177820	CAY-001		TOYOTA	HILUX SC	Mining	0	KM/L	80.0		1	99	Ineligible
1669	1699	177821	177821	CAY-002		TOYOTA	HILUX SC	Mining	0	KM/L	80.0		1	99	Ineligible
1670	1700	177822	177822	CAY-007		TOYOTA	HILUX SC	Mining	0	KM/L	80.0		1	99	Ineligible
1671	1701	177823	177823	CAY-008		TOYOTA	HILUX SC	Mining	0	KM/L	80.0		1	99	Ineligible
1672	1702	177824	177824	CAY-011		TOYOTA	HILUX SC	Mining	0	KM/L	80.0		1	99	Ineligible
1673	1703	177825	177825	CAY-012		TOYOTA	HILUX SC	Mining	0	KM/L	80.0		1	99	Ineligible
1674	1704	177827	177827	CB-002		TOYOTA	HILUX SC	Mining	0	KM/L	80.0		1	99	Ineligible
1675	1705	177828	177828	CB-003		TOYOTA	HILUX SC	Mining	0	KM/L	80.0		1	99	Ineligible
1676	1706	177829	177829	CB-004		TOYOTA	HILUX SC	Mining	0	KM/L	80.0		1	99	Ineligible
1677	1707	177830	177830	CB-007		TOYOTA	HILUX SC	Mining	0	KM/L	80.0		1	99	Ineligible
1678	1708	177831	177831	CBC-001		TOYOTA	HILUX SC	Mining	0	KM/L	80.0		1	99	Ineligible
1679	1709	177832	177832	CBD-030		TOYOTA	HILUX SC	Mining	0	KM/L	80.0		1	99	Ineligible
1680	1710	177833	177833	CBD-031		TOYOTA	HILUX SC	Mining	0	KM/L	80.0		1	99	Ineligible
1681	1711	177835	177835	CBD-036		TOYOTA	HILUX SC	Mining	0	KM/L	80.0		1	99	Ineligible
1682	1712	177836	177836	CBD-049		TOYOTA	HILUX SC	Mining	0	KM/L	80.0		1	99	Ineligible
1683	1713	177837	177837	CBD-050		TOYOTA	HILUX SC	Mining	0	KM/L	80.0		1	99	Ineligible
1684	1714	177838	177838	CBI-002		TOYOTA	HILUX SC	Mining	0	KM/L	80.0		1	99	Ineligible
1685	1715	177839	177839	CBI-003		TOYOTA	HILUX SC	Mining	0	KM/L	80.0		1	99	Ineligible
1686	1716	177840	177840	CBK-001		TOYOTA	HILUX SC	Bowser	0	KM/L	80.0		1	99	Ineligible
1687	1717	177841	177841	CBLZ-004		TOYOTA	HILUX SC	Mining	0	KM/L	80.0		1	99	Ineligible
1688	1718	177844	177844	CBME-116		TOYOTA	HILUX SC	Mining	0	KM/L	80.0		1	99	Ineligible
1689	1719	177846	177846	CBME-554		TOYOTA	HILUX SC	Mining	0	KM/L	80.0		1	99	Ineligible
1690	1720	177849	177849	CBME-639		TOYOTA	HILUX SC	Mining	0	KM/L	80.0		1	99	Ineligible
1691	1721	177850	177850	CBMG-042		TOYOTA	HILUX SC	Mining	0	KM/L	80.0		1	99	Ineligible
1692	1722	177851	177851	CBW-001		TOYOTA	HILUX SC	Mining	0	KM/L	80.0		1	99	Ineligible
1693	1723	177852	177852	CBW-002		TOYOTA	HILUX SC	Mining	0	KM/L	80.0		1	99	Ineligible
1694	1724	177853	177853	CBW-010		TOYOTA	HILUX SC	Mining	0	KM/L	80.0		1	99	Ineligible
1695	1725	177854	177854	CBW-011		TOYOTA	HILUX SC	Mining	0	KM/L	80.0		1	99	Ineligible
1696	1726	177855	177855	CBW-013		TOYOTA	HILUX SC	Mining	0	KM/L	80.0		1	99	Ineligible
1697	1727	177856	177856	CBW-017		TOYOTA	HILUX SC	Mining	0	KM/L	80.0		1	99	Ineligible
1698	1728	177857	177857	CBW-019		TOYOTA	HILUX SC	Mining	0	KM/L	80.0		1	99	Ineligible
1699	1729	177858	177858	CBW-020		TOYOTA	HILUX SC	Mining	0	KM/L	80.0		1	99	Ineligible
1700	1730	177859	177859	CBW-026		TOYOTA	HILUX SC	Mining	0	KM/L	80.0		1	99	Ineligible
1701	1731	177860	177860	CBW-028		TOYOTA	HILUX SC	Mining	0	KM/L	80.0		1	99	Ineligible
1702	1732	177861	177861	CBW-029		TOYOTA	HILUX SC	Mining	0	KM/L	80.0		1	99	Ineligible
1703	1733	177862	177862	CBW-030		TOYOTA	HILUX SC	Mining	0	KM/L	80.0		1	99	Ineligible
1704	1734	177863	177863	CBW-031		TOYOTA	HILUX SC	Mining	0	KM/L	80.0		1	99	Ineligible
1705	1735	177864	177864	CBW-032		TOYOTA	HILUX SC	Mining	0	KM/L	80.0		1	99	Ineligible
1706	1736	177865	177865	CBW-033		TOYOTA	HILUX SC	Mining	0	KM/L	80.0		1	99	Ineligible
1707	1737	177866	177866	CBW-034		TOYOTA	HILUX SC	Mining	0	KM/L	80.0		1	99	Ineligible
1708	1738	177867	177867	CBW-035		TOYOTA	HILUX SC	Mining	0	KM/L	80.0		1	99	Ineligible
1709	1739	177868	177868	CBW-037		TOYOTA	HILUX SC	Mining	0	KM/L	80.0		1	99	Ineligible
1710	1740	177869	177869	CBW-039		TOYOTA	HILUX SC	Mining	0	KM/L	80.0		1	99	Ineligible
1711	1741	177870	177870	CBW-041		TOYOTA	HILUX SC	Mining	0	KM/L	80.0		1	99	Ineligible
1712	1742	177871	177871	CBW-042		TOYOTA	HILUX SC	Mining	0	KM/L	80.0		1	99	Ineligible
1713	1743	177872	177872	CBW-044		TOYOTA	HILUX SC	Mining	0	KM/L	80.0		1	99	Ineligible
1714	1744	177873	177873	CBW-046		TOYOTA	HILUX SC	Mining	0	KM/L	80.0		1	99	Ineligible
1715	1745	177874	177874	CBW-047		TOYOTA	HILUX SC	Mining	0	KM/L	80.0		1	99	Ineligible
1716	1746	177875	177875	CBW-050		TOYOTA	HILUX SC	Mining	0	KM/L	80.0		1	99	Ineligible
1717	1747	177876	177876	CBW-051		TOYOTA	HILUX SC	Mining	0	KM/L	80.0		1	99	Ineligible
1718	1748	177877	177877	CCS-009		TOYOTA	HILUX SC	Mining	0	KM/L	80.0		1	99	Ineligible
1719	1749	177878	177878	CCS-010		TOYOTA	HILUX SC	Mining	0	KM/L	80.0		1	99	Ineligible
1720	1750	177879	177879	CCS-019		TOYOTA	HILUX SC	Mining	0	KM/L	80.0		1	99	Ineligible
1721	1751	177880	177880	CDA-304		TOYOTA	HILUX SC	Mining	0	KM/L	80.0		1	99	Ineligible
1722	1752	177881	177881	CDDMR-001		TOYOTA	HILUX SC	Mining	0	KM/L	80.0		1	99	Ineligible
1723	1753	177882	177882	CDH-002		TOYOTA	HILUX SC	Mining	0	KM/L	80.0		1	99	Ineligible
1724	1754	177883	177883	CDL-001		TOYOTA	HILUX SC	Mining	0	KM/L	80.0		1	99	Ineligible
1725	1755	177884	177884	CDL-003		TOYOTA	HILUX SC	Mining	0	KM/L	80.0		1	99	Ineligible
1726	1756	177885	177885	CDL-004		TOYOTA	HILUX SC	Mining	0	KM/L	80.0		1	99	Ineligible
1727	1757	177886	177886	CDL-006		TOYOTA	HILUX SC	Mining	0	KM/L	80.0		1	99	Ineligible
1728	1758	177887	177887	CDL-012		TOYOTA	HILUX SC	Mining	0	KM/L	80.0		1	99	Ineligible
1729	1759	177888	177888	CDL-018		TOYOTA	HILUX SC	Mining	0	KM/L	80.0		1	99	Ineligible
1730	1760	177889	177889	CDL-028		TOYOTA	HILUX SC	Mining	0	KM/L	80.0		1	99	Ineligible
1731	1761	177890	177890	CE-42		TOYOTA	HILUX SC	Mining	0	KM/L	80.0		1	99	Ineligible
1732	1762	177891	177891	CEI-014		TOYOTA	HILUX SC	Mining	0	KM/L	80.0		1	99	Ineligible
1733	1763	177892	177892	CEP-010		TOYOTA	HILUX SC	Mining	0	KM/L	80.0		1	99	Ineligible
1734	1764	177893	177893	CEQ-005		TOYOTA	HILUX SC	Mining	0	KM/L	80.0		1	99	Ineligible
1735	1765	177894	177894	CES-003		TOYOTA	HILUX SC	Mining	0	KM/L	80.0		1	99	Ineligible
1736	1766	177895	177895	CES-009		TOYOTA	HILUX SC	Mining	0	KM/L	80.0		1	99	Ineligible
1737	1767	177896	177896	CES-010		TOYOTA	HILUX SC	Mining	0	KM/L	80.0		1	99	Ineligible
1738	1768	177897	177897	CFA-005		TOYOTA	HILUX SC	Mining	0	KM/L	80.0		1	99	Ineligible
1739	1769	177899	177899	CFA-013		TOYOTA	QUANTUM	Mining	0	KM/L	70.0		1	99	Ineligible
1740	1770	177901	177901	CFE-001		TOYOTA	HILUX SC	Mining	0	KM/L	80.0		1	99	Ineligible
1741	1771	177902	177902	CFE-002		TOYOTA	HILUX SC	Mining	0	KM/L	80.0		1	99	Ineligible
1742	1772	177903	177903	CFU-002		TOYOTA	HILUX SC	Mining	0	KM/L	80.0		1	99	Ineligible
1743	1773	177904	177904	CFU-003		TOYOTA	HILUX SC	Mining	0	KM/L	80.0		1	99	Ineligible
1744	1774	177905	177905	CG4-001		TOYOTA	HILUX SC	Mining	0	KM/L	80.0		1	99	Ineligible
1745	1775	177906	177906	CG4-003		TOYOTA	HILUX SC	Mining	0	KM/L	80.0		1	99	Ineligible
1746	1776	177907	177907	CG4-004		TOYOTA	HILUX SC	Mining	0	KM/L	80.0		1	99	Ineligible
1747	1777	177908	177908	CG4-005		TOYOTA	HILUX SC	Mining	0	KM/L	80.0		1	99	Ineligible
1748	1778	177909	177909	CG4-007		TOYOTA	HILUX SC	Mining	0	KM/L	80.0		1	99	Ineligible
1749	1779	177910	177910	CGC-001		TOYOTA	HILUX SC	Mining	0	KM/L	80.0		1	99	Ineligible
1750	1780	177911	177911	CGC-002 		TOYOTA	HILUX SC	Mining	0	KM/L	80.0		1	99	Ineligible
1751	1781	177912	177912	CGMS-001		TOYOTA	HILUX SC	Mining	0	KM/L	80.0		1	99	Ineligible
1752	1782	177913	177913	CGV-001		TOYOTA	HILUX SC	Mining	0	KM/L	80.0		1	99	Ineligible
1753	1783	177914	177914	CHC-001.		TOYOTA	HILUX SC	Mining	0	KM/L	80.0		1	99	Ineligible
1754	1784	177915	177915	CHC-006.		TOYOTA	HILUX SC	Mining	0	KM/L	80.0		1	99	Ineligible
1755	1785	177916	177916	CHC-012		TOYOTA	HILUX SC	Mining	0	KM/L	80.0		1	99	Ineligible
1756	1786	177918	177918	CHP-125		TOYOTA	HILUX SC	Mining	0	KM/L	80.0		1	99	Ineligible
1757	1787	177919	177919	CHP-136		TOYOTA	HILUX SC	Mining	0	KM/L	80.0		1	99	Ineligible
1758	1788	177920	177920	CHP-139		TOYOTA	HILUX SC	Mining	0	KM/L	80.0		1	99	Ineligible
1759	1789	177921	177921	CHP-140		TOYOTA	HILUX SC	Mining	0	KM/L	80.0		1	99	Ineligible
1760	1790	177922	177922	CHP-141		TOYOTA	HILUX SC	Mining	0	KM/L	80.0		1	99	Ineligible
1761	1791	177923	177923	CHP-142		TOYOTA	HILUX SC	Mining	0	KM/L	80.0		1	99	Ineligible
1762	1792	177924	177924	CHP-143		TOYOTA	HILUX SC	Mining	0	KM/L	80.0		1	99	Ineligible
1763	1793	177925	177925	CHP-144		TOYOTA	HILUX SC	Mining	0	KM/L	80.0		1	99	Ineligible
1764	1794	177926	177926	CHP-145		TOYOTA	HILUX SC	Mining	0	KM/L	80.0		1	99	Ineligible
1765	1795	177927	177927	CHP-159		TOYOTA	HILUX SC	Mining	0	KM/L	80.0		1	99	Ineligible
1766	1796	177928	177928	CHP-160		TOYOTA	HILUX SC	Mining	0	KM/L	80.0		1	99	Ineligible
1767	1797	177929	177929	CHS-001		TOYOTA	HILUX SC	Mining	0	KM/L	80.0		1	99	Ineligible
1768	1798	177930	177930	CHYP-001		TOYOTA	HILUX SC	Mining	0	KM/L	80.0		1	99	Ineligible
1769	1799	177931	177931	CHYP-003		TOYOTA	HILUX SC	Mining	0	KM/L	80.0		1	99	Ineligible
1770	1800	177932	177932	CHYP-004		TOYOTA	HILUX SC	Mining	0	KM/L	80.0		1	99	Ineligible
1771	1801	177933	177933	CIM-004		TOYOTA	HILUX SC	Mining	0	KM/L	80.0		1	99	Ineligible
1772	1802	177934	177934	CIP-003		TOYOTA	HILUX SC	Mining	0	KM/L	80.0		1	99	Ineligible
1773	1803	177935	177935	CIP-005		TOYOTA	HILUX SC	Mining	0	KM/L	80.0		1	99	Ineligible
1774	1804	177936	177936	CIP-006		TOYOTA	HILUX SC	Mining	0	KM/L	80.0		1	99	Ineligible
1775	1805	177941	177941	CJAQ-005		TOYOTA	HILUX SC	Mining	0	KM/L	80.0		1	99	Ineligible
1776	1806	177943	177943	CJC-001		TOYOTA	HILUX SC	Mining	0	KM/L	80.0		1	99	Ineligible
1777	1807	177944	177944	CJC-005		TOYOTA	HILUX SC	Mining	0	KM/L	80.0		1	99	Ineligible
1778	1808	177945	177945	CKF219L		TOYOTA	HILUX SC	Mining	0	KM/L	80.0		1	99	Ineligible
1779	1809	177946	177946	CKF228L		TOYOTA	HILUX SC	Mining	0	KM/L	80.0		1	99	Ineligible
1780	1810	177947	177947	CKL-002		TOYOTA	HILUX SC	Mining	0	KM/L	80.0		1	99	Ineligible
1781	1811	177948	177948	CKM-002		TOYOTA	HILUX SC	Mining	0	KM/L	80.0		1	99	Ineligible
1782	1812	177949	177949	CKM-003		TOYOTA	HILUX SC	Mining	0	KM/L	80.0		1	99	Ineligible
1783	1813	177950	177950	CKM-004		TOYOTA	HILUX SC	Mining	0	KM/L	80.0		1	99	Ineligible
1784	1814	177951	177951	CKM-005		TOYOTA	HILUX SC	Mining	0	KM/L	80.0		1	99	Ineligible
1785	1815	177952	177952	CKM-006		TOYOTA	HILUX SC	Mining	0	KM/L	80.0		1	99	Ineligible
1786	1816	177953	177953	CKM-007		TOYOTA	HILUX SC	Mining	0	KM/L	80.0		1	99	Ineligible
1787	1817	177954	177954	CKM-008		TOYOTA	HILUX SC	Mining	0	KM/L	80.0		1	99	Ineligible
1788	1818	177955	177955	CKM-009		TOYOTA	HILUX SC	Mining	0	KM/L	80.0		1	99	Ineligible
1789	1819	177956	177956	CKM-010		TOYOTA	HILUX SC	Mining	0	KM/L	80.0		1	99	Ineligible
1790	1820	177957	177957	CKM-012		TOYOTA	HILUX SC	Mining	0	KM/L	80.0		1	99	Ineligible
1791	1821	177958	177958	CKMC-020		TOYOTA	HILUX SC	Mining	0	KM/L	80.0		1	99	Ineligible
1792	1822	177959	177959	CKMT-001		TOYOTA	HILUX SC	Mining	0	KM/L	80.0		1	99	Ineligible
1793	1823	177960	177960	CKO-001		TOYOTA	HILUX SC	Mining	0	KM/L	80.0		1	99	Ineligible
1794	1824	177962	177962	CLEH-003		TOYOTA	HILUX SC	Mining	0	KM/L	80.0		1	99	Ineligible
1795	1825	177963	177963	CLM-001		TOYOTA	HILUX SC	Mining	0	KM/L	80.0		1	99	Ineligible
1796	1826	177964	177964	CLM-005		TOYOTA	HILUX SC	Mining	0	KM/L	80.0		1	99	Ineligible
1797	1827	177965	177965	CMA-001		TOYOTA	HILUX SC	Mining	0	KM/L	80.0		1	99	Ineligible
1798	1828	177966	177966	CMA-002		TOYOTA	HILUX SC	Mining	0	KM/L	80.0		1	99	Ineligible
1799	1829	177967	177967	CMA-005		TOYOTA	HILUX SC	Mining	0	KM/L	80.0		1	99	Ineligible
1800	1830	177969	177969	CMB-001		TOYOTA	HILUX SC	Mining	0	KM/L	80.0		1	99	Ineligible
1801	1831	177970	177970	CMD-002		TOYOTA	HILUX SC	Mining	0	KM/L	80.0		1	99	Ineligible
1802	1832	177971	177971	CMD-003		TOYOTA	HILUX SC	Mining	0	KM/L	80.0		1	99	Ineligible
1803	1833	177972	177972	CMD-004		TOYOTA	HILUX SC	Mining	0	KM/L	80.0		1	99	Ineligible
1804	1834	177973	177973	CMD-005		TOYOTA	HILUX SC	Mining	0	KM/L	80.0		1	99	Ineligible
1805	1835	177974	177974	CMD-006		TOYOTA	HILUX SC	Mining	0	KM/L	80.0		1	99	Ineligible
1806	1836	177976	177976	CMH-005		TOYOTA	HILUX SC	Mining	0	KM/L	80.0		1	99	Ineligible
1807	1837	177977	177977	CMH-028		TOYOTA	HILUX SC	Mining	0	KM/L	80.0		1	99	Ineligible
1808	1838	177978	177978	CMM-017		TOYOTA	HILUX SC	Mining	0	KM/L	80.0		1	99	Ineligible
1809	1839	177979	177979	CMMS-001		TOYOTA	HILUX SC	Mining	0	KM/L	80.0		1	99	Ineligible
1810	1840	177980	177980	CMND-002		TOYOTA	HILUX SC	Bowser	0	KM/L	80.0		1	99	Ineligible
1811	1841	177981	177981	CMPH-001		TOYOTA	HILUX SC	Mining	0	KM/L	80.0		1	99	Ineligible
1812	1842	177982	177982	CMPH-002		TOYOTA	HILUX SC	Mining	0	KM/L	80.0		1	99	Ineligible
1813	1843	177983	177983	CMT-006		TOYOTA	HILUX SC	Mining	0	KM/L	80.0		1	99	Ineligible
1814	1844	177984	177984	CMT-007		MERCEDEZ-BENZ	AXOR	Mining	0	KM/L	400.0		1	99	Ineligible
1815	1845	177985	177985	CMT-008		TOYOTA	HILUX SC	Mining	0	KM/L	80.0		1	99	Ineligible
1816	1846	177986	177986	CMT-009		TOYOTA	HILUX SC	Mining	0	KM/L	80.0		1	99	Ineligible
1817	1847	177987	177987	CMT-102		TOYOTA	HILUX SC	Mining	0	KM/L	80.0		1	99	Ineligible
1818	1848	177988	177988	CMV-003		TOYOTA	HILUX SC	Mining	0	KM/L	80.0		1	99	Ineligible
1819	1849	177989	177989	CMV-010		TOYOTA	HILUX SC	Mining	0	KM/L	80.0		1	99	Ineligible
1820	1850	177990	177990	CMV-011		TOYOTA	HILUX SC	Mining	0	KM/L	80.0		1	99	Ineligible
1821	1851	177991	177991	CMV-018		TOYOTA	HILUX SC	Mining	0	KM/L	80.0		1	99	Ineligible
1822	1852	177992	177992	CMV-019		TOYOTA	HILUX SC	Mining	0	KM/L	80.0		1	99	Ineligible
1823	1853	177993	177993	CMW-017		TOYOTA	HILUX SC	Mining	0	KM/L	80.0		1	99	Ineligible
1824	1854	177994	177994	CON-056		TOYOTA	HILUX SC	Mining	0	KM/L	80.0		1	99	Ineligible
1825	1855	177996	177996	CON-129		TOYOTA	HILUX SC	Mining	0	KM/L	80.0		1	99	Ineligible
1826	1856	177997	177997	CON-233		TOYOTA	HILUX SC	Mining	0	KM/L	80.0		1	99	Ineligible
1827	1857	178001	178001	CON-278		TOYOTA	HILUX SC	Mining	0	KM/L	80.0		1	99	Ineligible
1828	1858	178002	178002	CON-285		TOYOTA	HILUX SC	Mining	0	KM/L	80.0		1	99	Ineligible
1829	1859	178003	178003	CON-310		TOYOTA	HILUX SC	Mining	0	KM/L	80.0		1	99	Ineligible
1830	1860	178004	178004	CON-331		TOYOTA	HILUX SC	Mining	0	KM/L	80.0		1	99	Ineligible
1831	1861	178005	178005	CON-404		TOYOTA	HILUX SC	Mining	0	KM/L	80.0		1	99	Ineligible
1832	1862	178006	178006	CON-510		CATERPILLAR	OFF-HIGHWAY TRUCK	Mining	0	L/HR	1550.0		1	10	Eligible
1833	1863	178007	178007	CON-514		TOYOTA	HILUX SC	Mining	0	KM/L	80.0		1	99	Ineligible
1834	1864	178008	178008	CON-520		CATERPILLAR	OFF-HIGHWAY TRUCK	Mining	0	L/HR	1550.0		1	10	Eligible
1835	1865	178009	178009	CON-5209		TOYOTA	HILUX SC	Mining	0	KM/L	80.0		1	99	Ineligible
1836	1866	178011	178011	CON-549		LIEBHERR	EXCAVATOR	Mining	0	L/HR	1585.0		1	10	Eligible
1837	1867	178012	178012	CON-569		TOYOTA	HILUX SC	Mining	0	KM/L	80.0		1	99	Ineligible
1838	1868	178018	178018	CON-5925		TOYOTA	HILUX SC	Mining	0	KM/L	80.0		1	99	Ineligible
1839	1869	178019	178019	CON-633		TOYOTA	HILUX SC	Mining	0	KM/L	80.0		1	99	Ineligible
1840	1870	178020	178020	CON-672		TOYOTA	HILUX SC	Mining	0	KM/L	80.0		1	99	Ineligible
1841	1871	178021	178021	CON-673		TOYOTA	HILUX SC	Mining	0	KM/L	80.0		1	99	Ineligible
1842	1872	178022	178022	CON-807		TOYOTA	HILUX SC	Mining	0	KM/L	80.0		1	99	Ineligible
1843	1873	178023	178023	CON-844		TOYOTA	HILUX SC	Mining	0	KM/L	80.0		1	99	Ineligible
1844	1874	178024	178024	CON-845		TOYOTA	HILUX SC	Mining	0	KM/L	80.0		1	99	Ineligible
1845	1875	178025	178025	CON-846		TOYOTA	HILUX SC	Mining	0	KM/L	80.0		1	99	Ineligible
1846	1876	178026	178026	CON-946		TOYOTA	HILUX SC	Mining	0	KM/L	80.0		1	99	Ineligible
1847	1877	178028	178028	CON-995		TOYOTA	HILUX SC	Mining	0	KM/L	80.0		1	99	Ineligible
1848	1878	178029	178029	COT-001		TOYOTA	HILUX SC	Mining	0	KM/L	80.0		1	99	Ineligible
1849	1879	178030	178030	COT-002		TOYOTA	HILUX SC	Mining	0	KM/L	80.0		1	99	Ineligible
1850	1880	178031	178031	COT-004		TOYOTA	HILUX SC	Mining	0	KM/L	80.0		1	99	Ineligible
1851	1881	178032	178032	CPI-001		TOYOTA	HILUX SC	Mining	0	KM/L	80.0		1	99	Ineligible
1852	1882	178033	178033	CPI-003		TOYOTA	HILUX SC	Mining	0	KM/L	80.0		1	99	Ineligible
1853	1883	178034	178034	CPI-004		TOYOTA	HILUX SC	Mining	0	KM/L	80.0		1	99	Ineligible
1854	1884	178035	178035	CPI-005		TOYOTA	HILUX SC	Mining	0	KM/L	80.0		1	99	Ineligible
1855	1885	178036	178036	CPIS-005		TOYOTA	HILUX SC	Mining	0	KM/L	80.0		1	99	Ineligible
1856	1886	178037	178037	CPT-003		TOYOTA	HILUX SC	Mining	0	KM/L	80.0		1	99	Ineligible
1857	1887	178040	178040	CRAM-004		TOYOTA	HILUX SC	Mining	0	KM/L	80.0		1	99	Ineligible
1858	1888	178041	178041	CRAM-007		TOYOTA	HILUX SC	Mining	0	KM/L	80.0		1	99	Ineligible
1859	1889	178042	178042	CRAM-008		TOYOTA	HILUX SC	Mining	0	KM/L	80.0		1	99	Ineligible
1860	1890	178043	178043	CRD003NC		VOLVO	FH TRUCK	Mining	0	L/HR	380.0		1	10	Eligible
1861	1891	178044	178044	CRF-019		TOYOTA	HILUX SC	Mining	0	KM/L	80.0		1	99	Ineligible
1862	1892	178045	178045	CRF-020		TOYOTA	HILUX SC	Mining	0	KM/L	80.0		1	99	Ineligible
1863	1893	178046	178046	CRF-021		TOYOTA	HILUX SC	Mining	0	KM/L	80.0		1	99	Ineligible
1864	1894	178047	178047	CRO-002		TOYOTA	HILUX SC	Mining	0	KM/L	80.0		1	99	Ineligible
1865	1895	178048	178048	CRO-003		TOYOTA	HILUX SC	Mining	0	KM/L	80.0		1	99	Ineligible
1866	1896	178049	178049	CSM-001		TOYOTA	HILUX SC	Mining	0	KM/L	80.0		1	99	Ineligible
1867	1897	178050	178050	CTAK-001		TOYOTA	HILUX SC	Mining	0	KM/L	80.0		1	99	Ineligible
1868	1898	178051	178051	CTE-002		TOYOTA	HILUX SC	Mining	0	KM/L	80.0		1	99	Ineligible
1869	1899	178052	178052	CTEM-001		TOYOTA	HILUX SC	Mining	0	KM/L	80.0		1	99	Ineligible
1870	1900	178053	178053	CTEM-002		TOYOTA	HILUX SC	Mining	0	KM/L	80.0		1	99	Ineligible
1871	1901	178054	178054	CTEM-004		TOYOTA	HILUX SC	Mining	0	KM/L	80.0		1	99	Ineligible
1872	1902	178055	178055	CTG-001		TOYOTA	HILUX SC	Mining	0	KM/L	80.0		1	99	Ineligible
1873	1903	178056	178056	CTR-002		TOYOTA	HILUX SC	Mining	0	KM/L	80.0		1	99	Ineligible
1874	1904	178057	178057	CTR396L		TOYOTA	HILUX SC	Mining	0	KM/L	80.0		1	99	Ineligible
1875	1905	178058	178058	CVER-001		TOYOTA	HILUX SC	Mining	0	KM/L	80.0		1	99	Ineligible
1876	1906	178059	178059	CVER-003		TOYOTA	HILUX SC	Mining	0	KM/L	80.0		1	99	Ineligible
1877	1907	178060	178060	CVR-001		TOYOTA	HILUX SC	Mining	0	KM/L	80.0		1	99	Ineligible
1878	1908	178061	178061	CVR-002		TOYOTA	HILUX SC	Mining	0	KM/L	80.0		1	99	Ineligible
1879	1909	178062	178062	CVR-003		TOYOTA	HILUX SC	Mining	0	KM/L	80.0		1	99	Ineligible
1880	1910	178063	178063	CVR-004		TOYOTA	HILUX SC	Mining	0	KM/L	80.0		1	99	Ineligible
1881	1911	178064	178064	CVR-005		TOYOTA	HILUX SC	Mining	0	KM/L	80.0		1	99	Ineligible
1882	1912	178065	178065	CZD-127		TOYOTA	HILUX SC	Mining	0	KM/L	80.0		1	99	Ineligible
1883	1913	178066	178066	CZD-137		TOYOTA	HILUX SC	Mining	0	KM/L	80.0		1	99	Ineligible
1884	1914	178067	178067	CZD-155		TOYOTA	HILUX SC	Mining	0	KM/L	80.0		1	99	Ineligible
1885	1915	178068	178068	CZD-198		TOYOTA	HILUX SC	Mining	0	KM/L	80.0		1	99	Ineligible
1886	1916	178069	178069	CZD-205		TOYOTA	HILUX SC	Mining	0	KM/L	80.0		1	99	Ineligible
1887	1917	178070	178070	CZD-207		TOYOTA	HILUX SC	Mining	0	KM/L	80.0		1	99	Ineligible
1888	1918	178071	178071	CZD-223		TOYOTA	HILUX SC	Mining	0	KM/L	80.0		1	99	Ineligible
1889	1919	178072	178072	CZD-224		TOYOTA	HILUX SC	Mining	0	KM/L	80.0		1	99	Ineligible
1890	1920	178073	178073	CZET-001		TOYOTA	HILUX SC	Mining	0	KM/L	80.0		1	99	Ineligible
1891	1921	178075	178075	DLZ223L		TOYOTA	HILUX SC	Mining	0	KM/L	80.0		1	99	Ineligible
1892	1922	178077	178077	DT27		TOYOTA	HILUX SC	Mining	0	KM/L	80.0		1	99	Ineligible
1893	1923	178078	178078	DWX399L		TOYOTA	HILUX SC	Mining	0	KM/L	80.0		1	99	Ineligible
1894	1924	178079	178079	DWX922L		TOYOTA	HILUX SC	Mining	0	KM/L	80.0		1	99	Ineligible
1895	1925	178083	178083	GEO-016		TOYOTA	HILUX SC	Mining	0	KM/L	80.0		1	99	Ineligible
1896	1926	178084	178084	GEO-018		TOYOTA	HILUX SC	Mining	0	KM/L	80.0		1	99	Ineligible
1897	1927	178085	178085	HD66KLGP		TOYOTA	HILUX SC	Mining	0	KM/L	80.0		1	99	Ineligible
1898	1928	178088	178088	LP-18		KUBOTA	LIGHTING PLANT	Mining	0	KM/L	200.0		1	99	Ineligible
1899	1929	178091	178091	LP-O19  		KUBOTA	LIGHTING PLANT	Mining	0	KM/L	200.0		1	99	Ineligible
1900	1930	178095	178095	MOG-1229		TOYOTA	HILUX SC	Mining	0	KM/L	80.0		1	99	Ineligible
1901	1931	178096	178096	MOG-1230		TOYOTA	HILUX SC	Mining	0	KM/L	80.0		1	99	Ineligible
1902	1932	178098	178098	MOG-1327		TOYOTA	HILUX SC	Mining	0	KM/L	80.0		1	99	Ineligible
1903	1933	178099	178099	MOG-1328		TOYOTA	HILUX SC	Mining	0	KM/L	80.0		1	99	Ineligible
1904	1934	178101	178101	MOG-1330		TOYOTA	HILUX SC	Mining	0	KM/L	80.0		1	99	Ineligible
1905	1935	178103	178103	MOG-1333		TOYOTA	HILUX SC	Mining	0	KM/L	80.0		1	99	Ineligible
1906	1936	178104	178104	MOG-1334		TOYOTA	HILUX SC	Mining	0	KM/L	80.0		1	99	Ineligible
1907	1937	178106	178106	MOG-1337		TOYOTA	HILUX SC	Mining	0	KM/L	80.0		1	99	Ineligible
1908	1938	178107	178107	MOG-1339		TOYOTA	HILUX SC	Mining	0	KM/L	80.0		1	99	Ineligible
1909	1939	178108	178108	MOG-1341		TOYOTA	HILUX SC	Mining	0	KM/L	80.0		1	99	Ineligible
1910	1940	178109	178109	MOG-1344		TOYOTA	HILUX SC	Mining	0	KM/L	80.0		1	99	Ineligible
1911	1941	178110	178110	MOG-1345		TOYOTA	HILUX SC	Mining	0	KM/L	80.0		1	99	Ineligible
1912	1942	178111	178111	MOG-1346		TOYOTA	HILUX SC	Mining	0	KM/L	80.0		1	99	Ineligible
1913	1943	178112	178112	MOG-1347		TOYOTA	HILUX SC	Mining	0	KM/L	80.0		1	99	Ineligible
1914	1944	178113	178113	MOG-1350		TOYOTA	HILUX SC	Mining	0	KM/L	80.0		1	99	Ineligible
1915	1945	178114	178114	MOG-1351		TOYOTA	HILUX SC	Mining	0	KM/L	80.0		1	99	Ineligible
1916	1946	178116	178116	MOG-1355		TOYOTA	HILUX SC	Mining	0	KM/L	80.0		1	99	Ineligible
1917	1947	178117	178117	MOG-13555		TOYOTA	HILUX SC	Mining	0	KM/L	80.0		1	99	Ineligible
1918	1948	178118	178118	MOG-1359		TOYOTA	HILUX SC	Mining	0	KM/L	80.0		1	99	Ineligible
1919	1949	178119	178119	MOG-1360		TOYOTA	HILUX SC	Mining	0	KM/L	80.0		1	99	Ineligible
1920	1950	178120	178120	MOG-1361		TOYOTA	HILUX SC	Mining	0	KM/L	80.0		1	99	Ineligible
1921	1951	178122	178122	MOG-1372		TOYOTA	HILUX SC	Mining	0	KM/L	80.0		1	99	Ineligible
1922	1952	178123	178123	MOG-1374		TOYOTA	HILUX SC	Mining	0	KM/L	80.0		1	99	Ineligible
1923	1953	178125	178125	MOG-1382		TOYOTA	HILUX SC	Mining	0	KM/L	80.0		1	99	Ineligible
1924	1954	178126	178126	MOG-1383		TOYOTA	HILUX SC	Mining	0	KM/L	80.0		1	99	Ineligible
1925	1955	178127	178127	MOG-1386		TOYOTA	HILUX SC	Mining	0	KM/L	80.0		1	99	Ineligible
1926	1956	178129	178129	MOG-1429		LAND ROVER	DEFENDER	Mining	0	KM/L	75.0		1	99	Ineligible
1927	1957	178132	178132	MOG-1432		TOYOTA	HILUX SC	Mining	0	KM/L	80.0		1	99	Ineligible
1928	1958	178133	178133	MOG-1433		TOYOTA	HILUX SC	Mining	0	KM/L	80.0		1	99	Ineligible
1929	1959	178134	178134	MOG-1434		TOYOTA	HILUX SC	Mining	0	KM/L	80.0		1	99	Ineligible
1930	1960	178135	178135	MOG-1436		TOYOTA	HILUX SC	Mining	0	KM/L	80.0		1	99	Ineligible
1931	1961	178137	178137	MOG-1438		TOYOTA	HILUX SC	Mining	0	KM/L	80.0		1	99	Ineligible
1932	1962	178138	178138	MOG-1439		TOYOTA	HILUX SC	Mining	0	KM/L	80.0		1	99	Ineligible
1933	1963	178139	178139	MOG-1440		TOYOTA	HILUX SC	Mining	0	KM/L	80.0		1	99	Ineligible
1934	1964	178140	178140	MOG-1441		TOYOTA	HILUX SC	Mining	0	KM/L	80.0		1	99	Ineligible
1935	1965	178141	178141	MOG-1442		TOYOTA	HILUX SC	Mining	0	KM/L	80.0		1	99	Ineligible
1936	1966	178152	178152	MOG-1470		TOYOTA	LAND CRUISER	Mining	0	KM/L	130.0		1	99	Ineligible
1937	1967	178164	178164	MOG-1521		TOYOTA	HILUX SC	Mining	0	KM/L	80.0		1	99	Ineligible
1938	1968	178167	178167	MOG-238		CATERPILLAR	DOZER	Mining	0	L/HR	1150.0		1	10	Eligible
1939	1969	178169	178169	MOG-512		TOYOTA	HILUX SC	Mining	0	KM/L	80.0		1	99	Ineligible
1940	1970	178172	178172	MOG-571		TOYOTA	HILUX SC	Mining	0	KM/L	80.0		1	99	Ineligible
1941	1971	178173	178173	MOG-577		TOYOTA	HILUX SC	Mining	0	KM/L	80.0		1	99	Ineligible
1942	1972	178175	178175	MOG-621		TOYOTA	HILUX SC	Mining	0	KM/L	80.0		1	99	Ineligible
1943	1973	178176	178176	MOG-630		TOYOTA	HILUX SC	Mining	0	KM/L	80.0		1	99	Ineligible
1944	1974	178178	178178	MOG-685		TOYOTA	HILUX SC	Mining	0	KM/L	80.0		1	99	Ineligible
1945	1975	178179	178179	MOG-686		MAHINDRA	SCORPIO	Mining	0	KM/L	80.0		1	99	Ineligible
1946	1976	178180	178180	MOG-711		TOYOTA	HILUX SC	Mining	0	KM/L	80.0		1	99	Ineligible
1947	1977	178181	178181	MOG-752		MAHINDRA	SCORPIO	Mining	0	KM/L	80.0		1	99	Ineligible
1948	1978	178183	178183	MOG786		TOYOTA	HILUX SC	Mining	0	KM/L	80.0		1	99	Ineligible
1949	1979	178186	178186	MOG-866		TOYOTA	HILUX SC	Mining	0	KM/L	80.0		1	99	Ineligible
1950	1980	178187	178187	MOG-873		TOYOTA	HILUX SC	Mining	0	KM/L	80.0		1	99	Ineligible
1951	1981	178190	178190	MOG-884		TOYOTA	HILUX SC	Mining	0	KM/L	80.0		1	99	Ineligible
1952	1982	178192	178192	SHINGIE		TOYOTA	HILUX SC	Mining	0	KM/L	80.0		1	99	Ineligible
1953	1983	178194	178194	TBA324		TOYOTA	HILUX SC	Mining	0	KM/L	80.0		1	99	Ineligible
1954	1984	178195	178195	TBA353		TOYOTA	HILUX SC	Mining	0	KM/L	80.0		1	99	Ineligible
1955	1985	178196	178196	TBA357		TOYOTA	HILUX SC	Mining	0	KM/L	80.0		1	99	Ineligible
1956	1986	178197	178197	TBA365		TOYOTA	HILUX SC	Mining	0	KM/L	80.0		1	99	Ineligible
1957	1987	178198	178198	TBA369		TOYOTA	HILUX SC	Mining	0	KM/L	80.0		1	99	Ineligible
1958	1988	178199	178199	TBA371		TOYOTA	HILUX SC	Mining	0	KM/L	80.0		1	99	Ineligible
1959	1989	178200	178200	TBA375		TOYOTA	HILUX SC	Mining	0	KM/L	80.0		1	99	Ineligible
1960	1990	178201	178201	TBA378		TOYOTA	HILUX SC	Mining	0	KM/L	80.0		1	99	Ineligible
1961	1991	178202	178202	TBA382		TOYOTA	HILUX SC	Mining	0	KM/L	80.0		1	99	Ineligible
1962	1992	178203	178203	TBA383		TOYOTA	HILUX SC	Mining	0	KM/L	80.0		1	99	Ineligible
1963	1993	178204	178204	TBA405		TOYOTA	HILUX SC	Mining	0	KM/L	80.0		1	99	Ineligible
1964	1994	178205	178205	TBA406		TOYOTA	HILUX SC	Mining	0	KM/L	80.0		1	99	Ineligible
1965	1995	178206	178206	TBA408		TOYOTA	HILUX SC	Mining	0	KM/L	80.0		1	99	Ineligible
1966	1996	178207	178207	TBA409		TOYOTA	HILUX SC	Mining	0	KM/L	80.0		1	99	Ineligible
1967	1997	178208	178208	TBA410		TOYOTA	HILUX SC	Mining	0	KM/L	80.0		1	99	Ineligible
1968	1998	178209	178209	TBA411		TOYOTA	HILUX SC	Mining	0	KM/L	80.0		1	99	Ineligible
1969	1999	178210	178210	TBA416		TOYOTA	HILUX SC	Mining	0	KM/L	80.0		1	99	Ineligible
1970	2000	178211	178211	TBA417		TOYOTA	HILUX SC	Mining	0	KM/L	80.0		1	99	Ineligible
1971	2001	178212	178212	TBA418		TOYOTA	HILUX SC	Mining	0	KM/L	80.0		1	99	Ineligible
1972	2002	178213	178213	TBA423		TOYOTA	HILUX SC	Mining	0	KM/L	80.0		1	99	Ineligible
1973	2003	178214	178214	TBA424		TOYOTA	HILUX SC	Mining	0	KM/L	80.0		1	99	Ineligible
1974	2004	178215	178215	TBA430		TOYOTA	HILUX SC	Mining	0	KM/L	80.0		1	99	Ineligible
1975	2005	178216	178216	TBA442		TOYOTA	HILUX SC	Mining	0	KM/L	80.0		1	99	Ineligible
1976	2006	178217	178217	TBA444		TOYOTA	HILUX SC	Mining	0	KM/L	80.0		1	99	Ineligible
1977	2007	178218	178218	TBA449		TOYOTA	HILUX SC	Mining	0	KM/L	80.0		1	99	Ineligible
1978	2008	178219	178219	TBA452		TOYOTA	HILUX SC	Mining	0	KM/L	80.0		1	99	Ineligible
1979	2009	178220	178220	TBA462		TOYOTA	HILUX SC	Mining	0	KM/L	80.0		1	99	Ineligible
1980	2010	178221	178221	TBA478		TOYOTA	HILUX SC	Mining	0	KM/L	80.0		1	99	Ineligible
1981	2011	178222	178222	TBA479		TOYOTA	HILUX SC	Mining	0	KM/L	80.0		1	99	Ineligible
1982	2012	178223	178223	TBA480		TOYOTA	HILUX SC	Mining	0	KM/L	80.0		1	99	Ineligible
1983	2013	178224	178224	TBA481		TOYOTA	HILUX SC	Mining	0	KM/L	80.0		1	99	Ineligible
1984	2014	178225	178225	TBA491		TOYOTA	HILUX SC	Mining	0	KM/L	80.0		1	99	Ineligible
1985	2015	178226	178226	TBA493		TOYOTA	HILUX SC	Mining	0	KM/L	80.0		1	99	Ineligible
1986	2016	178227	178227	TBA495		TOYOTA	HILUX SC	Mining	0	KM/L	80.0		1	99	Ineligible
1987	2017	178228	178228	TBA517		TOYOTA	HILUX SC	Mining	0	KM/L	80.0		1	99	Ineligible
1988	2018	178229	178229	TBA533		TOYOTA	HILUX SC	Mining	0	KM/L	80.0		1	99	Ineligible
1989	2019	178230	178230	TBA534		TOYOTA	HILUX SC	Mining	0	KM/L	80.0		1	99	Ineligible
1990	2020	178231	178231	TBA535		TOYOTA	HILUX SC	Mining	0	KM/L	80.0		1	99	Ineligible
1991	2021	178232	178232	TBA541		TOYOTA	HILUX SC	Mining	0	KM/L	80.0		1	99	Ineligible
1992	2022	178233	178233	TBA544		TOYOTA	HILUX SC	Mining	0	KM/L	80.0		1	99	Ineligible
1993	2023	178234	178234	TBA551		TOYOTA	HILUX SC	Mining	0	KM/L	80.0		1	99	Ineligible
1994	2024	178235	178235	TBA553		TOYOTA	HILUX SC	Mining	0	KM/L	80.0		1	99	Ineligible
1995	2025	178236	178236	TBA556		TOYOTA	HILUX SC	Mining	0	KM/L	80.0		1	99	Ineligible
1996	2026	178237	178237	TBA564		TOYOTA	HILUX SC	Mining	0	KM/L	80.0		1	99	Ineligible
1997	2027	178238	178238	TBA565		TOYOTA	HILUX SC	Mining	0	KM/L	80.0		1	99	Ineligible
1998	2028	178239	178239	TBA566		TOYOTA	HILUX SC	Mining	0	KM/L	80.0		1	99	Ineligible
1999	2029	178240	178240	TBA567		TOYOTA	HILUX SC	Mining	0	KM/L	80.0		1	99	Ineligible
2000	2030	178241	178241	TBA569		TOYOTA	HILUX SC	Mining	0	KM/L	80.0		1	99	Ineligible
2001	2031	178242	178242	TBA571		TOYOTA	HILUX SC	Mining	0	KM/L	80.0		1	99	Ineligible
2002	2032	178243	178243	TBA572		TOYOTA	HILUX SC	Mining	0	KM/L	80.0		1	99	Ineligible
2003	2033	178244	178244	TBA574		TOYOTA	HILUX SC	Mining	0	KM/L	80.0		1	99	Ineligible
2004	2034	178245	178245	TBA581		TOYOTA	HILUX SC	Mining	0	KM/L	80.0		1	99	Ineligible
2005	2035	178246	178246	TBA585		TOYOTA	HILUX SC	Mining	0	KM/L	80.0		1	99	Ineligible
2006	2036	178247	178247	TBA589		TOYOTA	HILUX SC	Mining	0	KM/L	80.0		1	99	Ineligible
2007	2037	178248	178248	TBA590		TOYOTA	HILUX SC	Mining	0	KM/L	80.0		1	99	Ineligible
2008	2038	178249	178249	TBA596		TOYOTA	HILUX SC	Mining	0	KM/L	80.0		1	99	Ineligible
2009	2039	178250	178250	TBA632		TOYOTA	HILUX SC	Mining	0	KM/L	80.0		1	99	Ineligible
2010	2040	178251	178251	TBA648		TOYOTA	HILUX SC	Mining	0	KM/L	80.0		1	99	Ineligible
2011	2041	178252	178252	TBA650		TOYOTA	HILUX SC	Mining	0	KM/L	80.0		1	99	Ineligible
2012	2042	178253	178253	TBA651		TOYOTA	HILUX SC	Mining	0	KM/L	80.0		1	99	Ineligible
2013	2043	178254	178254	TBA654		TOYOTA	HILUX SC	Mining	0	KM/L	80.0		1	99	Ineligible
2014	2044	178255	178255	TBA657		TOYOTA	HILUX SC	Mining	0	KM/L	80.0		1	99	Ineligible
2015	2045	178256	178256	TBA658		TOYOTA	HILUX SC	Mining	0	KM/L	80.0		1	99	Ineligible
2016	2046	178257	178257	TBA659		TOYOTA	HILUX SC	Mining	0	KM/L	80.0		1	99	Ineligible
2017	2047	178258	178258	TBA664		TOYOTA	HILUX SC	Mining	0	KM/L	80.0		1	99	Ineligible
2018	2048	178259	178259	TBA666		TOYOTA	HILUX SC	Mining	0	KM/L	80.0		1	99	Ineligible
2019	2049	178260	178260	TBA667		TOYOTA	HILUX SC	Mining	0	KM/L	80.0		1	99	Ineligible
2020	2050	178261	178261	TBA746		TOYOTA	HILUX SC	Mining	0	KM/L	80.0		1	99	Ineligible
2021	2051	178262	178262	TBA747		TOYOTA	HILUX SC	Mining	0	KM/L	80.0		1	99	Ineligible
2022	2052	178263	178263	TBA748		TOYOTA	HILUX SC	Mining	0	KM/L	80.0		1	99	Ineligible
2023	2053	178264	178264	TBA749		TOYOTA	HILUX SC	Mining	0	KM/L	80.0		1	99	Ineligible
2024	2054	178265	178265	TBA754		TOYOTA	HILUX SC	Mining	0	KM/L	80.0		1	99	Ineligible
2025	2055	178266	178266	TBA756		TOYOTA	HILUX SC	Mining	0	KM/L	80.0		1	99	Ineligible
2026	2056	178267	178267	TBA757		TOYOTA	HILUX SC	Mining	0	KM/L	80.0		1	99	Ineligible
2027	2057	178268	178268	TBA758		TOYOTA	HILUX SC	Mining	0	KM/L	80.0		1	99	Ineligible
2028	2058	178269	178269	TBA760		TOYOTA	HILUX SC	Mining	0	KM/L	80.0		1	99	Ineligible
2029	2059	178270	178270	TBA761		TOYOTA	HILUX SC	Mining	0	KM/L	80.0		1	99	Ineligible
2030	2060	178271	178271	TBA765		TOYOTA	HILUX SC	Mining	0	KM/L	80.0		1	99	Ineligible
2031	2061	178272	178272	TBA767		TOYOTA	HILUX SC	Mining	0	KM/L	80.0		1	99	Ineligible
2032	2062	178273	178273	TBA776		TOYOTA	HILUX SC	Mining	0	KM/L	80.0		1	99	Ineligible
2033	2063	178274	178274	TBA777		TOYOTA	HILUX SC	Mining	0	KM/L	80.0		1	99	Ineligible
2034	2064	178275	178275	TBA780		TOYOTA	HILUX SC	Mining	0	KM/L	80.0		1	99	Ineligible
2035	2065	178276	178276	TBA782		TOYOTA	HILUX SC	Mining	0	KM/L	80.0		1	99	Ineligible
2036	2066	178277	178277	TBA786		TOYOTA	HILUX SC	Mining	0	KM/L	80.0		1	99	Ineligible
2037	2067	178278	178278	TBA792		TOYOTA	HILUX SC	Mining	0	KM/L	80.0		1	99	Ineligible
2038	2068	178279	178279	TBA797		TOYOTA	HILUX SC	Mining	0	KM/L	80.0		1	99	Ineligible
2039	2069	178280	178280	TBA804		TOYOTA	HILUX SC	Mining	0	KM/L	80.0		1	99	Ineligible
2040	2070	178281	178281	TBA810		TOYOTA	HILUX SC	Mining	0	KM/L	80.0		1	99	Ineligible
2041	2071	178282	178282	TBA813		TOYOTA	HILUX SC	Mining	0	KM/L	80.0		1	99	Ineligible
2042	2072	178283	178283	TBA850		TOYOTA	HILUX SC	Mining	0	KM/L	80.0		1	99	Ineligible
2043	2073	178284	178284	TBA851		TOYOTA	HILUX SC	Mining	0	KM/L	80.0		1	99	Ineligible
2044	2074	178285	178285	TBA865		TOYOTA	HILUX SC	Mining	0	KM/L	80.0		1	99	Ineligible
2045	2075	178286	178286	TBA867		TOYOTA	HILUX SC	Mining	0	KM/L	80.0		1	99	Ineligible
2046	2076	178288	178288	TBA869		TOYOTA	HILUX SC	Mining	0	KM/L	80.0		1	99	Ineligible
2047	2077	178289	178289	TBA884		TOYOTA	HILUX SC	Mining	0	KM/L	80.0		1	99	Ineligible
2048	2078	178290	178290	TBA888		TOYOTA	HILUX SC	Mining	0	KM/L	80.0		1	99	Ineligible
2049	2079	178291	178291	TBA890		TOYOTA	HILUX SC	Mining	0	KM/L	80.0		1	99	Ineligible
2050	2080	178292	178292	TBA899		TOYOTA	HILUX SC	Mining	0	KM/L	80.0		1	99	Ineligible
2051	2081	178293	178293	TBA900		TOYOTA	HILUX SC	Mining	0	KM/L	80.0		1	99	Ineligible
2052	2082	178294	178294	TBA901		TOYOTA	HILUX SC	Mining	0	KM/L	80.0		1	99	Ineligible
2053	2083	178295	178295	TBA909		TOYOTA	HILUX SC	Mining	0	KM/L	80.0		1	99	Ineligible
2054	2084	178296	178296	TBA910		TOYOTA	HILUX SC	Mining	0	KM/L	80.0		1	99	Ineligible
2055	2085	178297	178297	TMOG-576		TOYOTA	HILUX SC	Mining	0	KM/L	80.0		1	99	Ineligible
2056	2086	178298	178298	TOYOTA COROLLA		TOYOTA	HILUX SC	Mining	0	KM/L	80.0		1	99	Ineligible
2057	2087	178299	178299	vasie test		BELL	ADT	Mining	0	L/HR	350.0		1	10	Eligible
2058	2088	180698	180698	DB-CON-074		MERCEDEZ-BENZ	AXOR	Unknown	0	L/HR	450.0		1	10	Eligible
2059	2089	208796	208796	DB270BULK1		BULK TANK	BULK TANK	Mining	0	None	10000.0		1	99	Ineligible
2060	2090	209066	209066	DB266BULK		BULK DIESEL TANK	BULK TANK	Bowser	0	None	35000.0		1	99	Ineligible
2061	2091	209067	209067	DB268BULK		BULK TANK	BULK TANK	Bowser	0	None	10000.0		1	99	Ineligible
2062	2092	209068	209068	DB-CPP141		BULK TANK	BULK TANK	Bowser	0	None	10000.0		1	99	Ineligible
2063	2093	209069	209069	CON-141BULK		BULK TANK	BULK TANK	Bowser	0	None	10000.0		1	99	Ineligible
2064	2094	209070	209070	STEPIROC		BULK TANK	BULK TANK	Bowser	0	None	10000.0		1	99	Ineligible
2065	2095	231706	DT57	DT57		KOMATSU	DUMP TRUCK	Mining	0	L/HR	700.0		1	10	Eligible
2066	2096	231393	DR230	DR230		DRILL	DRILL	Support/Maintenance Equip.	0	None	200.0		1	99	Ineligible
2067	2097	233120	MOG1681	MOG-1681		ADENDORFF	GENERATOR	Generator	0	None	200.0		1	99	Ineligible
2068	2098	234288	CKJ014	CKJ014		ISUZU	WATER BOWSER	Water Bowser	0	KM/L	60.0		1	99	Ineligible
2069	2099	165693	165693	MLE051		LIEBHERR	EXCAVATOR	Mining	0	L/HR	1585.0		1	10	Eligible
2070	2100	233669	CFS002	CFS-002		CATERPILLAR	TYRE HANDLER	Mining	0	L/HR	426.0		1	10	Eligible
2071	2101	231708	CBME708	CBME708		TOYOTA	HILUX 	Light Vehicle	0	KM/L	80.0		1	99	Ineligible
2072	2102	231755	EMS001	EMS-001		MASTER AUTHORISER	AUTHORISER	Master Authorizer	0	None	99999.0		1	99	Ineligible
2073	2103	231709	231709	CDA373		MASSEY FERGUSON	TRACTOR	Mining	0	L/HR	120.0		1	10	Eligible
2074	2104	231709	CDA373	CDA373		MASSEY FERGUSON	TRACTOR	Mining	0	L/HR	120.0		1	10	Eligible
2075	2105	234287	CKJ24BLK	CKJ24BLK		MERCEDES BENZ       	BOWSER	Bowser	0	None	5000.0		1	99	Ineligible
2076	2106	177945	CKF219L	CKF219L		TOYOTA	HILUX SC	Mining	0	KM/L	80.0		1	99	Ineligible
2077	2107	164600	DT39	DT39		TEREX	REAR DUMPER	Mining	0	L/HR	4950.0		1	10	Eligible
2078	2108	165242	DR292	DR-292		DML	DRILL	Mining	0	L/HR	5100.0		1	10	Eligible
2079	2109	232714	DT88	DT88		KOMATSU	DUMP TRUCK	Dump Truck	0	L/HR	4542.0		1	10	Eligible
2080	2110	233672	CMH002B	CMH002B		CATERPILLAR	EXCAVATOR	Excavator	0	L/HR	1703.0		1	10	Eligible
2081	2111	165366	WP1022	WP-1022		DEUTZ	WATER PUMP	Mining	0	L/HR	1000.0		1	10	Eligible
2082	2112	178187	MOG873	MOG-873		TOYOTA	HILUX 	Mining	0	KM/L	80.0		1	99	Ineligible
2083	2113	166012	166012	CPP121		TOYOTA	QUANTUM	Mining	0	L/100KM	70.0		1	99	Ineligible
2084	2114	165712	165712	CT031B		NISSAN	UD	Mining	0	KM/L	400.0		1	99	Ineligible
2085	2115	165673	165673	FS-108		O&K	FACE SHOVEL	Mining	0	L/HR	1200.0		1	10	Eligible
2086	2116	165781	165781	LCT001		CATERPILLAR	OFF-HIGHWAY TRUCK	Mining	0	L/HR	3222.0		1	10	Eligible
2087	2117	165803	165803	ST262		CATERPILLAR	ARTICULATED DUMP TRUCK	Mining	0	L/HR	450.0		1	10	Eligible
2088	2118	233661	CAZ334	CAZ334		MAGNI	HTH	Mining	0	L/HR	300.0		1	10	Eligible
2089	2119	233673	DT87	DT87		KOMATSU	DUMP TRUCK	Dump Truck	0	L/HR	4542.0		1	10	Eligible
2090	2120	165249	HIAB566	HIAB-566		HIAB	TIPPER TRUCK	Mining	0	L/HR	400.0		1	10	Eligible
2091	2121	233118	CKC030	CKC030		CATERPILLAR	DOZER	Dozer	0	L/HR	2120.0		1	10	Eligible
2092	2122	235042	CEA009	CEA009		TOYOTA	HILUX 	Light Vehicle	0	KM/L	92.0		1	99	Ineligible
2093	2123	234293	CFS007	CFS007		GEHL	SKID STEER LOADER	Skid Steer	0	L/HR	72.0		1	10	Eligible
2094	2124	233000	CEA008	CEA008		TOYOTA	HILUX 	Light Vehicle	0	KM/L	92.0		1	99	Ineligible
2095	2125	165369	COT007	COT-007		HINO	700 SERIES TRUCK	Mining	0	KM/L	80.0		1	99	Ineligible
2096	2126	233413	CEA010	CEA010		TOYOTA	HILUX 	Light Vehicle	0	KM/L	80.0		1	99	Ineligible
2097	2127	235401	LP844	LP844		YANMAR	LIGHTING PLANT	Lighting Plant	0	None	100.0		1	99	Ineligible
2098	2128	235399	CHIBS009	CHIBS009		KOMATSU	EXCAVATOR	Excavator	0	L/HR	540.0		1	10	Eligible
2099	2129	235393	CRAM001	CRAM001		HINO	300 SERIES TRUCK	Light Vehicle	0	KM/L	700.0		1	99	Ineligible
2100	2130	233410	233410	FS116		CATERPILLAR	BACKHOE LOADER	Mining	0	L/HR	12000.0		1	10	Eligible
2101	2131	233410	FS116	FS116		CATERPILLAR	BACKHOE LOADER	Mining	0	L/HR	12000.0		1	10	Eligible
2102	2132	236276	GEN547	GEN547		GENIE	BOOM LIFT	Support/Maintenance Equip.	0	L/HR	76.0		1	10	Eligible
2103	2133	235400	WMAFS	WM-AFS		MASTER AUTHORISER	AUTHORISER	Master Authorizer	0	None	9999.0		1	99	Ineligible
2104	2134	234292	CAZ330	CAZ330		CATERPILLAR	TELEHANDLER	Telehandler	0	L/HR	250.0		1	10	Eligible
2105	2135	234291	CAZ674	CAZ674		MAGNI	TELEHANDLER	Telehandler	0	L/HR	165.0		1	10	Eligible
2106	2136	234295	CKJ031	CKJ031		CATERPILLAR	EXCAVATOR	Excavator	0	L/HR	1240.0		1	10	Eligible
2107	2137	234294	CKJ08	CKJ08		CATERPILLAR	OFF-HIGHWAY TRUCK	Dump Truck	0	L/HR	1137.0		1	10	Eligible
2108	2138	235514	DT89	DT89		KOMATSU	DUMP TRUCK	Dump Truck	0	L/HR	4542.0		1	10	Eligible
2109	2139	239597	FL587	FL587		HYSTER	H5.50XM	Forklift	0	L/HR	80.0		1	10	Eligible
2110	2140	235044	CAZ742	CAZ742		TELEHANDLER	TELEHANDLER	Telehandler	0	L/HR	130.0		1	10	Eligible
2111	2141	235661	CED009	CED009		MASSEY FERGUSON	TRACTOR	Tractor	0	L/HR	145.0		1	10	Eligible
2112	2142	235053	CED010	CED010		MASSEY FERGUSON	TRACTOR	Tractor	0	L/HR	145.0		1	10	Eligible
2113	2143	235036	CED015	CED015		BELL	DUMP TRUCK	Articulated Dump Truck	0	L/HR	200.0		1	10	Eligible
2114	2144		CED052			(To Be Updated)	(To Be Updated)			None	57.700000000000003		1	99	Ineligible
2115	2145	235037	CED003	CED003		MASSEY FERGUSON	TRACTOR	Tractor	0	L/HR	145.0		1	10	Eligible
2116	2146	235054	CED016	CED016		BELL	ADT	Articulated Dump Truck	0	L/HR	200.0		1	10	Eligible
2117	2147	234296	CKJ030	CKJ030		HITACHI	EXCAVATOR	Excavator	0	L/HR	1765.0		1	10	Eligible
2118	2148		CED051			(To Be Updated)	(To Be Updated)			None	53.100000000000001		1	99	Ineligible
2119	2149	236277	GEN548	GEN548		GENIE	BOOM LIFT	Support/Maintenance Equip.	0	L/HR	76.0		1	10	Eligible
2120	2150	236549	MOG897	MOG897		TOYOTA	HILUX 	Light Vehicle	0	KM/L	80.0		1	99	Ineligible
2121	2151	235397	WT332	WT332		CATERPILLAR	WATER TRUCK	Water Bowser	0	KM/L	400.0		1	99	Ineligible
2122	2152	242878	WD166	WD166		CATERPILLAR	WHEEL DOZER	Wheel Loader	0	L/HR	400.0		1	10	Eligible
2123	2153		LM			(To Be Updated)	(To Be Updated)			None	1211.7		1	99	Ineligible
2124	2154	236912	CAZ140	CAZ140		MAGNI	HTH	Telehandler	0	L/HR	200.0		1	10	Eligible
2125	2155	235852	TD1664	TD1664		CATERPILLAR	DOZER	Dozer	0	L/HR	1778.0		1	10	Eligible
2126	2156	235662	TLB604	TLB604		CATERPILLAR	TLB	TLB	0	L/HR	160.0		1	10	Eligible
2127	2157	235050	CJQ001	CJQ001		TOYOTA	HILUX 	Light Vehicle	0	KM/L	80.0		1	99	Ineligible
2128	2158	235052	CJQ002	CJQ002		FORD	RANGER	Light Vehicle	0	KM/L	80.0		1	99	Ineligible
2129	2159	235051	CJQ004	CJQ004		TOYOTA	HILUX 	Light Vehicle	0	KM/L	80.0		1	99	Ineligible
2130	2160	235049	CJQ005	CJQ005		FORD	RANGER	Light Vehicle	0	KM/L	80.0		1	99	Ineligible
2131	2161	235047	DR290	DR290		EPIROC	SMARTROC	Drill Rig	0	L/HR	975.0		1	10	Eligible
2132	2162	235048	DR296	DR296		EPIROC	SMARTROC	Drill Rig	0	L/HR	975.0		1	10	Eligible
2133	2163	235046	CED017	CED017		BELL	ADT	Articulated Dump Truck	0	L/HR	200.0		1	10	Eligible
2134	2164	242570	EMS002	EMS-002		MASTER AUTHORISER	EMERGENCY	Master Authorizer	0	None	99999.0		1	99	Ineligible
2135	2165	235913	MOG1510	MOG1510		HINO	700 SERIES TRUCK	Mining	0	KM/L	700.0		1	99	Ineligible
2136	2166	235863	CKJ032	CKJ032		CATERPILLAR	OFF-HIGHWAY TRUCK	Dump Truck	0	L/HR	1137.0		1	10	Eligible
2137	2167	235853	FS125	FS-125		FACE SHOVEL	FACE SHOVEL	Excavator/Shovel	0	None	1300.0		1	99	Ineligible
2138	2168	235659	CKJ027	CKJ027		LIGHTING PLANT	LIGHTING PLANT	Lighting Plant	0	L/HR	35.0		1	10	Eligible
2139	2169	235660	CKJ033	CKJ033		LIGHTING PLANT	LIGHTING PLANT	Lighting Plant	0	L/HR	35.0		1	10	Eligible
2140	2170		DT42			(To Be Updated)	(To Be Updated)			None	3600.0		1	99	Ineligible
2141	2171	236547	MOG844	MOG844		YANMAR	LIGHTING PLANT	Lighting Plant	0	None	150.0		1	99	Ineligible
2142	2172	237013	MOG1214	MOG1214		FORKLIFT	FORKLIFT	Forklift	0	L/HR	150.0		1	10	Eligible
2143	2173	235882	WD189	WD189		CATERPILLAR	WHEEL DOZER	Dozer	0	L/HR	1562.0		1	10	Eligible
2144	2174	235883	CMAL005	CMAL005		TOYOTA	HILUX 	Light Vehicle	0	KM/L	80.0		1	99	Ineligible
2145	2175	235927	235927	CSK01BLK		BULK DIESEL TANK	BULK TANK	Bowser	0	None	7000.0		1	99	Ineligible
2146	2176	236163	CKJ034	CKJ034		HITACHI	EXCAVATOR	Excavator	0	L/HR	1765.0		1	10	Eligible
2147	2177	236304	CSK001	CSK001		UD TRUCKS	UD TRUCK	Light Vehicle	0	KM/L	420.0		1	99	Ineligible
2148	2178	235927	CSK01BLK	CSK01BLK		BULK DIESEL TANK	BULK TANK	Bowser	0	None	7000.0		1	99	Ineligible
2149	2179	236164	CKJ035	CKJ035		CATERPILLAR	EXCAVATOR	Excavator	0	L/HR	1240.0		1	10	Eligible
2150	2180	236400	CON2557	CON2557		LIGHTING PLANT	LIGHTING PLANT	Lighting Plant	0	None	100.0		1	99	Ineligible
2151	2181	236401	236401	CAZ094		TELEHANDLER	TELEHANDLER	Support/Maintenance Equip.	0	L/HR	130.0		1	10	Eligible
2152	2182	236399	236399	CAZ807		MAGNI	HTH	Mining	0	L/HR	200.0		1	10	Eligible
2153	2183	236306	236306	CKJ024		MERCEDES BENZ       	2628	Support/Maintenance Equip.	0	KM/L	210.0		1	99	Ineligible
2154	2184	236401	CAZ094	CAZ094		TELEHANDLER	TELEHANDLER	Support/Maintenance Equip.	0	L/HR	130.0		1	10	Eligible
2155	2185	236399	CAZ807	CAZ807		MAGNI	HTH	Mining	0	L/HR	200.0		1	10	Eligible
2156	2186	236306	CKJ024	CKJ024		MERCEDES BENZ       	2628	Support/Maintenance Equip.	0	KM/L	210.0		1	99	Ineligible
2157	2187	236528	CRAM002G	CRAM002G		GENERATOR	GENERATOR	Generator	0	None	1100.0		1	99	Ineligible
2158	2188	239598	DR297	DR297		EPIROC	DRILL RIG	Drill Rig	0	L/HR	975.0		1	10	Eligible
2159	2189		KST001M			(To Be Updated)	(To Be Updated)			None	310.10000000000002		1	99	Ineligible
2160	2190	236903	TLAFS	TLAFS		MASTER AUTHORISER	AUTHORISER	Master Authorizer	0	None	99999.0		1	99	Ineligible
2161	2191	239599	DR321	DR321		EPIROC	DRILL RIG	Drill Rig	0	L/HR	975.0		1	10	Eligible
2162	2192	236815	EX208	EX208		CATERPILLAR	MOTOR GRADER	Grader	0	L/HR	2000.0		1	10	Eligible
2163	2193	236913	CPS017	CPS017		SEM	FRONT END LOADER	Mining	0	L/HR	273.0		1	10	Eligible
2164	2194	237014	CHIBS042	CHIBS042		AMMANN	DRUM ROLLER	Support/Maintenance Equip.	0	L/HR	410.0		1	10	Eligible
2165	2195	236853	236853	CSK002		UD TRUCKS	UD TRUCK	Bowser	0	KM/L	420.0		1	99	Ineligible
2166	2196	236854	236854	CSK02BLK		BULK DIESEL TANK	BULK TANK	Bulk Tank	0	None	7000.0		1	99	Ineligible
2167	2197	237015	CEP029	CEP029		LINCOLN	AIRVANTAGE	Support/Maintenance Equip.	0	L/HR	95.0		1	10	Eligible
2168	2198	239647	CHIBS039	CHIBS039		KOMATSU	DOZER	Dozer	0	L/HR	1200.0		1	10	Eligible
2169	2199	240677	CON125	CON125		LINCOLN	WELDER	Welding Plant	0	None	76.0		1	99	Ineligible
2170	2200	236853	CSK002	CSK002		UD TRUCKS	UD TRUCK	Bowser	0	KM/L	420.0		1	99	Ineligible
2171	2201	236854	CSK02BLK	CSK02BLK		BULK DIESEL TANK	BULK TANK	Bulk Tank	0	None	7000.0		1	99	Ineligible
2172	2202	239648	FL154	FL154		CATERPILLAR	FRONT-END LOADER	Front End Loader	0	L/HR	1563.0		1	10	Eligible
2173	2203	178172	MOG571	MOG-571		TOYOTA	HILUX SC	Mining	0	KM/L	80.0		1	99	Ineligible
2174	2204	239651	MOG795	MOG795		TOYOTA	HILUX 	Light Vehicle	0	KM/L	80.0		1	99	Ineligible
2175	2205	239601	GR214	GR214		CATERPILLAR	MOTOR GRADER	Grader	0	L/HR	200.0		1	10	Eligible
2176	2206	239823	CON400	CON400		CATERPILLAR	MOTOR GRADER	Grader	0	L/HR	305.0		1	10	Eligible
2177	2207	239919	CEA006	CEA006		TOYOTA	QUANTUM	Light Vehicle	0	KM/L	70.0		1	99	Ineligible
2178	2208	239969	CEA004	CEA004		TOYOTA	HILUX 	Light Vehicle	0	KM/L	80.0		1	99	Ineligible
2179	2209	240256	CEA005	CEA005		TOYOTA	HILUX 	Light Vehicle	0	KM/L	92.0		1	99	Ineligible
2180	2210	240257	CEA007	CEA007		TOYOTA	HILUX 	Light Vehicle	0	KM/L	92.0		1	99	Ineligible
2181	2211	240258	MOG889	MOG889		TOYOTA	HILUX 	Light Vehicle	0	KM/L	80.0		1	99	Ineligible
2182	2212	239970	DR1951	DR1951		EPIROC	SMARTROC	Drill Rig	0	L/HR	975.0		1	10	Eligible
2183	2213	240504	CMR014	CMR014		TOYOTA	HIACE SESFIKILE	Light Vehicle	0	KM/L	70.0		1	99	Ineligible
2184	2214	240590	DRI034	DRI034		SANDVIK	DRILL	Drill Rig	0	L/HR	150.0		1	10	Eligible
2185	2215	240589	LHD018	LHD018		SANDVIK	LOADER	Loader	0	L/HR	760.0		1	10	Eligible
2186	2216	240503	PV133	PV133		EPIROC	PIT VIPER DRILL	Drill Rig	0	L/HR	2317.0		1	10	Eligible
2187	2217	240680	FEL153	FEL153		CATERPILLAR	FRONT-END LOADER	Front End Loader	0	L/HR	1563.0		1	10	Eligible
2188	2218	165905	CDW961L	MOG-609		KIA	TRUCK	Mining	0	KM/L	80.0		1	99	Ineligible
2189	2219	240588	CMR013	CMR013		TOYOTA	HIACE SESFIKILE	Light Vehicle	0	KM/L	70.0		1	99	Ineligible
2190	2220	240675	CMA006G	CMA006G		WELDER	WELDING MACHINE	Welding Plant	0	L/HR	65.0		1	10	Eligible
2191	2221	240679	MOG1523	MOG-1523		MERCEDES BENZ       	HIAB	Light Vehicle	0	KM/L	400.0		1	99	Ineligible
2192	2222	240745	CHIBS047	CHIBS047		KOMATSU	WHEEL LOADER	Wheel Loader	0	L/HR	300.0		1	10	Eligible
2193	2223	240957	LP846	LP846		YAMAHA	LIGHTING PLANT	Lighting Plant	0	None	100.0		1	99	Ineligible
2194	2224		DT44			(To Be Updated)	(To Be Updated)			None	3001.0		1	99	Ineligible
2195	2225	240953	SSR643XT	SSR643XT		RADAR	RADAR	Radar	0	L/HR	50.0		1	10	Eligible
2196	2226	240958	SSR654XT	SSR654XT		RADAR	RADAR	Radar	0	L/HR	50.0		1	10	Eligible
2197	2227	242161	MOG1209	MOG1209		TOYOTA	HILUX 	Light Vehicle	0	KM/L	80.0		1	99	Ineligible
2198	2228	242159	CEDTL003	CEDTL003		BELL	TLB	TLB	0	L/HR	130.0		1	10	Eligible
2199	2229	242168	CR193	CR193		KOMATSU	CABLE REELER	Mining	0	L/HR	1864.0		1	10	Eligible
2200	2230	240952	PV136	PV136		EPIROC	PIT VIPER DRILL	Drill Rig	0	L/HR	2317.0		1	10	Eligible
2201	2231	240951	CON992	CON992		KOMATSU	DUMP TRUCK	Dump Truck	0	L/HR	1308.0		1	10	Eligible
2202	2232	240882	COW003	COW003		GENERATOR	GENERATOR	Generator	0	None	1000.0		1	99	Ineligible
2203	2233	243325	CMR031	CMR031		TUNNEL	ARTICULATED DUMP TRUCK	Articulated Dump Truck	0	L/HR	275.0		1	10	Eligible
2204	2234	240954	CMR032	CMR032		TUNNEL	ARTICULATED DUMP TRUCK	Articulated Dump Truck	0	L/HR	350.0		1	10	Eligible
2205	2235	241195	CON994	CON994		KOMATSU	DUMP TRUCK	Dump Truck	0	L/HR	1308.0		1	10	Eligible
2206	2236	241193	LDR047	LDR047		VOLVO	WHEEL LOADER	Loader	0	L/HR	270.0		1	10	Eligible
2207	2237	241194	TRU033	TRU033		NORMET	SHOTCRETE	Support/Maintenance Equip.	0	None	240.0		1	99	Ineligible
2208	2238	242160	CMR033	CMR033		TUNNEL	ARTICULATED DUMP TRUCK	Articulated Dump Truck	0	L/HR	350.0		1	10	Eligible
2209	2239	241196	CON993	CON993		KOMATSU	DUMP TRUCK	Dump Truck	0	L/HR	1308.0		1	10	Eligible
2210	2240	242165	MOG1715	MOG1715		TOYOTA	HILUX 	Light Vehicle	0	KM/L	80.0		1	99	Ineligible
2211	2241	242164	MOG208	MOG208		TOYOTA	HILUX 	Light Vehicle	0	KM/L	80.0		1	99	Ineligible
2212	2242	242565	GEN551	GEN-551		GENIE	GENERATOR	Generator	0	None	100.0		1	99	Ineligible
2213	2243	242571	CHIBS017	CHIBS017		SCANIA	TIPPER TRUCK	Heavy Vehicle	0	KM/L	300.0		1	99	Ineligible
2214	2244	242569	CKJ022	CKJ022		MERCEDES BENZ       	TRUCK	Heavy Vehicle	0	KM/L	150.0		1	99	Ineligible
2215	2245	242167	CTK001	CTK001		CATERPILLAR	BACKHOE LOADER	Loader	0	L/HR	160.0		1	10	Eligible
2216	2246	242877	MOG361G	MOG-361G		LINCOLN	WELDER	Welding Plant	0	None	76.0		1	99	Ineligible
2217	2247	242566	MOG576	MOG-576		TOYOTA	HILUX 	Light Vehicle	0	KM/L	80.0		1	99	Ineligible
2218	2248	242166	MOG713	MOG713		TOYOTA	HILUX 	Light Vehicle	0	KM/L	80.0		1	99	Ineligible
2219	2249	242568	PV135	PV135		EPIROC	PIT VIPER DRILL	Drill Rig	0	L/HR	2317.0		1	10	Eligible
2220	2250	242574	CKJ038	CKJ038		HITACHI	EXCAVATOR	Excavator	0	L/HR	1765.0		1	10	Eligible
2221	2251	242879	CDS005	CDS005		Diesel Bowser	DIESEL BOWSER	Bowser	0	None	1200.0		1	99	Ineligible
2222	2252	243327	LMAFS	LMAFS		MASTER AUTHORISER	AUTHORISER	Master Authorizer	0	None	99999.0		1	99	Ineligible
2223	2253	243326	TRU056	TRU056		CHARMEC	NORMET	Mining	0	L/HR	112.0		1	10	Eligible
2224	2254	178028	CON995	CON-995		KOMATSU	DUMP TRUCK	Mining	0	KM/L	80.0		1	99	Ineligible
2225	2255	246046	HJ03PNGP	HJ03PNGP		TESTING	TESTING	Unknown	0	None	3.7000000000000002		1	99	Ineligible
2226	2256	243328	CON777	CON777		MERCEDES BENZ       	SPRINTER	Light Vehicle	0	KM/L	95.0		1	99	Ineligible
2227	2257	243329	LTV123	LTV123		TOYOTA	COASTER	Light Vehicle	0	KM/L	120.0		1	99	Ineligible
2228	2258	243352	CKC029	CKC029		CATERPILLAR	DOZER	Dozer	0	L/HR	2120.0		1	10	Eligible
2229	2259	243767	MOG712	MOG712		TOYOTA	HILUX 	Light Vehicle	0	KM/L	90.0		1	99	Ineligible
2230	2260	243864	DM03	DM03		EPIROC	DRILL RIG	Drill Rig	0	L/HR	871.0		1	10	Eligible
2231	2261		DT38			(To Be Updated)	(To Be Updated)			None	2571.0		1	99	Ineligible
2232	2262	243765	CKJ036	CKJ036		CATERPILLAR	OFF-HIGHWAY TRUCK	Dump Truck	0	L/HR	1137.0		1	10	Eligible
2233	2263	243721	CKJ037	CKJ037		CATERPILLAR	OFF-HIGHWAY TRUCK	Dump Truck	0	L/HR	1137.0		1	10	Eligible
2234	2264	165564	CON996	CON-996		VOLVO	ARTICULATED DUMP TRUCK	Mining	0	None	480.0		1	99	Ineligible
2235	2265	243766	MOG1722	MOG1722		TOYOTA	QUANTUM	Light Vehicle	0	KM/L	85.0		1	99	Ineligible
2236	2266	243863	TRU057	TRU057		EPIROC	TRUCK	Heavy Vehicle	0	L/HR	844.0		1	10	Eligible
2237	2267	164608	CHBS18	CHBS-018		SCANIA	P / R / G SERIES 2002 - ON	Mining	0	L/HR	300.0		1	10	Eligible
2238	2268	244581	CMR035G	CMR035G		CATERPILLAR	GENERATOR	Generator	0	L/HR	800.0		1	10	Eligible
2239	2269	244171	CMN005	CMN005		ISUZU	TRUCK	Heavy Vehicle	0	KM/L	100.0		1	99	Ineligible
2240	2270	178169	MOG512	MOG-512		TOYOTA	HILUX SC	Mining	0	KM/L	80.0		1	99	Ineligible
2241	2271	244567	CAZ104	CAZ104		MAGNI	HTH	Mining	0	L/HR	300.0		1	10	Eligible
2242	2272		DB337			(To Be Updated)	(To Be Updated)			None	251.0		1	99	Ineligible
2243	2273		DB337BLK			(To Be Updated)	(To Be Updated)			None	5193.0		1	99	Ineligible
2244	2274	246067	CKC033	CKC033		CATERPILLAR	OFF-HIGHWAY TRUCK	Dump Truck	0	L/HR	1136.0		1	10	Eligible
2245	2275	178137	MOG1438	MOG-1438		TOYOTA	HILUX SC	Mining	0	KM/L	80.0		1	99	Ineligible
2246	2276	246068	CKJ025	CKJ025		CATERPILLAR	DOZER	Dozer	0	L/HR	889.0		1	10	Eligible
2247	2277	246047	CKJ009	CKJ009		CATERPILLAR	OFF-HIGHWAY TRUCK	Heavy Vehicle	0	L/HR	1137.0		1	10	Eligible
2248	2278	246069	CKJ039	CKJ039		CATERPILLAR	OFF-HIGHWAY TRUCK	Dump Truck	0	L/HR	1137.0		1	10	Eligible
2249	2279	165345	MOG500	MOG-500		TOYOTA	HILUX 	Mining	0	L/100KM	80.0		1	99	Ineligible
2250	2280	246159	DRR298	DRR298		SANDVIK	DRILL RIG	Drill Rig	0	L/HR	1514.0		1	10	Eligible
2251	2281	246160	DRR299	DRR299		SANDVIK	DRILL RIG	Drill Rig	0	L/HR	1514.0		1	10	Eligible
2252	2282		ST1642			(To Be Updated)	(To Be Updated)			None	501.0		1	99	Ineligible
2253	2283		CBME706			(To Be Updated)	(To Be Updated)			None	62.0		1	99	Ineligible
2254	2284		MOG360G			(To Be Updated)	(To Be Updated)			None	42.200000000000003		1	99	Ineligible
2255	2285		CKC034			(To Be Updated)	(To Be Updated)			None	1180.0		1	99	Ineligible
2256	2286		MWC01			(To Be Updated)	(To Be Updated)			None	494.22000000000003		1	99	Ineligible
