FuelDeliveryKey	SourceFuelDeliveryId	DateKey	DeliveryTime	LocationKey	ProductKey	VolumeLitres	AFSTankDeliveryEventId	DocumentNumber	IsDuplicate	IsActive
1	1	20210429	2021-04-29 12:19:37.000	6	2	-0.20000000000000001	1039340		0	1
2	2	20200125	2020-01-25 09:59:00.000	6	2	0.0	1028451		0	1
3	3	20200203	2020-02-03 11:59:00.000	6	2	0.0	1028991		0	1
4	4	20200322	2020-03-22 09:54:44.000	6	2	0.0	1025551		0	1
5	5	20200503	2020-05-03 11:00:36.000	6	2	0.0	1029093		0	1
6	6	20200512	2020-05-12 11:01:13.000	6	2	0.0	1028507		0	1
7	7	20201013	2020-10-13 11:26:20.000	6	2	0.0	1038817		0	1
8	8	20201013	2020-10-13 12:34:45.000	6	2	0.0	1038825		0	1
9	9	20201013	2020-10-13 12:34:59.000	6	2	0.0	1038823		0	1
10	10	20201015	2020-10-15 11:06:20.000	6	2	0.0	1035325		0	1
11	11	20201015	2020-10-15 13:53:12.000	6	2	0.0	1035337		0	1
12	12	20201015	2020-10-15 14:05:15.000	6	2	0.0	1035335		0	1
13	13	20201015	2020-10-15 14:18:25.000	6	2	0.0	1035333		0	1
14	14	20201018	2020-10-18 09:57:08.000	6	2	0.0	1036456		0	1
15	15	20201018	2020-10-18 10:33:04.000	6	2	0.0	1036454		0	1
16	16	20201018	2020-10-18 16:46:56.000	6	2	0.0	1036462		0	1
17	17	20201021	2020-10-21 09:44:47.000	6	2	0.0	1035935		0	1
18	18	20201204	2020-12-04 09:08:09.000	6	2	0.0	1037533		0	1
19	19	20201211	2020-12-11 10:05:41.000	6	2	0.0	1037216		0	1
20	20	20210112	2021-01-12 10:02:26.000	6	2	0.0	1037871		0	1
21	21	20210208	2021-02-08 13:03:31.000	6	2	0.0	1038350		0	1
22	22	20210302	2021-03-02 07:04:06.000	6	2	0.0	1038693		0	1
23	23	20210305	2021-03-05 15:30:28.000	6	2	0.0	1039151		0	1
24	24	20210315	2021-03-15 13:49:31.000	6	2	0.0	1038742		0	1
25	25	20210315	2021-03-15 13:58:04.000	6	2	0.0	1038740		0	1
26	26	20210315	2021-03-15 13:59:04.000	6	2	0.0	1038738		0	1
27	27	20210315	2021-03-15 14:01:34.000	6	2	0.0	1038736		0	1
28	28	20210316	2021-03-16 13:14:14.000	6	2	0.0	1038754		0	1
29	29	20210316	2021-03-16 14:49:44.000	6	2	0.0	1038760		0	1
30	30	20210317	2021-03-17 08:02:54.000	6	2	0.0	1038758		0	1
31	31	20210318	2021-03-18 06:38:37.000	6	2	0.0	1038975		0	1
32	32	20210319	2021-03-19 07:15:31.000	6	2	0.0	1038773		0	1
33	33	20210319	2021-03-19 08:15:26.000	6	2	0.0	1038771		0	1
34	34	20210319	2021-03-19 08:29:49.000	6	2	0.0	1038769		0	1
35	35	20210319	2021-03-19 09:27:15.000	6	2	0.0	1038767		0	1
36	36	20210319	2021-03-19 10:23:02.000	6	2	0.0	1038977		0	1
37	37	20210321	2021-03-21 06:44:31.000	6	2	0.0	1038991		0	1
38	38	20210326	2021-03-26 15:55:57.000	6	2	0.0	1038882		0	1
39	39	20210411	2021-04-11 12:07:21.000	6	2	0.0	1039019		0	1
40	40	20210421	2021-04-21 09:56:39.000	6	2	0.0	1039388		0	1
41	41	20210511	2021-05-11 10:06:38.000	6	2	0.0	1039595		0	1
42	42	20210627	2021-06-27 09:27:13.000	6	2	0.0	1040094		0	1
43	43	20210630	2021-06-30 11:52:37.000	6	2	0.0	1039891		0	1
44	44	20201018	2020-10-18 15:18:07.000	6	2	1.8999999999999999	1036460		0	1
45	45	20210510	2021-05-10 11:28:14.000	6	2	16.399999999999999	1039310		0	1
46	46	20200322	2020-03-22 10:16:14.000	6	2	35.899999999999999	1025549		0	1
47	47	20200322	2020-03-22 11:19:48.000	6	2	54.600000000000001	1025559		0	1
48	48	20201021	2020-10-21 09:47:15.000	6	2	63.299999999999997	1035933		0	1
49	49	20210404	2021-04-04 15:20:01.000	6	2	118.5	1038941		0	1
50	50	20210411	2021-04-11 11:54:58.000	6	2	226.30000000000001	1039021		0	1
51	51	20201214	2020-12-14 12:39:35.000	6	2	484.30000000000001	1037988		0	1
52	52	20210309	2021-03-09 10:55:56.000	6	2	544.39999999999998	1039189		0	1
53	53	20210404	2021-04-04 14:02:01.000	6	2	778.79999999999995	1038945		0	1
54	54	20210207	2021-02-07 10:46:34.000	6	2	990.0	1038342		0	1
55	55	20210603	2021-06-03 13:07:34.000	6	2	1344.3	1039962		0	1
56	56	20210204	2021-02-04 13:30:55.000	6	2	3091.6999999999998	1038638		0	1
57	57	20201101	2020-11-01 10:00:55.000	6	2	3639.1999999999998	1036820		0	1
58	58	20200322	2020-03-22 11:25:10.000	6	2	5186.6000000000004	1025557		0	1
59	59	20210330	2021-03-30 11:19:37.000	6	2	6277.6000000000004	1039851		0	1
60	60	20201112	2020-11-12 11:08:12.000	6	2	6826.8000000000002	1037205		0	1
61	61	20210317	2021-03-17 08:25:32.000	6	2	8358.7000000000007	1038756		0	1
62	62	20200311	2020-03-11 14:03:34.000	6	2	8872.5	1025512		0	1
63	63	20210625	2021-06-25 13:43:03.000	6	2	9090.5	1039939		0	1
64	64	20200310	2020-03-10 09:58:06.000	6	2	9340.1000000000004	1025496		0	1
65	65	20200310	2020-03-10 09:58:06.000	6	2	9340.1000000000004	1025498		0	1
66	66	20210707	2021-07-07 12:48:58.000	6	2	10025.299999999999	1042922		0	1
67	67	20200429	2020-04-29 15:17:40.000	6	2	10491.200000000001	1031089		0	1
68	68	20200429	2020-04-29 15:17:40.000	6	2	10491.200000000001	1031091		0	1
69	69	20210228	2021-02-28 10:56:18.000	6	2	11891.700000000001	1038679		0	1
70	70	20210526	2021-05-26 10:19:49.000	6	2	11946.799999999999	1039322		0	1
71	71	20200211	2020-02-11 13:10:48.000	6	2	12078.799999999999	1031221		0	1
72	72	20201018	2020-10-18 16:16:44.000	6	2	12189.299999999999	1036464		0	1
73	73	20210212	2021-02-12 15:33:37.000	6	2	12842.799999999999	1038557		0	1
74	74	20200219	2020-02-19 14:07:25.000	6	2	13925.299999999999	1031905		0	1
75	75	20210429	2021-04-29 14:08:07.000	6	2	14988.6	1039346		0	1
76	76	20200206	2020-02-06 14:17:07.000	6	2	15021.0	1029027		0	1
77	77	20200130	2020-01-30 14:07:02.000	6	2	15352.4	1028617		0	1
78	78	20201023	2020-10-23 13:55:54.000	6	2	15680.4	1035953		0	1
79	79	20200229	2020-02-29 10:48:01.000	6	2	17545.400000000001	1025439		0	1
80	80	20210217	2021-02-17 12:44:35.000	6	2	18702.5	1038286		0	1
81	81	20200229	2020-02-29 11:11:30.000	6	2	21873.799999999999	1025437		0	1
82	82	20201023	2020-10-23 13:04:00.000	6	2	23817.900000000001	1035955		0	1
83	83	20210429	2021-04-29 12:23:05.000	6	2	24154.700000000001	1039338		0	1
84	84	20200130	2020-01-30 13:05:18.000	6	2	24311.599999999999	1028613		0	1
85	85	20200206	2020-02-06 13:29:28.000	6	2	24538.700000000001	1029029		0	1
86	86	20200219	2020-02-19 13:13:57.000	6	2	25399.599999999999	1031899		0	1
87	87	20210220	2021-02-20 12:41:41.000	6	2	26485.900000000001	1038305		0	1
88	88	20200211	2020-02-11 14:20:58.000	6	2	26904.299999999999	1031225		0	1
89	89	20201119	2020-11-19 10:29:12.000	6	2	27107.5	1037158		0	1
90	90	20200429	2020-04-29 14:30:37.000	6	2	27132.700000000001	1031093		0	1
91	91	20210228	2021-02-28 11:42:28.000	6	2	27221.0	1038677		0	1
92	92	20210617	2021-06-17 12:12:28.000	6	2	27723.700000000001	1039743		0	1
93	93	20210625	2021-06-25 12:29:29.000	6	2	28339.700000000001	1039941		0	1
94	94	20210707	2021-07-07 15:06:43.000	6	2	29088.599999999999	1042948		0	1
95	95	20210511	2021-05-11 08:34:11.000	6	2	29709.799999999999	1039593		0	1
96	96	20200310	2020-03-10 10:35:19.000	6	2	31375.0	1025492		0	1
97	97	20200310	2020-03-10 10:35:19.000	6	2	31375.0	1025494		0	1
98	98	20201106	2020-11-06 10:09:13.000	6	2	31579.0	1035987		0	1
99	99	20210330	2021-03-30 09:25:27.000	6	2	31686.200000000001	1038906		0	1
100	100	20200311	2020-03-11 12:48:02.000	6	2	31751.299999999999	1025504		0	1
101	101	20201112	2020-11-12 09:24:21.000	6	2	32479.0	1037203		0	1
102	102	20210201	2021-02-01 10:19:52.000	6	2	35279.900000000001	1038614		0	1
103	103	20201101	2020-11-01 09:10:39.000	6	2	35659.800000000003	1036822		0	1
104	104	20210204	2021-02-04 14:30:57.000	6	2	36252.400000000001	1038728		0	1
105	105	20200105	2020-01-05 11:13:44.000	6	2	36348.900000000001	1026374		0	1
106	106	20210116	2021-01-16 09:19:48.000	6	2	37760.900000000001	1037906		0	1
107	107	20191205	2019-12-05 10:12:51.000	6	2	38010.5	1022244		0	1
108	108	20191204	2019-12-04 11:17:45.000	6	2	38034.800000000003	1021410		0	1
109	109	20191201	2019-12-01 09:04:08.000	6	2	38234.599999999999	1021384		0	1
110	110	20200303	2020-03-03 12:22:22.000	6	2	38291.599999999999	1025448		0	1
111	111	20200202	2020-02-02 09:57:20.000	6	2	38343.300000000003	1029001		0	1
112	112	20210519	2021-05-19 13:41:19.000	6	2	38345.400000000001	1039778		0	1
113	113	20210522	2021-05-22 10:39:25.000	6	2	38353.800000000003	1039499		0	1
114	114	20200212	2020-02-12 11:10:07.000	6	2	38490.300000000003	1031230		0	1
115	115	20200129	2020-01-29 12:03:33.000	6	2	38491.800000000003	1028602		0	1
116	116	20200120	2020-01-20 10:51:04.000	6	2	38531.199999999997	1028546		0	1
117	117	20200225	2020-02-25 12:29:40.000	6	2	38545.400000000001	1025401		0	1
118	118	20201122	2020-11-22 06:42:48.000	6	2	38592.599999999999	1040010		0	1
119	119	20200114	2020-01-14 10:01:52.000	6	2	38594.300000000003	1027199		0	1
120	120	20200112	2020-01-12 10:04:58.000	6	2	38600.0	1027209		0	1
121	121	20200227	2020-02-27 11:59:57.000	6	2	38600.199999999997	1025423		0	1
122	122	20200227	2020-02-27 11:59:57.000	6	2	38600.199999999997	1025425		0	1
123	123	20210410	2021-04-10 09:30:40.000	6	2	38617.800000000003	1039013		0	1
124	124	20200206	2020-02-06 11:36:40.000	6	2	38618.800000000003	1031191		0	1
125	125	20210425	2021-04-25 08:37:13.000	6	2	38621.0	1039835		0	1
126	126	20201011	2020-10-11 11:53:43.000	6	2	38650.699999999997	1038793		0	1
127	127	20210103	2021-01-03 10:25:18.000	6	2	38656.300000000003	1037402		0	1
128	128	20200208	2020-02-08 09:50:23.000	6	2	38665.0	1031200		0	1
129	129	20191222	2019-12-22 09:55:23.000	6	2	38668.699999999997	1026279		0	1
130	130	20200108	2020-01-08 12:03:14.000	6	2	38669.300000000003	1027171		0	1
131	131	20200105	2020-01-05 12:23:26.000	6	2	38670.800000000003	1026378		0	1
132	132	20200204	2020-02-04 13:06:21.000	6	2	38692.699999999997	1029016		0	1
133	133	20210102	2021-01-02 10:34:38.000	6	2	38722.599999999999	1037394		0	1
134	134	20210425	2021-04-25 11:46:19.000	6	2	38723.599999999999	1039837		0	1
135	135	20210513	2021-05-13 10:43:30.000	6	2	38731.099999999999	1039919		0	1
136	136	20210419	2021-04-19 14:14:40.000	6	2	38757.800000000003	1039426		0	1
137	137	20210215	2021-02-15 12:14:29.000	6	2	38762.099999999999	1038571		0	1
138	138	20210607	2021-06-07 10:56:36.000	6	2	38769.400000000001	1039726		0	1
139	139	20210404	2021-04-04 14:14:27.000	6	2	38776.400000000001	1038943		0	1
140	140	20200116	2020-01-16 12:45:49.000	6	2	38791.800000000003	1027931		0	1
141	141	20210506	2021-05-06 10:06:49.000	6	2	38791.900000000001	1039350		0	1
142	142	20210706	2021-07-06 11:03:28.000	6	2	38803.900000000001	1042818		0	1
143	143	20210101	2021-01-01 11:40:38.000	6	2	38805.400000000001	1037384		0	1
144	144	20210606	2021-06-06 08:34:50.000	6	2	38820.300000000003	1039717		0	1
145	145	20210511	2021-05-11 11:16:21.000	6	2	38823.800000000003	1039601		0	1
146	146	20200517	2020-05-17 11:03:12.000	6	2	38824.099999999999	1035289		0	1
147	147	20210308	2021-03-08 09:19:58.000	6	2	38826.599999999999	1039179		0	1
148	148	20191207	2019-12-07 10:28:09.000	6	2	38838.599999999999	1022264		0	1
149	149	20210530	2021-05-30 12:18:57.000	6	2	38841.900000000001	1039626		0	1
150	150	20210408	2021-04-08 13:03:38.000	6	2	38843.5	1038973		0	1
151	151	20210509	2021-05-09 12:02:05.000	6	2	38855.800000000003	1039295		0	1
152	152	20210507	2021-05-07 11:39:05.000	6	2	38864.0	1039357		0	1
153	153	20210510	2021-05-10 10:14:53.000	6	2	38864.800000000003	1039312		0	1
154	154	20201204	2020-12-04 10:24:09.000	6	2	38869.099999999999	1037529		0	1
155	155	20210219	2021-02-19 09:38:21.000	6	2	38879.5	1038299		0	1
156	156	20210501	2021-05-01 08:40:58.000	6	2	38882.400000000001	1039336		0	1
157	157	20210403	2021-04-03 08:58:03.000	6	2	38893.599999999999	1038923		0	1
158	158	20210326	2021-03-26 11:05:30.000	6	2	38897.800000000003	1038874		0	1
159	159	20210704	2021-07-04 11:42:42.000	6	2	38901.800000000003	1039869		0	1
160	160	20210412	2021-04-12 11:54:16.000	6	2	38902.0	1039278		0	1
161	161	20210610	2021-06-10 09:13:38.000	6	2	38908.5	1039741		0	1
162	162	20210309	2021-03-09 11:04:50.000	6	2	38914.400000000001	1039187		0	1
163	163	20200428	2020-04-28 12:25:51.000	6	2	38926.800000000003	1030726		0	1
164	164	20191210	2019-12-10 11:57:07.000	6	2	38929.199999999997	1022290		0	1
165	165	20210628	2021-06-28 12:23:24.000	6	2	38940.099999999999	1040074		0	1
166	166	20210513	2021-05-13 09:29:10.000	6	2	38940.699999999997	1039921		0	1
167	167	20210316	2021-03-16 09:33:01.000	6	2	38942.400000000001	1038752		0	1
168	168	20210109	2021-01-09 10:41:26.000	6	2	38946.599999999999	1037854		0	1
169	169	20210508	2021-05-08 11:41:03.000	6	2	38948.800000000003	1039366		0	1
170	170	20210114	2021-01-14 12:53:42.000	6	2	38949.599999999999	1037890		0	1
171	171	20210503	2021-05-03 09:59:35.000	6	2	38954.099999999999	1039817		0	1
172	172	20200518	2020-05-18 12:40:41.000	6	2	38954.900000000001	1035292		0	1
173	173	20210127	2021-01-27 10:36:51.000	6	2	38960.800000000003	1038580		0	1
174	174	20201023	2020-10-23 08:49:17.000	6	2	38962.099999999999	1035963		0	1
175	175	20210601	2021-06-01 11:26:36.000	6	2	38963.5	1039431		0	1
176	176	20191209	2019-12-09 12:51:10.000	6	2	38964.300000000003	1022283		0	1
177	177	20200519	2020-05-19 11:21:53.000	6	2	38968.699999999997	1035307		0	1
178	178	20210611	2021-06-11 10:43:20.000	6	2	38968.900000000001	1039901		0	1
179	179	20210623	2021-06-23 12:54:28.000	6	2	38970.699999999997	1039930		0	1
180	180	20210510	2021-05-10 12:52:52.000	6	2	38979.099999999999	1039306		0	1
181	181	20191228	2019-12-28 08:51:47.000	6	2	38983.699999999997	1026330		0	1
182	182	20210520	2021-05-20 11:10:16.000	6	2	38994.300000000003	1039377		0	1
183	183	20191205	2019-12-05 11:05:47.000	6	2	38996.0	1021416		0	1
184	184	20210205	2021-02-05 11:47:02.000	6	2	38996.300000000003	1038732		0	1
185	185	20210531	2021-05-31 11:11:08.000	6	2	38996.5	1039637		0	1
186	186	20210518	2021-05-18 12:16:13.000	6	2	38999.699999999997	1039774		0	1
187	187	20210702	2021-07-02 13:21:12.000	6	2	39002.599999999999	1039899		0	1
188	188	20210512	2021-05-12 09:55:33.000	6	2	39003.300000000003	1039917		0	1
189	189	20210510	2021-05-10 11:37:13.000	6	2	39004.400000000001	1039308		0	1
190	190	20210606	2021-06-06 10:33:10.000	6	2	39007.900000000001	1039507		0	1
191	191	20191224	2019-12-24 08:39:18.000	6	2	39008.0	1026299		0	1
192	192	20210524	2021-05-24 14:10:54.000	6	2	39008.599999999999	1039758		0	1
193	193	20210524	2021-05-24 10:33:07.000	6	2	39010.5	1039764		0	1
194	194	20200428	2020-04-28 11:23:54.000	6	2	39011.400000000001	1030728		0	1
195	195	20210502	2021-05-02 09:28:30.000	6	2	39011.5	1039813		0	1
196	196	20200429	2020-04-29 18:01:41.000	6	2	39012.5	1031095		0	1
197	197	20210506	2021-05-06 12:12:35.000	6	2	39013.699999999997	1039352		0	1
198	198	20210619	2021-06-19 11:55:06.000	6	2	39013.699999999997	1040060		0	1
199	199	20200515	2020-05-15 11:43:41.000	6	2	39014.900000000001	1035270		0	1
200	200	20200515	2020-05-15 11:43:41.000	6	2	39014.900000000001	1035274		0	1
201	201	20200518	2020-05-18 11:41:22.000	6	2	39016.699999999997	1035294		0	1
202	202	20210531	2021-05-31 12:25:39.000	6	2	39023.099999999999	1039635		0	1
203	203	20200224	2020-02-24 09:31:50.000	6	2	39026.199999999997	1027847		0	1
204	204	20200120	2020-01-20 11:44:52.000	6	2	39026.800000000003	1028544		0	1
205	205	20200222	2020-02-22 12:51:05.000	6	2	39027.0	1027829		0	1
206	206	20210329	2021-03-29 09:51:24.000	6	2	39027.199999999997	1038898		0	1
207	207	20210404	2021-04-04 12:49:11.000	6	2	39027.5	1038939		0	1
208	208	20210530	2021-05-30 11:05:37.000	6	2	39028.099999999999	1039628		0	1
209	209	20210528	2021-05-28 15:27:12.000	6	2	39029.900000000001	1039473		0	1
210	210	20210602	2021-06-02 09:20:19.000	6	2	39030.599999999999	1039443		0	1
211	211	20200229	2020-02-29 11:47:18.000	6	2	39032.5	1025435		0	1
212	212	20210706	2021-07-06 12:01:25.000	6	2	39032.599999999999	1042816		0	1
213	213	20210523	2021-05-23 08:29:54.000	6	2	39034.599999999999	1039751		0	1
214	214	20210520	2021-05-20 09:51:47.000	6	2	39035.0	1039379		0	1
215	215	20200216	2020-02-16 11:46:14.000	6	2	39035.800000000003	1031867		0	1
216	216	20200216	2020-02-16 11:46:14.000	6	2	39035.800000000003	1031869		0	1
217	217	20210531	2021-05-31 10:00:10.000	6	2	39037.699999999997	1039639		0	1
218	218	20201111	2020-11-11 08:42:35.000	6	2	39037.900000000001	1037201		0	1
219	219	20200506	2020-05-06 10:36:47.000	6	2	39038.400000000001	1029119		0	1
220	220	20210306	2021-03-06 09:11:49.000	6	2	39038.400000000001	1039159		0	1
221	221	20191218	2019-12-18 10:28:16.000	6	2	39038.5	1024467		0	1
222	222	20200507	2020-05-07 10:44:16.000	6	2	39039.099999999999	1033020		0	1
223	223	20200213	2020-02-13 11:52:25.000	6	2	39040.5	1031235		0	1
224	224	20210502	2021-05-02 11:51:47.000	6	2	39040.800000000003	1039809		0	1
225	225	20210525	2021-05-25 10:08:20.000	6	2	39040.800000000003	1039320		0	1
226	226	20210504	2021-05-04 13:14:35.000	6	2	39041.800000000003	1039407		0	1
227	227	20210508	2021-05-08 09:17:42.000	6	2	39043.099999999999	1039370		0	1
228	228	20200514	2020-05-14 10:30:54.000	6	2	39044.0	1035261		0	1
229	229	20200219	2020-02-19 14:34:40.000	6	2	39044.5	1031903		0	1
230	230	20210524	2021-05-24 13:06:00.000	6	2	39045.699999999997	1039760		0	1
231	231	20210519	2021-05-19 11:05:34.000	6	2	39046.599999999999	1039782		0	1
232	232	20191215	2019-12-15 10:55:02.000	6	2	39047.5	1023143		0	1
233	233	20210117	2021-01-17 10:12:51.000	6	2	39048.900000000001	1039094		0	1
234	234	20210603	2021-06-03 10:13:42.000	6	2	39049.099999999999	1039968		0	1
235	235	20200223	2020-02-23 11:03:30.000	6	2	39049.800000000003	1027838		0	1
236	236	20210606	2021-06-06 11:28:29.000	6	2	39050.199999999997	1039505		0	1
237	237	20200506	2020-05-06 11:31:05.000	6	2	39050.599999999999	1029117		0	1
238	238	20201102	2020-11-02 11:23:58.000	6	2	39051.900000000001	1036838		0	1
239	239	20210110	2021-01-10 10:46:33.000	6	2	39051.900000000001	1037856		0	1
240	240	20200515	2020-05-15 10:50:52.000	6	2	39052.5	1035272		0	1
241	241	20200515	2020-05-15 10:50:52.000	6	2	39052.5	1035276		0	1
242	242	20210526	2021-05-26 12:12:42.000	6	2	39053.400000000001	1039583		0	1
243	243	20210531	2021-05-31 08:45:20.000	6	2	39054.599999999999	1039641		0	1
244	244	20210626	2021-06-26 08:55:53.000	6	2	39055.300000000003	1039945		0	1
245	245	20200512	2020-05-12 11:59:52.000	6	2	39057.199999999997	1028509		0	1
246	246	20200519	2020-05-19 12:24:06.000	6	2	39060.699999999997	1035305		0	1
247	247	20210605	2021-06-05 09:21:47.000	6	2	39061.300000000003	1039980		0	1
248	248	20200103	2020-01-03 11:14:10.000	6	2	39061.400000000001	1026362		0	1
249	249	20200103	2020-01-03 11:14:10.000	6	2	39061.400000000001	1026366		0	1
250	250	20201218	2020-12-18 10:01:46.000	6	2	39061.900000000001	1038199		0	1
251	251	20210420	2021-04-20 09:29:56.000	6	2	39062.300000000003	1039035		0	1
252	252	20210427	2021-04-27 13:25:32.000	6	2	39062.400000000001	1039256		0	1
253	253	20191210	2019-12-10 15:49:49.000	6	2	39063.099999999999	1022292		0	1
254	254	20210703	2021-07-03 08:11:27.000	6	2	39063.099999999999	1039861		0	1
255	255	20201014	2020-10-14 09:07:23.000	6	2	39063.199999999997	1038910		0	1
256	256	20210509	2021-05-09 08:16:38.000	6	2	39064.199999999997	1039301		0	1
257	257	20210427	2021-04-27 08:19:11.000	6	2	39064.300000000003	1039254		0	1
258	258	20200511	2020-05-11 11:07:16.000	6	2	39064.400000000001	1033408		0	1
259	259	20210426	2021-04-26 09:59:40.000	6	2	39064.5	1039248		0	1
260	260	20200505	2020-05-05 10:08:37.000	6	2	39066.900000000001	1029110		0	1
261	261	20210420	2021-04-20 13:03:27.000	6	2	39071.0	1039037		0	1
262	262	20210426	2021-04-26 12:20:03.000	6	2	39071.400000000001	1039244		0	1
263	263	20200509	2020-05-09 11:41:37.000	6	2	39072.300000000003	1033388		0	1
264	264	20210504	2021-05-04 11:58:14.000	6	2	39072.300000000003	1039409		0	1
265	265	20210110	2021-01-10 08:35:49.000	6	2	39072.599999999999	1037860		0	1
266	266	20210501	2021-05-01 09:46:50.000	6	2	39072.599999999999	1039334		0	1
267	267	20210225	2021-02-25 11:10:50.000	6	2	39073.400000000001	1038652		0	1
268	268	20210525	2021-05-25 13:36:37.000	6	2	39073.400000000001	1039314		0	1
269	269	20210411	2021-04-11 09:39:12.000	6	2	39075.5	1039025		0	1
270	270	20210521	2021-05-21 08:57:47.000	6	2	39075.699999999997	1039615		0	1
271	271	20210116	2021-01-16 10:19:35.000	6	2	39075.900000000001	1037904		0	1
272	272	20210505	2021-05-05 09:29:28.000	6	2	39076.099999999999	1039617		0	1
273	273	20210622	2021-06-22 12:01:43.000	6	2	39077.0	1039926		0	1
274	274	20210426	2021-04-26 08:50:58.000	6	2	39077.300000000003	1039250		0	1
275	275	20210115	2021-01-15 08:16:15.000	6	2	39077.400000000001	1037900		0	1
276	276	20210613	2021-06-13 11:15:43.000	6	2	39077.699999999997	1039990		0	1
277	277	20210504	2021-05-04 09:24:11.000	6	2	39079.199999999997	1039405		0	1
278	278	20210307	2021-03-07 08:25:14.000	6	2	39079.699999999997	1039169		0	1
279	279	20210407	2021-04-07 09:03:09.000	6	2	39081.599999999999	1038969		0	1
280	280	20191224	2019-12-24 10:29:40.000	6	2	39084.400000000001	1026295		0	1
281	281	20200504	2020-05-04 10:04:26.000	6	2	39084.800000000003	1029100		0	1
282	282	20200220	2020-02-20 11:29:31.000	6	2	39085.099999999999	1027814		0	1
283	283	20200220	2020-02-20 11:29:31.000	6	2	39085.099999999999	1027816		0	1
284	284	20210514	2021-05-14 13:32:40.000	6	2	39085.5	1039484		0	1
285	285	20210419	2021-04-19 08:49:13.000	6	2	39085.800000000003	1039419		0	1
286	286	20210602	2021-06-02 12:13:51.000	6	2	39086.0	1039437		0	1
287	287	20210503	2021-05-03 12:01:23.000	6	2	39086.400000000001	1039820		0	1
288	288	20210210	2021-02-10 09:07:06.000	6	2	39086.599999999999	1038544		0	1
289	289	20210512	2021-05-12 12:11:05.000	6	2	39087.699999999997	1039913		0	1
290	290	20200102	2020-01-02 09:37:22.000	6	2	39087.800000000003	1026355		0	1
291	291	20191215	2019-12-15 09:54:59.000	6	2	39087.900000000001	1023145		0	1
292	292	20210521	2021-05-21 10:13:31.000	6	2	39087.900000000001	1039613		0	1
293	293	20201102	2020-11-02 09:18:01.000	6	2	39088.099999999999	1036842		0	1
294	294	20200427	2020-04-27 11:38:33.000	6	2	39088.400000000001	1030722		0	1
295	295	20191229	2019-12-29 08:55:35.000	6	2	39088.699999999997	1026338		0	1
296	296	20210528	2021-05-28 10:37:15.000	6	2	39089.400000000001	1039469		0	1
297	297	20200507	2020-05-07 11:41:13.000	6	2	39089.5	1033018		0	1
298	298	20200109	2020-01-09 11:45:40.000	6	2	39089.800000000003	1027175		0	1
299	299	20210114	2021-01-14 13:55:18.000	6	2	39090.199999999997	1037888		0	1
300	300	20210211	2021-02-11 15:11:04.000	6	2	39090.300000000003	1038551		0	1
301	301	20210419	2021-04-19 11:59:31.000	6	2	39090.599999999999	1039422		0	1
302	302	20210526	2021-05-26 14:39:37.000	6	2	39090.699999999997	1039324		0	1
303	303	20200218	2020-02-18 09:00:42.000	6	2	39091.099999999999	1031886		0	1
304	304	20210520	2021-05-20 08:35:28.000	6	2	39091.900000000001	1039381		0	1
305	305	20200519	2020-05-19 13:36:57.000	6	2	39092.599999999999	1035303		0	1
306	306	20210525	2021-05-25 11:13:25.000	6	2	39092.900000000001	1039318		0	1
307	307	20210525	2021-05-25 12:25:28.000	6	2	39093.0	1039316		0	1
308	308	20210515	2021-05-15 10:10:02.000	6	2	39093.5	1039497		0	1
309	309	20210605	2021-06-05 08:19:06.000	6	2	39094.800000000003	1039982		0	1
310	310	20210520	2021-05-20 12:26:06.000	6	2	39095.900000000001	1039375		0	1
311	311	20210509	2021-05-09 09:36:55.000	6	2	39096.199999999997	1039299		0	1
312	312	20210704	2021-07-04 10:43:50.000	6	2	39096.199999999997	1039871		0	1
313	313	20210529	2021-05-29 13:19:20.000	6	2	39096.400000000001	1039481		0	1
314	314	20210330	2021-03-30 12:34:32.000	6	2	39098.699999999997	1039847		0	1
315	315	20200426	2020-04-26 14:39:14.000	6	2	39099.5	1030720		0	1
316	316	20210113	2021-01-13 15:09:56.000	6	2	39099.699999999997	1037883		0	1
317	317	20200503	2020-05-03 10:04:34.000	6	2	39100.099999999999	1029095		0	1
318	318	20210427	2021-04-27 09:24:11.000	6	2	39100.199999999997	1039252		0	1
319	319	20210504	2021-05-04 10:44:09.000	6	2	39101.0	1039403		0	1
320	320	20210521	2021-05-21 11:22:10.000	6	2	39102.099999999999	1039611		0	1
321	321	20210529	2021-05-29 15:54:13.000	6	2	39103.5	1039477		0	1
322	322	20210709	2021-07-09 10:57:59.000	6	2	39103.699999999997	1043194		0	1
323	323	20210118	2021-01-18 10:50:30.000	6	2	39104.800000000003	1038280		0	1
324	324	20191231	2019-12-31 08:55:41.000	6	2	39105.0	1026349		0	1
325	325	20200128	2020-01-28 13:56:41.000	6	2	39105.0	1028595		0	1
326	326	20210117	2021-01-17 07:49:28.000	6	2	39105.800000000003	1039098		0	1
327	327	20210707	2021-07-07 09:33:04.000	6	2	39105.900000000001	1042928		0	1
328	328	20210118	2021-01-18 09:45:47.000	6	2	39106.400000000001	1038282		0	1
329	329	20210708	2021-07-08 11:34:08.000	6	2	39106.5	1043068		0	1
330	330	20210411	2021-04-11 10:43:36.000	6	2	39106.800000000003	1039023		0	1
331	331	20210512	2021-05-12 10:59:54.000	6	2	39107.0	1039915		0	1
332	332	20210104	2021-01-04 10:23:13.000	6	2	39107.300000000003	1037407		0	1
333	333	20200216	2020-02-16 12:42:37.000	6	2	39107.5	1031863		0	1
334	334	20200216	2020-02-16 12:42:37.000	6	2	39107.5	1031865		0	1
335	335	20210621	2021-06-21 11:25:58.000	6	2	39108.300000000003	1039953		0	1
336	336	20210416	2021-04-16 10:13:36.000	6	2	39108.699999999997	1039291		0	1
337	337	20210304	2021-03-04 08:51:04.000	6	2	39110.599999999999	1038848		0	1
338	338	20210408	2021-04-08 10:44:17.000	6	2	39110.599999999999	1039796		0	1
339	339	20210117	2021-01-17 11:12:23.000	6	2	39112.099999999999	1039092		0	1
340	340	20201114	2020-11-14 08:14:08.000	6	2	39112.300000000003	1037208		0	1
341	341	20210102	2021-01-02 09:38:56.000	6	2	39112.599999999999	1037396		0	1
342	342	20210708	2021-07-08 09:27:09.000	6	2	39112.599999999999	1043072		0	1
343	343	20200427	2020-04-27 10:42:54.000	6	2	39112.800000000003	1030724		0	1
344	344	20210615	2021-06-15 09:45:18.000	6	2	39113.099999999999	1039603		0	1
345	345	20200207	2020-02-07 12:01:12.000	6	2	39113.400000000001	1031196		0	1
346	346	20210421	2021-04-21 11:03:43.000	6	2	39113.400000000001	1039262		0	1
347	347	20210408	2021-04-08 09:38:39.000	6	2	39114.199999999997	1039798		0	1
348	348	20201130	2020-11-30 08:57:49.000	6	2	39114.699999999997	1037502		0	1
349	349	20210612	2021-06-12 10:45:11.000	6	2	39115.800000000003	1039905		0	1
350	350	20210604	2021-06-04 10:19:40.000	6	2	39116.400000000001	1039972		0	1
351	351	20210507	2021-05-07 09:13:17.000	6	2	39116.5	1039361		0	1
352	352	20200225	2020-02-25 11:33:26.000	6	2	39117.400000000001	1025403		0	1
353	353	20200516	2020-05-16 10:45:07.000	6	2	39117.800000000003	1035282		0	1
354	354	20210609	2021-06-09 10:18:52.000	6	2	39118.699999999997	1039729		0	1
355	355	20210527	2021-05-27 11:23:39.000	6	2	39120.199999999997	1039589		0	1
356	356	20201204	2020-12-04 07:58:29.000	6	2	39121.0	1037535		0	1
357	357	20210304	2021-03-04 11:52:04.000	6	2	39121.0	1038842		0	1
358	358	20210527	2021-05-27 12:33:13.000	6	2	39121.0	1039587		0	1
359	359	20210704	2021-07-04 09:37:58.000	6	2	39121.300000000003	1039873		0	1
360	360	20200508	2020-05-08 13:41:11.000	6	2	39121.400000000001	1033385		0	1
361	361	20201212	2020-12-12 11:06:18.000	6	2	39121.400000000001	1037222		0	1
362	362	20210420	2021-04-20 10:40:24.000	6	2	39122.199999999997	1039033		0	1
363	363	20191208	2019-12-08 10:16:05.000	6	2	39122.300000000003	1022278		0	1
364	364	20201220	2020-12-20 08:37:40.000	6	2	39122.699999999997	1038211		0	1
365	365	20210117	2021-01-17 08:56:51.000	6	2	39123.0	1039096		0	1
366	366	20210505	2021-05-05 08:24:35.000	6	2	39124.099999999999	1039619		0	1
367	367	20210514	2021-05-14 11:02:30.000	6	2	39124.199999999997	1039488		0	1
368	368	20210517	2021-05-17 10:24:28.000	6	2	39124.5	1039766		0	1
369	369	20210519	2021-05-19 09:48:09.000	6	2	39125.400000000001	1039784		0	1
370	370	20210702	2021-07-02 10:46:40.000	6	2	39125.400000000001	1039895		0	1
371	371	20210509	2021-05-09 10:48:05.000	6	2	39125.900000000001	1039297		0	1
372	372	20210519	2021-05-19 12:25:22.000	6	2	39126.400000000001	1039780		0	1
373	373	20210526	2021-05-26 13:21:51.000	6	2	39126.5	1039581		0	1
374	374	20210628	2021-06-28 10:21:31.000	6	2	39126.599999999999	1040078		0	1
375	375	20201117	2020-11-17 10:41:57.000	6	2	39127.199999999997	1037140		0	1
376	376	20210106	2021-01-06 10:36:15.000	6	2	39127.400000000001	1038220		0	1
377	377	20210110	2021-01-10 09:39:22.000	6	2	39128.400000000001	1037858		0	1
378	378	20210108	2021-01-08 12:22:41.000	6	2	39128.800000000003	1037848		0	1
379	379	20210111	2021-01-11 12:22:37.000	6	2	39128.800000000003	1037865		0	1
380	380	20210106	2021-01-06 09:35:00.000	6	2	39129.300000000003	1038222		0	1
381	381	20210115	2021-01-15 09:19:44.000	6	2	39129.5	1037898		0	1
382	382	20210709	2021-07-09 09:47:11.000	6	2	39130.300000000003	1043165		0	1
383	383	20210707	2021-07-07 10:36:43.000	6	2	39131.099999999999	1042926		0	1
384	384	20210107	2021-01-07 11:44:04.000	6	2	39131.699999999997	1038226		0	1
385	385	20210203	2021-02-03 13:39:05.000	6	2	39131.699999999997	1038633		0	1
386	386	20191206	2019-12-06 10:37:06.000	6	2	39132.5	1022252		0	1
387	387	20210116	2021-01-16 11:20:48.000	6	2	39133.0	1037902		0	1
388	388	20191201	2019-12-01 10:53:40.000	6	2	39134.199999999997	1021380		0	1
389	389	20201021	2020-10-21 10:09:22.000	6	2	39134.400000000001	1035937		0	1
390	390	20210115	2021-01-15 10:24:44.000	6	2	39134.5	1037896		0	1
391	391	20210606	2021-06-06 09:31:38.000	6	2	39134.699999999997	1039509		0	1
392	392	20210325	2021-03-25 16:04:53.000	6	2	39134.800000000003	1038867		0	1
393	393	20200222	2020-02-22 14:14:44.000	6	2	39135.300000000003	1027832		0	1
394	394	20210602	2021-06-02 10:18:43.000	6	2	39135.400000000001	1039441		0	1
395	395	20210620	2021-06-20 08:59:07.000	6	2	39135.5	1040072		0	1
396	396	20191228	2019-12-28 09:49:22.000	6	2	39136.199999999997	1026328		0	1
397	397	20210111	2021-01-11 10:14:13.000	6	2	39136.599999999999	1037869		0	1
398	398	20210508	2021-05-08 10:31:14.000	6	2	39136.599999999999	1039368		0	1
399	399	20210612	2021-06-12 08:47:07.000	6	2	39137.599999999999	1039909		0	1
400	400	20210108	2021-01-08 11:18:37.000	6	2	39137.699999999997	1037850		0	1
401	401	20210109	2021-01-09 08:32:44.000	6	2	39138.599999999999	1037852		0	1
402	402	20210422	2021-04-22 09:06:27.000	6	2	39139.300000000003	1039461		0	1
403	403	20201013	2020-10-13 12:44:21.000	6	2	39140.199999999997	1038821		0	1
404	404	20210221	2021-02-21 08:49:27.000	6	2	39140.900000000001	1038319		0	1
405	405	20210604	2021-06-04 09:24:06.000	6	2	39141.0	1039974		0	1
406	406	20210709	2021-07-09 08:41:35.000	6	2	39141.0	1043167		0	1
407	407	20200426	2020-04-26 12:31:09.000	6	2	39142.199999999997	1030718		0	1
408	408	20200211	2020-02-11 14:57:32.000	6	2	39142.400000000001	1031223		0	1
409	409	20201219	2020-12-19 07:58:27.000	6	2	39142.5	1038205		0	1
410	410	20210111	2021-01-11 13:28:23.000	6	2	39142.800000000003	1037863		0	1
411	411	20210626	2021-06-26 14:26:44.000	6	2	39143.099999999999	1040092		0	1
412	412	20210405	2021-04-05 10:42:24.000	6	2	39143.300000000003	1038949		0	1
413	413	20210522	2021-05-22 08:08:50.000	6	2	39143.699999999997	1039503		0	1
414	414	20201122	2020-11-22 09:48:32.000	6	2	39144.0	1040004		0	1
415	415	20210102	2021-01-02 11:39:32.000	6	2	39144.699999999997	1037392		0	1
416	416	20210425	2021-04-25 10:34:47.000	6	2	39145.0	1039839		0	1
417	417	20201212	2020-12-12 14:08:21.000	6	2	39145.699999999997	1037980		0	1
418	418	20210605	2021-06-05 11:22:41.000	6	2	39145.699999999997	1039976		0	1
419	419	20210621	2021-06-21 10:19:44.000	6	2	39146.400000000001	1039955		0	1
420	420	20210103	2021-01-03 11:38:55.000	6	2	39146.800000000003	1037400		0	1
421	421	20210428	2021-04-28 09:48:34.000	6	2	39147.0	1039260		0	1
422	422	20210616	2021-06-16 10:42:04.000	6	2	39147.400000000001	1040047		0	1
423	423	20201202	2020-12-02 09:55:16.000	6	2	39148.699999999997	1037510		0	1
424	424	20201106	2020-11-06 08:10:09.000	6	2	39149.300000000003	1037167		0	1
425	425	20210430	2021-04-30 09:18:11.000	6	2	39150.199999999997	1039332		0	1
426	426	20210708	2021-07-08 12:35:44.000	6	2	39150.199999999997	1043066		0	1
427	427	20210514	2021-05-14 09:52:50.000	6	2	39151.199999999997	1039490		0	1
428	428	20210423	2021-04-23 10:18:01.000	6	2	39152.199999999997	1039392		0	1
429	429	20210521	2021-05-21 12:30:19.000	6	2	39153.599999999999	1039609		0	1
430	430	20210527	2021-05-27 10:08:07.000	6	2	39154.199999999997	1039591		0	1
431	431	20200510	2020-05-10 10:44:28.000	6	2	39155.300000000003	1033396		0	1
432	432	20210321	2021-03-21 09:01:12.000	6	2	39155.900000000001	1038999		0	1
433	433	20210503	2021-05-03 08:49:20.000	6	2	39156.300000000003	1039815		0	1
434	434	20210507	2021-05-07 10:19:09.000	6	2	39156.400000000001	1039359		0	1
435	435	20210609	2021-06-09 09:20:56.000	6	2	39156.400000000001	1039731		0	1
436	436	20200518	2020-05-18 10:35:07.000	6	2	39156.900000000001	1035296		0	1
437	437	20201031	2020-10-31 08:40:28.000	6	2	39157.300000000003	1036436		0	1
438	438	20210511	2021-05-11 12:38:05.000	6	2	39157.599999999999	1039599		0	1
439	439	20201022	2020-10-22 11:32:44.000	6	2	39157.699999999997	1035945		0	1
440	440	20210106	2021-01-06 11:39:35.000	6	2	39157.800000000003	1038218		0	1
441	441	20210619	2021-06-19 10:49:19.000	6	2	39158.5	1040062		0	1
442	442	20210104	2021-01-04 11:36:51.000	6	2	39158.699999999997	1037405		0	1
443	443	20201206	2020-12-06 09:07:02.000	6	2	39159.300000000003	1037545		0	1
444	444	20200504	2020-05-04 11:02:19.000	6	2	39159.800000000003	1029102		0	1
445	445	20200126	2020-01-26 12:15:03.000	6	2	39159.900000000001	1027940		0	1
446	446	20210620	2021-06-20 07:58:31.000	6	2	39160.199999999997	1040068		0	1
447	447	20210523	2021-05-23 10:46:24.000	6	2	39161.800000000003	1039384		0	1
448	448	20210107	2021-01-07 12:56:19.000	6	2	39162.099999999999	1038224		0	1
449	449	20210627	2021-06-27 08:27:49.000	6	2	39162.099999999999	1040096		0	1
450	450	20210608	2021-06-08 10:39:43.000	6	2	39162.599999999999	1039949		0	1
451	451	20210421	2021-04-21 12:15:54.000	6	2	39162.900000000001	1039141		0	1
452	452	20201022	2020-10-22 10:30:27.000	6	2	39163.300000000003	1035947		0	1
453	453	20210619	2021-06-19 09:47:38.000	6	2	39163.599999999999	1040064		0	1
454	454	20210514	2021-05-14 12:12:22.000	6	2	39164.099999999999	1039486		0	1
455	455	20210621	2021-06-21 09:19:25.000	6	2	39164.400000000001	1039957		0	1
456	456	20210607	2021-06-07 10:01:21.000	6	2	39164.699999999997	1039721		0	1
457	457	20210617	2021-06-17 11:05:02.000	6	2	39164.800000000003	1039745		0	1
458	458	20210420	2021-04-20 11:47:22.000	6	2	39164.900000000001	1039031		0	1
459	459	20200215	2020-02-15 13:16:10.000	6	2	39166.300000000003	1031859		0	1
460	460	20210430	2021-04-30 10:26:50.000	6	2	39166.599999999999	1039330		0	1
461	461	20200107	2020-01-07 12:14:01.000	6	2	39167.800000000003	1026389		0	1
462	462	20210424	2021-04-24 10:27:01.000	6	2	39168.900000000001	1039399		0	1
463	463	20201102	2020-11-02 10:18:58.000	6	2	39169.5	1036840		0	1
464	464	20210609	2021-06-09 12:24:21.000	6	2	39169.599999999999	1039733		0	1
465	465	20210320	2021-03-20 11:12:04.000	6	2	39170.199999999997	1038983		0	1
466	466	20210415	2021-04-15 11:29:23.000	6	2	39171.099999999999	1039272		0	1
467	467	20210523	2021-05-23 09:37:59.000	6	2	39171.300000000003	1039386		0	1
468	468	20210707	2021-07-07 11:42:54.000	6	2	39171.400000000001	1042924		0	1
469	469	20210114	2021-01-14 11:51:05.000	6	2	39172.099999999999	1037892		0	1
470	470	20210222	2021-02-22 11:33:22.000	6	2	39172.5	1038327		0	1
471	471	20210107	2021-01-07 10:44:00.000	6	2	39172.800000000003	1038228		0	1
472	472	20210706	2021-07-06 13:07:30.000	6	2	39173.300000000003	1042814		0	1
473	473	20210413	2021-04-13 13:29:16.000	6	2	39173.599999999999	1039282		0	1
474	474	20210404	2021-04-04 09:09:20.000	6	2	39173.900000000001	1038935		0	1
475	475	20210703	2021-07-03 10:00:18.000	6	2	39174.199999999997	1039867		0	1
476	476	20210428	2021-04-28 08:40:58.000	6	2	39174.599999999999	1039450		0	1
477	477	20210604	2021-06-04 11:22:49.000	6	2	39174.699999999997	1039970		0	1
478	478	20210329	2021-03-29 15:43:03.000	6	2	39175.0	1038904		0	1
479	479	20210222	2021-02-22 09:17:23.000	6	2	39175.5	1038331		0	1
480	480	20210424	2021-04-24 09:18:05.000	6	2	39175.699999999997	1039401		0	1
481	481	20210627	2021-06-27 10:35:57.000	6	2	39176.5	1040100		0	1
482	482	20200113	2020-01-13 09:06:50.000	6	2	39177.599999999999	1027215		0	1
483	483	20210611	2021-06-11 09:47:39.000	6	2	39177.599999999999	1039903		0	1
484	484	20210422	2021-04-22 11:43:21.000	6	2	39177.800000000003	1039457		0	1
485	485	20210523	2021-05-23 12:15:42.000	6	2	39177.800000000003	1039753		0	1
486	486	20210507	2021-05-07 08:06:42.000	6	2	39179.400000000001	1039363		0	1
487	487	20201116	2020-11-16 13:39:44.000	6	2	39179.800000000003	1037134		0	1
488	488	20210705	2021-07-05 12:28:12.000	6	2	39180.400000000001	1039876		0	1
489	489	20210118	2021-01-18 08:47:52.000	6	2	39180.599999999999	1038284		0	1
490	490	20210624	2021-06-24 09:00:28.000	6	2	39181.199999999997	1039934		0	1
491	491	20210530	2021-05-30 08:37:25.000	6	2	39184.300000000003	1039632		0	1
492	492	20210502	2021-05-02 10:39:14.000	6	2	39184.699999999997	1039811		0	1
493	493	20200216	2020-02-16 10:43:01.000	6	2	39184.800000000003	1031871		0	1
494	494	20200511	2020-05-11 12:07:20.000	6	2	39185.0	1033406		0	1
495	495	20210515	2021-05-15 11:16:00.000	6	2	39185.199999999997	1039495		0	1
496	496	20210528	2021-05-28 14:19:50.000	6	2	39185.199999999997	1039475		0	1
497	497	20210628	2021-06-28 09:17:20.000	6	2	39185.599999999999	1040080		0	1
498	498	20210426	2021-04-26 11:10:42.000	6	2	39186.0	1039246		0	1
499	499	20200201	2020-02-01 14:07:28.000	6	2	39186.400000000001	1028989		0	1
500	500	20210705	2021-07-05 10:21:37.000	6	2	39186.699999999997	1039880		0	1
501	501	20210529	2021-05-29 14:41:37.000	6	2	39186.800000000003	1039479		0	1
502	502	20210705	2021-07-05 09:22:35.000	6	2	39187.400000000001	1039882		0	1
503	503	20210518	2021-05-18 09:52:24.000	6	2	39187.900000000001	1039772		0	1
504	504	20210618	2021-06-18 10:31:13.000	6	2	39188.099999999999	1040055		0	1
505	505	20210703	2021-07-03 12:04:52.000	6	2	39188.5	1039863		0	1
506	506	20200505	2020-05-05 11:08:27.000	6	2	39188.800000000003	1029112		0	1
507	507	20210101	2021-01-01 10:39:56.000	6	2	39189.800000000003	1037386		0	1
508	508	20210522	2021-05-22 09:21:35.000	6	2	39190.0	1039501		0	1
509	509	20210624	2021-06-24 10:12:05.000	6	2	39190.099999999999	1039932		0	1
510	510	20210422	2021-04-22 10:32:11.000	6	2	39190.699999999997	1039459		0	1
511	511	20210220	2021-02-20 08:17:52.000	6	2	39191.0	1038313		0	1
512	512	20210105	2021-01-05 09:34:42.000	6	2	39191.400000000001	1037421		0	1
513	513	20210105	2021-01-05 10:38:19.000	6	2	39191.800000000003	1037419		0	1
514	514	20210113	2021-01-13 13:47:38.000	6	2	39192.099999999999	1037881		0	1
515	515	20210320	2021-03-20 10:12:29.000	6	2	39192.900000000001	1038985		0	1
516	516	20210615	2021-06-15 12:12:55.000	6	2	39193.199999999997	1039605		0	1
517	517	20210303	2021-03-03 09:25:45.000	6	2	39193.300000000003	1038701		0	1
518	518	20210417	2021-04-17 09:52:33.000	6	2	39194.300000000003	1039326		0	1
519	519	20200206	2020-02-06 12:31:40.000	6	2	39194.400000000001	1029031		0	1
520	520	20210603	2021-06-03 12:07:23.000	6	2	39194.400000000001	1039964		0	1
521	521	20200105	2020-01-05 13:25:02.000	6	2	39194.599999999999	1026376		0	1
522	522	20210620	2021-06-20 10:04:26.000	6	2	39195.0	1040070		0	1
523	523	20210518	2021-05-18 15:17:18.000	6	2	39195.400000000001	1039776		0	1
524	524	20210220	2021-02-20 09:24:47.000	6	2	39196.699999999997	1038311		0	1
525	525	20210622	2021-06-22 10:17:14.000	6	2	39198.199999999997	1039923		0	1
526	526	20210418	2021-04-18 13:40:05.000	6	2	39199.099999999999	1039411		0	1
527	527	20210601	2021-06-01 12:26:11.000	6	2	39199.099999999999	1039429		0	1
528	528	20210429	2021-04-29 11:12:19.000	6	2	39199.199999999997	1039342		0	1
529	529	20210102	2021-01-02 12:43:21.000	6	2	39199.400000000001	1037390		0	1
530	530	20210708	2021-07-08 10:31:03.000	6	2	39199.800000000003	1043070		0	1
531	531	20200514	2020-05-14 11:39:42.000	6	2	39200.199999999997	1028522		0	1
532	532	20210627	2021-06-27 11:37:27.000	6	2	39201.199999999997	1040098		0	1
533	533	20210516	2021-05-16 10:00:46.000	6	2	39201.599999999999	1039790		0	1
534	534	20201021	2020-10-21 17:37:26.000	6	2	39202.599999999999	1035941		0	1
535	535	20210423	2021-04-23 09:07:15.000	6	2	39202.699999999997	1039394		0	1
536	536	20201226	2020-12-26 08:46:00.000	6	2	39203.400000000001	1037490		0	1
537	537	20191222	2019-12-22 08:04:40.000	6	2	39203.800000000003	1026283		0	1
538	538	20210131	2021-01-31 09:29:46.000	6	2	39203.800000000003	1038608		0	1
539	539	20200120	2020-01-20 12:40:03.000	6	2	39204.300000000003	1028542		0	1
540	540	20210629	2021-06-29 10:39:53.000	6	2	39204.599999999999	1040086		0	1
541	541	20201124	2020-11-24 11:26:46.000	6	2	39204.699999999997	1040021		0	1
542	542	20210616	2021-06-16 08:39:39.000	6	2	39207.599999999999	1040051		0	1
543	543	20210227	2021-02-27 13:23:20.000	6	2	39207.900000000001	1038667		0	1
544	544	20210629	2021-06-29 11:43:08.000	6	2	39208.599999999999	1040084		0	1
545	545	20200516	2020-05-16 11:44:33.000	6	2	39208.900000000001	1035280		0	1
546	546	20210617	2021-06-17 10:09:41.000	6	2	39209.199999999997	1039747		0	1
547	547	20210405	2021-04-05 09:40:41.000	6	2	39210.5	1038951		0	1
548	548	20210516	2021-05-16 11:07:51.000	6	2	39210.800000000003	1039788		0	1
549	549	20201120	2020-11-20 08:15:22.000	6	2	39210.900000000001	1039992		0	1
550	550	20210429	2021-04-29 09:57:43.000	6	2	39211.099999999999	1039344		0	1
551	551	20210601	2021-06-01 09:32:54.000	6	2	39211.199999999997	1039435		0	1
552	552	20210511	2021-05-11 13:46:04.000	6	2	39212.199999999997	1039597		0	1
553	553	20191203	2019-12-03 10:37:22.000	6	2	39212.599999999999	1021403		0	1
554	554	20210104	2021-01-04 13:29:04.000	6	2	39215.400000000001	1037411		0	1
555	555	20210512	2021-05-12 13:34:34.000	6	2	39215.699999999997	1039911		0	1
556	556	20210619	2021-06-19 13:59:03.000	6	2	39215.699999999997	1040066		0	1
557	557	20210618	2021-06-18 11:29:39.000	6	2	39215.900000000001	1040053		0	1
558	558	20210626	2021-06-26 11:30:14.000	6	2	39217.300000000003	1040090		0	1
559	559	20210228	2021-02-28 08:15:17.000	6	2	39217.599999999999	1038673		0	1
560	560	20210105	2021-01-05 12:39:31.000	6	2	39217.800000000003	1037415		0	1
561	561	20210125	2021-01-25 12:24:15.000	6	2	39218.5	1038264		0	1
562	562	20200114	2020-01-14 09:08:00.000	6	2	39219.0	1027201		0	1
563	563	20201013	2020-10-13 10:25:52.000	6	2	39219.5	1038819		0	1
564	564	20210702	2021-07-02 14:32:46.000	6	2	39220.0	1039897		0	1
565	565	20210123	2021-01-23 10:52:11.000	6	2	39220.5	1038236		0	1
566	566	20210222	2021-02-22 10:26:53.000	6	2	39221.300000000003	1038329		0	1
567	567	20200516	2020-05-16 09:44:00.000	6	2	39221.699999999997	1035284		0	1
568	568	20210210	2021-02-10 11:10:24.000	6	2	39222.599999999999	1038540		0	1
569	569	20210405	2021-04-05 11:45:40.000	6	2	39222.699999999997	1038947		0	1
570	570	20210603	2021-06-03 11:11:11.000	6	2	39222.900000000001	1039966		0	1
571	571	20191214	2019-12-14 09:43:48.000	6	2	39223.199999999997	1023136		0	1
572	572	20201025	2020-10-25 13:51:14.000	6	2	39225.699999999997	1035979		0	1
573	573	20210104	2021-01-04 14:31:27.000	6	2	39226.300000000003	1037409		0	1
574	574	20210113	2021-01-13 11:16:11.000	6	2	39227.800000000003	1037877		0	1
575	575	20201117	2020-11-17 09:39:37.000	6	2	39228.699999999997	1037142		0	1
576	576	20210111	2021-01-11 11:17:35.000	6	2	39229.099999999999	1037867		0	1
577	577	20210625	2021-06-25 14:02:35.000	6	2	39232.199999999997	1039937		0	1
578	578	20210601	2021-06-01 10:32:46.000	6	2	39232.400000000001	1039433		0	1
579	579	20201221	2020-12-21 12:14:08.000	6	2	39232.599999999999	1037286		0	1
580	580	20210409	2021-04-09 10:10:02.000	6	2	39233.099999999999	1039802		0	1
581	581	20191222	2019-12-22 10:54:24.000	6	2	39233.800000000003	1026277		0	1
582	582	20210628	2021-06-28 11:23:01.000	6	2	39233.900000000001	1040076		0	1
583	583	20210406	2021-04-06 15:19:26.000	6	2	39234.599999999999	1038957		0	1
584	584	20210516	2021-05-16 08:55:11.000	6	2	39234.699999999997	1039792		0	1
585	585	20210114	2021-01-14 10:14:45.000	6	2	39234.900000000001	1037894		0	1
586	586	20210330	2021-03-30 11:32:12.000	6	2	39235.599999999999	1039849		0	1
587	587	20201221	2020-12-21 10:15:03.000	6	2	39237.099999999999	1037290		0	1
588	588	20210203	2021-02-03 09:41:11.000	6	2	39237.699999999997	1038627		0	1
589	589	20210414	2021-04-14 10:58:11.000	6	2	39238.300000000003	1039268		0	1
590	590	20210618	2021-06-18 09:28:04.000	6	2	39238.5	1040057		0	1
591	591	20201106	2020-11-06 06:09:37.000	6	2	39238.900000000001	1037171		0	1
592	592	20210105	2021-01-05 13:50:58.000	6	2	39239.199999999997	1037413		0	1
593	593	20210613	2021-06-13 12:11:21.000	6	2	39239.400000000001	1039988		0	1
594	594	20210416	2021-04-16 08:53:52.000	6	2	39240.599999999999	1039293		0	1
595	595	20210528	2021-05-28 11:46:37.000	6	2	39240.599999999999	1039467		0	1
596	596	20201106	2020-11-06 07:10:24.000	6	2	39241.0	1037169		0	1
597	597	20210331	2021-03-31 09:16:07.000	6	2	39241.5	1039857		0	1
598	598	20210623	2021-06-23 09:27:14.000	6	2	39243.400000000001	1039928		0	1
599	599	20210220	2021-02-20 11:35:03.000	6	2	39243.5	1038307		0	1
600	600	20210505	2021-05-05 15:12:34.000	6	2	39244.400000000001	1039622		0	1
601	601	20201030	2020-10-30 12:17:04.000	6	2	39244.800000000003	1036903		0	1
602	602	20210624	2021-06-24 12:28:53.000	6	2	39244.900000000001	1039643		0	1
603	603	20210404	2021-04-04 08:05:55.000	6	2	39246.300000000003	1038937		0	1
604	604	20210602	2021-06-02 11:14:11.000	6	2	39246.300000000003	1039439		0	1
605	605	20201117	2020-11-17 16:50:54.000	6	2	39247.0	1037146		0	1
606	606	20201206	2020-12-06 10:08:30.000	6	2	39247.5	1037543		0	1
607	607	20210624	2021-06-24 11:25:08.000	6	2	39247.599999999999	1039645		0	1
608	608	20210113	2021-01-13 10:16:29.000	6	2	39248.800000000003	1037879		0	1
609	609	20210524	2021-05-24 11:51:09.000	6	2	39249.400000000001	1039762		0	1
610	610	20191204	2019-12-04 12:10:32.000	6	2	39250.800000000003	1021408		0	1
611	611	20191226	2019-12-26 09:00:44.000	6	2	39251.0	1026314		0	1
612	612	20210630	2021-06-30 15:20:07.000	6	2	39252.099999999999	1039893		0	1
613	613	20210307	2021-03-07 10:23:54.000	6	2	39252.300000000003	1039165		0	1
614	614	20210611	2021-06-11 11:47:27.000	6	2	39252.300000000003	1039448		0	1
615	615	20201011	2020-10-11 10:47:19.000	6	2	39252.900000000001	1038795		0	1
616	616	20210610	2021-06-10 10:24:41.000	6	2	39253.0	1039739		0	1
617	617	20210613	2021-06-13 14:11:54.000	6	2	39254.599999999999	1039984		0	1
618	618	20210112	2021-01-12 11:03:33.000	6	2	39254.900000000001	1037873		0	1
619	619	20201206	2020-12-06 08:05:51.000	6	2	39255.300000000003	1037547		0	1
620	620	20210616	2021-06-16 09:42:52.000	6	2	39255.400000000001	1040049		0	1
621	621	20201207	2020-12-07 09:07:10.000	6	2	39256.099999999999	1037551		0	1
622	622	20210321	2021-03-21 13:57:28.000	6	2	39257.099999999999	1039001		0	1
623	623	20210227	2021-02-27 09:20:01.000	6	2	39257.5	1038661		0	1
624	624	20210308	2021-03-08 10:25:54.000	6	2	39257.699999999997	1039177		0	1
625	625	20200509	2020-05-09 09:39:09.000	6	2	39258.099999999999	1033392		0	1
626	626	20210224	2021-02-24 14:15:37.000	6	2	39259.400000000001	1038650		0	1
627	627	20210703	2021-07-03 11:00:53.000	6	2	39259.5	1039865		0	1
628	628	20210608	2021-06-08 09:40:05.000	6	2	39259.699999999997	1039951		0	1
629	629	20210515	2021-05-15 12:24:16.000	6	2	39261.599999999999	1039493		0	1
630	630	20210401	2021-04-01 10:13:56.000	6	2	39262.400000000001	1038913		0	1
631	631	20210402	2021-04-02 08:54:36.000	6	2	39264.099999999999	1038919		0	1
632	632	20210208	2021-02-08 09:55:59.000	6	2	39266.800000000003	1038532		0	1
633	633	20210320	2021-03-20 12:10:40.000	6	2	39267.0	1038981		0	1
634	634	20210320	2021-03-20 12:10:40.000	6	2	39267.0	1038987		0	1
635	635	20210612	2021-06-12 09:43:29.000	6	2	39267.699999999997	1039907		0	1
636	636	20210207	2021-02-07 09:38:25.000	6	2	39268.599999999999	1038344		0	1
637	637	20201106	2020-11-06 09:09:51.000	6	2	39269.400000000001	1037165		0	1
638	638	20210614	2021-06-14 10:00:25.000	6	2	39271.0	1040040		0	1
639	639	20201206	2020-12-06 11:13:14.000	6	2	39272.099999999999	1037541		0	1
640	640	20201014	2020-10-14 10:24:17.000	6	2	39272.800000000003	1038908		0	1
641	641	20210323	2021-03-23 10:45:16.000	6	2	39273.199999999997	1038851		0	1
642	642	20210127	2021-01-27 11:44:51.000	6	2	39274.900000000001	1038578		0	1
643	643	20210428	2021-04-28 15:29:13.000	6	2	39275.900000000001	1039455		0	1
644	644	20210605	2021-06-05 10:23:30.000	6	2	39276.300000000003	1039978		0	1
645	645	20201101	2020-11-01 07:06:47.000	6	2	39277.400000000001	1036826		0	1
646	646	20210105	2021-01-05 11:39:54.000	6	2	39279.400000000001	1037417		0	1
647	647	20201215	2020-12-15 16:10:11.000	6	2	39280.900000000001	1038176		0	1
648	648	20210202	2021-02-02 11:38:05.000	6	2	39281.099999999999	1038621		0	1
649	649	20201203	2020-12-03 09:29:21.000	6	2	39283.199999999997	1037524		0	1
650	650	20210705	2021-07-05 11:28:04.000	6	2	39287.400000000001	1039878		0	1
651	651	20210625	2021-06-25 11:20:55.000	6	2	39287.800000000003	1039943		0	1
652	652	20201216	2020-12-16 10:46:33.000	6	2	39288.199999999997	1038178		0	1
653	653	20210613	2021-06-13 13:10:58.000	6	2	39290.199999999997	1039986		0	1
654	654	20201203	2020-12-03 10:26:29.000	6	2	39290.599999999999	1037522		0	1
655	655	20210307	2021-03-07 09:29:49.000	6	2	39291.900000000001	1039167		0	1
656	656	20210415	2021-04-15 12:34:49.000	6	2	39292.5	1039270		0	1
657	657	20210421	2021-04-21 08:54:01.000	6	2	39294.5	1039390		0	1
658	658	20210330	2021-03-30 14:42:07.000	6	2	39294.699999999997	1039843		0	1
659	659	20210326	2021-03-26 12:12:33.000	6	2	39294.800000000003	1038872		0	1
660	660	20210112	2021-01-12 12:06:24.000	6	2	39295.300000000003	1037875		0	1
661	661	20201009	2020-10-09 14:52:55.000	6	2	39295.599999999999	1038807		0	1
662	662	20210614	2021-06-14 08:59:17.000	6	2	39296.199999999997	1040038		0	1
663	663	20210614	2021-06-14 12:14:11.000	6	2	39296.5	1040043		0	1
664	664	20200226	2020-02-26 10:37:04.000	6	2	39296.699999999997	1025413		0	1
665	665	20210506	2021-05-06 11:08:18.000	6	2	39297.800000000003	1039354		0	1
666	666	20210407	2021-04-07 10:02:51.000	6	2	39298.800000000003	1038967		0	1
667	667	20201231	2020-12-31 11:17:31.000	6	2	39299.199999999997	1037380		0	1
668	668	20210418	2021-04-18 12:26:10.000	6	2	39299.599999999999	1039413		0	1
669	669	20201205	2020-12-05 09:35:47.000	6	2	39299.800000000003	1037539		0	1
670	670	20200112	2020-01-12 09:10:59.000	6	2	39299.900000000001	1027211		0	1
671	671	20210227	2021-02-27 12:05:30.000	6	2	39300.599999999999	1038669		0	1
672	672	20210417	2021-04-17 14:45:24.000	6	2	39300.599999999999	1039328		0	1
673	673	20210407	2021-04-07 11:10:49.000	6	2	39300.800000000003	1038965		0	1
674	674	20201010	2020-10-10 10:02:07.000	6	2	39301.300000000003	1038805		0	1
675	675	20200209	2020-02-09 12:52:50.000	6	2	39302.300000000003	1031208		0	1
676	676	20210323	2021-03-23 09:37:23.000	6	2	39302.400000000001	1038853		0	1
677	677	20201015	2020-10-15 15:25:19.000	6	2	39304.199999999997	1035329		0	1
678	678	20210322	2021-03-22 10:31:16.000	6	2	39304.300000000003	1039003		0	1
679	679	20210630	2021-06-30 11:52:56.000	6	2	39304.300000000003	1039889		0	1
680	680	20201121	2020-11-21 08:51:53.000	6	2	39304.599999999999	1039996		0	1
681	681	20201203	2020-12-03 11:36:33.000	6	2	39305.199999999997	1037520		0	1
682	682	20191225	2019-12-25 10:34:29.000	6	2	39305.599999999999	1026309		0	1
683	683	20210324	2021-03-24 08:41:57.000	6	2	39305.900000000001	1038865		0	1
684	684	20201208	2020-12-08 12:38:03.000	6	2	39306.300000000003	1037556		0	1
685	685	20210424	2021-04-24 11:29:55.000	6	2	39306.699999999997	1039397		0	1
686	686	20210205	2021-02-05 10:43:17.000	6	2	39306.800000000003	1038734		0	1
687	687	20210415	2021-04-15 10:19:24.000	6	2	39307.400000000001	1039274		0	1
688	688	20201104	2020-11-04 11:02:04.000	6	2	39307.599999999999	1037268		0	1
689	689	20210206	2021-02-06 08:56:19.000	6	2	39307.900000000001	1038340		0	1
690	690	20201219	2020-12-19 08:56:24.000	6	2	39308.0	1038203		0	1
691	691	20201015	2020-10-15 10:04:36.000	6	2	39308.300000000003	1035327		0	1
692	692	20210610	2021-06-10 11:36:05.000	6	2	39308.300000000003	1039737		0	1
693	693	20210324	2021-03-24 12:10:45.000	6	2	39308.800000000003	1038859		0	1
694	694	20210626	2021-06-26 12:29:26.000	6	2	39309.0	1040088		0	1
695	695	20210505	2021-05-05 14:05:09.000	6	2	39309.300000000003	1039624		0	1
696	696	20210502	2021-05-02 13:00:25.000	6	2	39309.800000000003	1039807		0	1
697	697	20210418	2021-04-18 10:07:46.000	6	2	39310.699999999997	1039417		0	1
698	698	20210227	2021-02-27 10:42:34.000	6	2	39310.800000000003	1038659		0	1
699	699	20191130	2019-11-30 13:14:08.000	6	2	39311.400000000001	1021373		0	1
700	700	20210411	2021-04-11 08:34:56.000	6	2	39311.800000000003	1039027		0	1
701	701	20201227	2020-12-27 13:50:09.000	6	2	39311.900000000001	1037354		0	1
702	702	20210219	2021-02-19 15:11:57.000	6	2	39312.400000000001	1038303		0	1
703	703	20210301	2021-03-01 11:33:48.000	6	2	39313.300000000003	1038683		0	1
704	704	20210418	2021-04-18 11:13:02.000	6	2	39313.599999999999	1039415		0	1
705	705	20201102	2020-11-02 08:18:25.000	6	2	39313.800000000003	1036844		0	1
706	706	20201217	2020-12-17 14:15:37.000	6	2	39314.099999999999	1038194		0	1
707	707	20201216	2020-12-16 07:36:46.000	6	2	39314.300000000003	1038184		0	1
708	708	20201012	2020-10-12 14:21:41.000	6	2	39315.0	1038791		0	1
709	709	20210614	2021-06-14 11:00:00.000	6	2	39315.5	1040045		0	1
710	710	20210321	2021-03-21 12:44:04.000	6	2	39316.300000000003	1038993		0	1
711	711	20210207	2021-02-07 08:30:23.000	6	2	39318.199999999997	1038346		0	1
712	712	20210223	2021-02-23 09:46:38.000	6	2	39318.900000000001	1038640		0	1
713	713	20210330	2021-03-30 13:36:35.000	6	2	39321.300000000003	1039845		0	1
714	714	20210326	2021-03-26 08:04:28.000	6	2	39321.5	1038880		0	1
715	715	20210528	2021-05-28 09:28:41.000	6	2	39322.599999999999	1039471		0	1
716	716	20210324	2021-03-24 09:50:23.000	6	2	39323.0	1038863		0	1
717	717	20201014	2020-10-14 12:35:23.000	6	2	39323.099999999999	1038836		0	1
718	718	20201214	2020-12-14 11:06:09.000	6	2	39323.199999999997	1037990		0	1
719	719	20210403	2021-04-03 10:59:16.000	6	2	39323.199999999997	1038933		0	1
720	720	20201228	2020-12-28 09:52:14.000	6	2	39323.599999999999	1037358		0	1
721	721	20210318	2021-03-18 12:09:35.000	6	2	39323.900000000001	1038777		0	1
722	722	20210326	2021-03-26 09:04:55.000	6	2	39323.900000000001	1038878		0	1
723	723	20201204	2020-12-04 11:25:46.000	6	2	39325.0	1037527		0	1
724	724	20201025	2020-10-25 11:36:50.000	6	2	39326.400000000001	1035983		0	1
725	725	20210409	2021-04-09 09:09:24.000	6	2	39326.599999999999	1039804		0	1
726	726	20210129	2021-01-29 10:25:32.000	6	2	39327.300000000003	1038596		0	1
727	727	20210403	2021-04-03 14:15:20.000	6	2	39327.400000000001	1038927		0	1
728	728	20210608	2021-06-08 11:33:42.000	6	2	39327.400000000001	1039947		0	1
729	729	20210204	2021-02-04 16:47:54.000	6	2	39327.5	1038724		0	1
730	730	20210318	2021-03-18 10:05:04.000	6	2	39327.900000000001	1038781		0	1
731	731	20210215	2021-02-15 11:14:05.000	6	2	39330.699999999997	1038573		0	1
732	732	20201204	2020-12-04 09:15:48.000	6	2	39331.900000000001	1037531		0	1
733	733	20210202	2021-02-02 16:20:11.000	6	2	39332.099999999999	1038623		0	1
734	734	20201017	2020-10-17 09:21:37.000	6	2	39332.699999999997	1035356		0	1
735	735	20210202	2021-02-02 12:49:58.000	6	2	39332.800000000003	1038619		0	1
736	736	20201216	2020-12-16 08:40:38.000	6	2	39333.5	1038182		0	1
737	737	20210409	2021-04-09 11:31:39.000	6	2	39333.699999999997	1039800		0	1
738	738	20200502	2020-05-02 12:29:07.000	6	2	39334.300000000003	1029086		0	1
739	739	20210318	2021-03-18 08:50:36.000	6	2	39334.699999999997	1038783		0	1
740	740	20210301	2021-03-01 08:37:09.000	6	2	39334.900000000001	1038689		0	1
741	741	20210324	2021-03-24 11:00:06.000	6	2	39335.300000000003	1038861		0	1
742	742	20201124	2020-11-24 09:24:31.000	6	2	39336.400000000001	1040025		0	1
743	743	20201009	2020-10-09 10:24:53.000	6	2	39336.699999999997	1038809		0	1
744	744	20201209	2020-12-09 11:03:50.000	6	2	39336.900000000001	1037563		0	1
745	745	20201208	2020-12-08 11:35:26.000	6	2	39337.0	1037558		0	1
746	746	20210221	2021-02-21 09:54:06.000	6	2	39337.400000000001	1038317		0	1
747	747	20201104	2020-11-04 08:53:58.000	6	2	39338.400000000001	1037266		0	1
748	748	20210228	2021-02-28 09:39:42.000	6	2	39339.400000000001	1038671		0	1
749	749	20201205	2020-12-05 10:35:27.000	6	2	39339.5	1037537		0	1
750	750	20210318	2021-03-18 11:06:38.000	6	2	39339.5	1038779		0	1
751	751	20210203	2021-02-03 14:43:45.000	6	2	39339.800000000003	1038631		0	1
752	752	20201216	2020-12-16 09:46:04.000	6	2	39340.599999999999	1038180		0	1
753	753	20210124	2021-01-24 08:14:24.000	6	2	39341.400000000001	1038250		0	1
754	754	20210208	2021-02-08 11:00:28.000	6	2	39341.5	1038530		0	1
755	755	20200217	2020-02-17 09:04:02.000	6	2	39342.099999999999	1031879		0	1
756	756	20201025	2020-10-25 12:50:19.000	6	2	39343.699999999997	1035981		0	1
757	757	20210406	2021-04-06 14:12:19.000	6	2	39343.900000000001	1038959		0	1
758	758	20210203	2021-02-03 15:49:43.000	6	2	39344.300000000003	1038629		0	1
759	759	20191225	2019-12-25 12:28:43.000	6	2	39344.5	1026305		0	1
760	760	20210201	2021-02-01 11:36:28.000	6	2	39344.599999999999	1038612		0	1
761	761	20210406	2021-04-06 13:10:49.000	6	2	39344.599999999999	1038961		0	1
762	762	20210125	2021-01-25 11:09:50.000	6	2	39345.099999999999	1038266		0	1
763	763	20200513	2020-05-13 11:57:43.000	6	2	39345.199999999997	1028516		0	1
764	764	20210329	2021-03-29 08:39:30.000	6	2	39345.699999999997	1038900		0	1
765	765	20210228	2021-02-28 12:24:46.000	6	2	39346.400000000001	1038675		0	1
766	766	20201017	2020-10-17 10:23:11.000	6	2	39346.5	1035354		0	1
767	767	20201121	2020-11-21 06:51:48.000	6	2	39348.199999999997	1040000		0	1
768	768	20201228	2020-12-28 11:45:34.000	6	2	39348.699999999997	1037360		0	1
769	769	20201011	2020-10-11 09:35:32.000	6	2	39349.099999999999	1038797		0	1
770	770	20201121	2020-11-21 11:02:11.000	6	2	39350.699999999997	1040002		0	1
771	771	20210328	2021-03-28 14:25:17.000	6	2	39351.300000000003	1038892		0	1
772	772	20201102	2020-11-02 12:37:13.000	6	2	39353.199999999997	1036836		0	1
773	773	20201121	2020-11-21 09:53:11.000	6	2	39353.300000000003	1039994		0	1
774	774	20200122	2020-01-22 11:13:43.000	6	2	39353.800000000003	1028555		0	1
775	775	20210322	2021-03-22 16:30:20.000	6	2	39355.199999999997	1039009		0	1
776	776	20201124	2020-11-24 10:24:42.000	6	2	39357.900000000001	1040023		0	1
777	777	20210517	2021-05-17 09:17:12.000	6	2	39357.900000000001	1039768		0	1
778	778	20201207	2020-12-07 10:09:33.000	6	2	39358.0	1037549		0	1
779	779	20201218	2020-12-18 09:07:36.000	6	2	39358.900000000001	1038201		0	1
780	780	20200228	2020-02-28 09:55:16.000	6	2	39359.900000000001	1025432		0	1
781	781	20201209	2020-12-09 10:03:19.000	6	2	39360.0	1037560		0	1
782	782	20210516	2021-05-16 12:14:38.000	6	2	39361.0	1039786		0	1
783	783	20210128	2021-01-28 09:51:49.000	6	2	39361.199999999997	1038584		0	1
784	784	20210216	2021-02-16 09:49:49.000	6	2	39361.300000000003	1039145		0	1
785	785	20210322	2021-03-22 15:29:30.000	6	2	39361.599999999999	1039011		0	1
786	786	20210401	2021-04-01 08:57:41.000	6	2	39361.900000000001	1038915		0	1
787	787	20201104	2020-11-04 12:13:22.000	6	2	39362.0	1037270		0	1
788	788	20210401	2021-04-01 15:59:01.000	6	2	39362.0	1038917		0	1
789	789	20210413	2021-04-13 10:06:12.000	6	2	39362.300000000003	1039288		0	1
790	790	20201129	2020-11-29 08:12:52.000	6	2	39362.599999999999	1036926		0	1
791	791	20210125	2021-01-25 09:56:15.000	6	2	39362.699999999997	1038262		0	1
792	792	20210224	2021-02-24 12:20:53.000	6	2	39363.199999999997	1038644		0	1
793	793	20210205	2021-02-05 12:59:50.000	6	2	39363.300000000003	1038730		0	1
794	794	20210410	2021-04-10 08:26:33.000	6	2	39364.300000000003	1039015		0	1
795	795	20210120	2021-01-20 11:55:47.000	6	2	39364.599999999999	1039109		0	1
796	796	20210311	2021-03-11 08:24:36.000	6	2	39364.900000000001	1039205		0	1
797	797	20201128	2020-11-28 08:57:40.000	6	2	39365.199999999997	1036916		0	1
798	798	20201128	2020-11-28 08:57:40.000	6	2	39365.199999999997	1036918		0	1
799	799	20201023	2020-10-23 09:50:18.000	6	2	39365.699999999997	1035961		0	1
800	800	20210223	2021-02-23 08:39:51.000	6	2	39365.699999999997	1038336		0	1
801	801	20210328	2021-03-28 11:57:57.000	6	2	39365.800000000003	1038896		0	1
802	802	20210326	2021-03-26 10:03:34.000	6	2	39366.099999999999	1038876		0	1
803	803	20210615	2021-06-15 10:58:54.000	6	2	39367.699999999997	1039607		0	1
804	804	20210201	2021-02-01 09:03:37.000	6	2	39368.0	1038616		0	1
805	805	20210131	2021-01-31 10:32:55.000	6	2	39368.099999999999	1038606		0	1
806	806	20201129	2020-11-29 09:17:03.000	6	2	39368.599999999999	1036924		0	1
807	807	20201104	2020-11-04 09:56:13.000	6	2	39368.699999999997	1037264		0	1
808	808	20210329	2021-03-29 17:01:10.000	6	2	39369.599999999999	1038902		0	1
809	809	20201217	2020-12-17 09:32:25.000	6	2	39369.699999999997	1038192		0	1
810	810	20210129	2021-01-29 12:26:10.000	6	2	39370.400000000001	1038592		0	1
811	811	20201214	2020-12-14 10:02:59.000	6	2	39370.900000000001	1037992		0	1
812	812	20210210	2021-02-10 12:18:26.000	6	2	39371.0	1038538		0	1
813	813	20210617	2021-06-17 14:10:34.000	6	2	39371.400000000001	1039749		0	1
814	814	20210211	2021-02-11 13:42:08.000	6	2	39371.800000000003	1038549		0	1
815	815	20210403	2021-04-03 12:03:46.000	6	2	39372.099999999999	1038931		0	1
816	816	20200104	2020-01-04 08:24:03.000	6	2	39372.699999999997	1026371		0	1
817	817	20201215	2020-12-15 17:08:11.000	6	2	39372.699999999997	1037998		0	1
818	818	20210213	2021-02-13 08:43:41.000	6	2	39372.800000000003	1038561		0	1
819	819	20201118	2020-11-18 08:07:51.000	6	2	39373.099999999999	1037150		0	1
820	820	20210103	2021-01-03 12:42:03.000	6	2	39373.099999999999	1037398		0	1
821	821	20201022	2020-10-22 09:30:59.000	6	2	39373.400000000001	1035949		0	1
822	822	20201022	2020-10-22 08:32:00.000	6	2	39373.5	1035951		0	1
823	823	20200219	2020-02-19 12:13:35.000	6	2	39373.699999999997	1031901		0	1
824	824	20210413	2021-04-13 11:13:48.000	6	2	39374.099999999999	1039286		0	1
825	825	20210210	2021-02-10 10:09:46.000	6	2	39375.0	1038542		0	1
826	826	20210206	2021-02-06 10:07:52.000	6	2	39375.900000000001	1038338		0	1
827	827	20210223	2021-02-23 11:55:17.000	6	2	39377.0	1038642		0	1
828	828	20201121	2020-11-21 07:51:58.000	6	2	39377.800000000003	1039998		0	1
829	829	20210328	2021-03-28 13:01:41.000	6	2	39377.800000000003	1038894		0	1
830	830	20210302	2021-03-02 10:11:49.000	6	2	39378.099999999999	1038697		0	1
831	831	20201214	2020-12-14 15:05:23.000	6	2	39378.5	1037994		0	1
832	832	20210131	2021-01-31 11:36:32.000	6	2	39378.599999999999	1038604		0	1
833	833	20210406	2021-04-06 12:03:36.000	6	2	39379.300000000003	1038963		0	1
834	834	20201226	2020-12-26 07:43:12.000	6	2	39379.5	1037492		0	1
835	835	20201220	2020-12-20 07:37:07.000	6	2	39379.800000000003	1038213		0	1
836	836	20201015	2020-10-15 14:21:06.000	6	2	39380.300000000003	1035331		0	1
837	837	20201031	2020-10-31 07:28:10.000	6	2	39380.5	1036438		0	1
838	838	20201128	2020-11-28 07:49:49.000	6	2	39381.300000000003	1036920		0	1
839	839	20210217	2021-02-17 11:14:41.000	6	2	39381.699999999997	1038288		0	1
840	840	20210214	2021-02-14 16:29:29.000	6	2	39381.800000000003	1038565		0	1
841	841	20210408	2021-04-08 11:50:26.000	6	2	39381.900000000001	1039794		0	1
842	842	20210128	2021-01-28 10:52:33.000	6	2	39382.0	1038582		0	1
843	843	20210414	2021-04-14 09:42:31.000	6	2	39382.900000000001	1039264		0	1
844	844	20201014	2020-10-14 11:31:53.000	6	2	39383.400000000001	1038838		0	1
845	845	20210225	2021-02-25 08:49:30.000	6	2	39384.300000000003	1038656		0	1
846	846	20210328	2021-03-28 10:58:40.000	6	2	39384.900000000001	1038890		0	1
847	847	20210204	2021-02-04 15:26:04.000	6	2	39385.900000000001	1038726		0	1
848	848	20210324	2021-03-24 14:21:06.000	6	2	39386.199999999997	1038855		0	1
849	849	20201028	2020-10-28 13:27:18.000	6	2	39386.300000000003	1036878		0	1
850	850	20210225	2021-02-25 10:02:35.000	6	2	39386.300000000003	1038654		0	1
851	851	20201127	2020-11-27 08:45:05.000	6	2	39386.800000000003	1036914		0	1
852	852	20210322	2021-03-22 12:04:19.000	6	2	39387.900000000001	1039007		0	1
853	853	20210407	2021-04-07 15:29:38.000	6	2	39388.400000000001	1038971		0	1
854	854	20210126	2021-01-26 09:57:13.000	6	2	39389.099999999999	1038270		0	1
855	855	20210607	2021-06-07 11:52:16.000	6	2	39389.099999999999	1039724		0	1
856	856	20210311	2021-03-11 09:22:21.000	6	2	39391.199999999997	1039203		0	1
857	857	20201120	2020-11-20 09:22:23.000	6	2	39391.5	1037163		0	1
858	858	20210413	2021-04-13 12:20:57.000	6	2	39392.199999999997	1039284		0	1
859	859	20201025	2020-10-25 08:36:55.000	6	2	39392.599999999999	1035975		0	1
860	860	20210302	2021-03-02 12:56:38.000	6	2	39392.599999999999	1038699		0	1
861	861	20201214	2020-12-14 14:05:27.000	6	2	39392.900000000001	1037996		0	1
862	862	20201101	2020-11-01 08:07:37.000	6	2	39393.300000000003	1036824		0	1
863	863	20210209	2021-02-09 09:30:54.000	6	2	39393.400000000001	1038536		0	1
864	864	20200204	2020-02-04 14:03:06.000	6	2	39393.599999999999	1029014		0	1
865	865	20210131	2021-01-31 08:25:20.000	6	2	39393.599999999999	1038610		0	1
866	866	20201224	2020-12-24 10:09:35.000	6	2	39393.900000000001	1037480		0	1
867	867	20210412	2021-04-12 10:44:20.000	6	2	39394.0	1039280		0	1
868	868	20210120	2021-01-20 08:51:32.000	6	2	39395.300000000003	1039115		0	1
869	869	20210321	2021-03-21 10:11:36.000	6	2	39395.400000000001	1038997		0	1
870	870	20201126	2020-11-26 12:32:57.000	6	2	39396.5	1040034		0	1
871	871	20201128	2020-11-28 10:00:39.000	6	2	39396.900000000001	1036922		0	1
872	872	20201219	2020-12-19 12:20:49.000	6	2	39397.800000000003	1038207		0	1
873	873	20201211	2020-12-11 12:35:58.000	6	2	39398.0	1037210		0	1
874	874	20210325	2021-03-25 15:02:53.000	6	2	39398.599999999999	1038869		0	1
875	875	20201126	2020-11-26 11:27:23.000	6	2	39398.900000000001	1040036		0	1
876	876	20210301	2021-03-01 12:32:42.000	6	2	39399.099999999999	1038681		0	1
877	877	20210120	2021-01-20 09:54:31.000	6	2	39399.599999999999	1039113		0	1
878	878	20201225	2020-12-25 10:11:31.000	6	2	39399.800000000003	1037488		0	1
879	879	20210204	2021-02-04 12:15:57.000	6	2	39400.400000000001	1038722		0	1
880	880	20201103	2020-11-03 08:11:05.000	6	2	39403.5	1036854		0	1
881	881	20201209	2020-12-09 14:45:33.000	6	2	39404.199999999997	1038276		0	1
882	882	20201212	2020-12-12 08:58:03.000	6	2	39404.300000000003	1037218		0	1
883	883	20210211	2021-02-11 10:05:13.000	6	2	39405.300000000003	1038547		0	1
884	884	20201213	2020-12-13 09:50:45.000	6	2	39406.599999999999	1037986		0	1
885	885	20201017	2020-10-17 13:01:52.000	6	2	39406.699999999997	1036448		0	1
886	886	20201023	2020-10-23 10:51:41.000	6	2	39406.699999999997	1035959		0	1
887	887	20210212	2021-02-12 10:38:07.000	6	2	39406.800000000003	1038553		0	1
888	888	20201212	2020-12-12 10:04:14.000	6	2	39406.900000000001	1037978		0	1
889	889	20210206	2021-02-06 11:10:45.000	6	2	39407.0	1038216		0	1
890	890	20201103	2020-11-03 10:10:37.000	6	2	39407.5	1036850		0	1
891	891	20201217	2020-12-17 10:29:31.000	6	2	39408.0	1038190		0	1
892	892	20201117	2020-11-17 11:46:44.000	6	2	39408.099999999999	1037138		0	1
893	893	20210324	2021-03-24 13:13:03.000	6	2	39408.5	1038857		0	1
894	894	20210128	2021-01-28 08:48:50.000	6	2	39409.0	1038586		0	1
895	895	20210304	2021-03-04 10:43:20.000	6	2	39409.5	1038844		0	1
896	896	20210213	2021-02-13 09:48:38.000	6	2	39409.699999999997	1038559		0	1
897	897	20210214	2021-02-14 15:09:39.000	6	2	39411.099999999999	1038567		0	1
898	898	20200301	2020-03-01 10:57:17.000	6	2	39412.099999999999	1025443		0	1
899	899	20201229	2020-12-29 11:56:04.000	6	2	39413.099999999999	1037364		0	1
900	900	20210129	2021-01-29 13:31:27.000	6	2	39413.099999999999	1038590		0	1
901	901	20210215	2021-02-15 10:11:11.000	6	2	39414.400000000001	1038575		0	1
902	902	20201213	2020-12-13 10:56:38.000	6	2	39414.5	1037984		0	1
903	903	20210129	2021-01-29 11:24:30.000	6	2	39414.699999999997	1038594		0	1
904	904	20200126	2020-01-26 13:13:37.000	6	2	39415.300000000003	1027938		0	1
905	905	20210212	2021-02-12 09:20:11.000	6	2	39416.400000000001	1038555		0	1
906	906	20210307	2021-03-07 11:21:28.000	6	2	39416.900000000001	1039163		0	1
907	907	20210327	2021-03-27 13:29:19.000	6	2	39417.0	1038886		0	1
908	908	20201025	2020-10-25 07:34:16.000	6	2	39418.099999999999	1035977		0	1
909	909	20201031	2020-10-31 09:42:15.000	6	2	39420.5	1036434		0	1
910	910	20210209	2021-02-09 10:34:30.000	6	2	39421.0	1038534		0	1
911	911	20210304	2021-03-04 09:44:37.000	6	2	39421.699999999997	1038846		0	1
912	912	20201026	2020-10-26 09:54:56.000	6	2	39423.099999999999	1036478		0	1
913	913	20201229	2020-12-29 10:40:07.000	6	2	39423.199999999997	1037366		0	1
914	914	20201027	2020-10-27 09:27:39.000	6	2	39423.800000000003	1036491		0	1
915	915	20210124	2021-01-24 10:26:31.000	6	2	39423.900000000001	1038246		0	1
916	916	20210411	2021-04-11 12:33:31.000	6	2	39424.099999999999	1039017		0	1
917	917	20201118	2020-11-18 13:35:53.000	6	2	39424.599999999999	1037152		0	1
918	918	20201202	2020-12-02 08:46:43.000	6	2	39424.900000000001	1037512		0	1
919	919	20201209	2020-12-09 13:46:01.000	6	2	39425.400000000001	1038278		0	1
920	920	20210130	2021-01-30 09:41:15.000	6	2	39425.5	1038600		0	1
921	921	20200227	2020-02-27 10:59:30.000	6	2	39426.099999999999	1025419		0	1
922	922	20210216	2021-02-16 10:54:39.000	6	2	39426.400000000001	1039143		0	1
923	923	20201122	2020-11-22 08:44:13.000	6	2	39426.900000000001	1040006		0	1
924	924	20201207	2020-12-07 16:25:33.000	6	2	39427.300000000003	1037554		0	1
925	925	20210221	2021-02-21 11:03:00.000	6	2	39427.699999999997	1038315		0	1
926	926	20210309	2021-03-09 09:00:47.000	6	2	39428.599999999999	1039183		0	1
927	927	20210311	2021-03-11 11:18:56.000	6	2	39428.599999999999	1039199		0	1
928	928	20201127	2020-11-27 10:56:20.000	6	2	39428.699999999997	1036910		0	1
929	929	20210309	2021-03-09 10:00:42.000	6	2	39428.900000000001	1039181		0	1
930	930	20210321	2021-03-21 11:16:02.000	6	2	39430.099999999999	1038995		0	1
931	931	20210127	2021-01-27 13:53:37.000	6	2	39430.5	1038272		0	1
932	932	20200119	2020-01-19 09:13:33.000	6	2	39430.699999999997	1028536		0	1
933	933	20201226	2020-12-26 12:21:02.000	6	2	39431.400000000001	1037496		0	1
934	934	20201017	2020-10-17 08:18:45.000	6	2	39432.0	1035358		0	1
935	935	20210120	2021-01-20 10:55:24.000	6	2	39432.0	1039111		0	1
936	936	20201201	2020-12-01 12:07:29.000	6	2	39432.099999999999	1037506		0	1
937	937	20201030	2020-10-30 10:33:05.000	6	2	39432.400000000001	1036893		0	1
938	938	20201030	2020-10-30 10:33:05.000	6	2	39432.400000000001	1036897		0	1
939	939	20210403	2021-04-03 13:03:14.000	6	2	39433.400000000001	1038929		0	1
940	940	20201202	2020-12-02 12:18:03.000	6	2	39434.300000000003	1037516		0	1
941	941	20210222	2021-02-22 14:50:23.000	6	2	39434.300000000003	1038334		0	1
942	942	20201119	2020-11-19 07:56:45.000	6	2	39435.099999999999	1037156		0	1
943	943	20201213	2020-12-13 11:59:22.000	6	2	39436.300000000003	1037982		0	1
944	944	20201211	2020-12-11 11:17:17.000	6	2	39437.0	1037212		0	1
945	945	20210216	2021-02-16 12:13:24.000	6	2	39438.699999999997	1039149		0	1
946	946	20210222	2021-02-22 12:49:49.000	6	2	39438.800000000003	1038325		0	1
947	947	20210302	2021-03-02 08:53:14.000	6	2	39438.800000000003	1038695		0	1
948	948	20201217	2020-12-17 11:32:08.000	6	2	39439.0	1038188		0	1
949	949	20201016	2020-10-16 11:35:41.000	6	2	39441.199999999997	1035346		0	1
950	950	20201201	2020-12-01 08:51:28.000	6	2	39441.699999999997	1037504		0	1
951	951	20210216	2021-02-16 08:47:51.000	6	2	39441.800000000003	1039147		0	1
952	952	20201224	2020-12-24 11:09:38.000	6	2	39441.900000000001	1037478		0	1
953	953	20201024	2020-10-24 11:17:32.000	6	2	39443.300000000003	1035965		0	1
954	954	20201123	2020-11-23 11:41:57.000	6	2	39443.300000000003	1040015		0	1
955	955	20210218	2021-02-18 11:08:23.000	6	2	39444.300000000003	1038292		0	1
956	956	20201202	2020-12-02 13:22:48.000	6	2	39445.199999999997	1037514		0	1
957	957	20210219	2021-02-19 13:55:46.000	6	2	39446.0	1038301		0	1
958	958	20201030	2020-10-30 09:28:47.000	6	2	39447.5	1036895		0	1
959	959	20210122	2021-01-22 09:57:06.000	6	2	39447.800000000003	1038230		0	1
960	960	20210130	2021-01-30 10:45:14.000	6	2	39448.900000000001	1038598		0	1
961	961	20210311	2021-03-11 10:19:37.000	6	2	39449.099999999999	1039201		0	1
962	962	20200229	2020-02-29 09:52:22.000	6	2	39450.199999999997	1025441		0	1
963	963	20201220	2020-12-20 09:39:19.000	6	2	39450.199999999997	1038209		0	1
964	964	20201229	2020-12-29 13:08:56.000	6	2	39450.300000000003	1037370		0	1
965	965	20201109	2020-11-09 06:53:55.000	6	2	39450.599999999999	1037194		0	1
966	966	20210306	2021-03-06 12:26:20.000	6	2	39451.199999999997	1039161		0	1
967	967	20210309	2021-03-09 12:08:49.000	6	2	39452.199999999997	1039185		0	1
968	968	20210414	2021-04-14 11:58:23.000	6	2	39452.599999999999	1039266		0	1
969	969	20210213	2021-02-13 16:15:31.000	6	2	39454.199999999997	1038563		0	1
970	970	20210327	2021-03-27 08:57:15.000	6	2	39454.199999999997	1038884		0	1
971	971	20201123	2020-11-23 10:43:30.000	6	2	39454.400000000001	1040017		0	1
972	972	20201116	2020-11-16 14:39:35.000	6	2	39455.199999999997	1037132		0	1
973	973	20201223	2020-12-23 09:35:43.000	6	2	39456.300000000003	1037474		0	1
974	974	20201109	2020-11-09 16:17:48.000	6	2	39457.5	1037198		0	1
975	975	20210122	2021-01-22 11:05:52.000	6	2	39457.699999999997	1038232		0	1
976	976	20201224	2020-12-24 09:09:30.000	6	2	39458.900000000001	1037482		0	1
977	977	20201026	2020-10-26 12:00:33.000	6	2	39459.0	1036480		0	1
978	978	20201116	2020-11-16 12:30:36.000	6	2	39459.0	1037136		0	1
979	979	20210317	2021-03-17 09:28:00.000	6	2	39459.099999999999	1038762		0	1
980	980	20210318	2021-03-18 16:07:16.000	6	2	39459.199999999997	1038775		0	1
981	981	20210220	2021-02-20 10:26:19.000	6	2	39461.599999999999	1038309		0	1
982	982	20210119	2021-01-19 16:35:10.000	6	2	39463.099999999999	1039100		0	1
983	983	20201024	2020-10-24 09:18:02.000	6	2	39463.5	1035969		0	1
984	984	20201222	2020-12-22 08:57:43.000	6	2	39466.099999999999	1037292		0	1
985	985	20201123	2020-11-23 09:45:31.000	6	2	39467.099999999999	1040019		0	1
986	986	20210130	2021-01-30 08:39:09.000	6	2	39467.099999999999	1038602		0	1
987	987	20210218	2021-02-18 10:07:56.000	6	2	39469.099999999999	1038294		0	1
988	988	20200123	2020-01-23 09:55:28.000	6	2	39469.199999999997	1027917		0	1
989	989	20201108	2020-11-08 07:00:29.000	6	2	39470.099999999999	1037182		0	1
990	990	20201030	2020-10-30 17:39:46.000	6	2	39470.800000000003	1036905		0	1
991	991	20210224	2021-02-24 15:34:48.000	6	2	39471.300000000003	1038648		0	1
992	992	20201026	2020-10-26 10:55:05.000	6	2	39471.599999999999	1036476		0	1
993	993	20210320	2021-03-20 15:38:16.000	6	2	39473.0	1038989		0	1
994	994	20210305	2021-03-05 14:02:25.000	6	2	39475.0	1039153		0	1
995	995	20210328	2021-03-28 09:59:22.000	6	2	39475.199999999997	1038888		0	1
996	996	20210124	2021-01-24 09:22:39.000	6	2	39475.599999999999	1038248		0	1
997	997	20201026	2020-10-26 13:00:13.000	6	2	39475.800000000003	1036482		0	1
998	998	20201030	2020-10-30 08:28:04.000	6	2	39476.300000000003	1036899		0	1
999	999	20210316	2021-03-16 10:45:47.000	6	2	39476.400000000001	1038750		0	1
1000	1000	20201123	2020-11-23 12:39:42.000	6	2	39477.099999999999	1040013		0	1
1001	1001	20201125	2020-11-25 10:36:06.000	6	2	39478.0	1040027		0	1
1002	1002	20191206	2019-12-06 11:31:02.000	6	2	39478.400000000001	1022250		0	1
1003	1003	20210123	2021-01-23 16:33:46.000	6	2	39478.400000000001	1038242		0	1
1004	1004	20210316	2021-03-16 11:54:47.000	6	2	39478.599999999999	1038748		0	1
1005	1005	20201127	2020-11-27 09:53:02.000	6	2	39479.900000000001	1036912		0	1
1006	1006	20201212	2020-12-12 12:13:01.000	6	2	39480.199999999997	1037220		0	1
1007	1007	20191209	2019-12-09 11:27:24.000	6	2	39480.900000000001	1022285		0	1
1008	1008	20201103	2020-11-03 09:09:41.000	6	2	39481.800000000003	1036852		0	1
1009	1009	20201226	2020-12-26 10:50:38.000	6	2	39482.800000000003	1037494		0	1
1010	1010	20201227	2020-12-27 11:34:42.000	6	2	39484.699999999997	1037498		0	1
1011	1011	20201223	2020-12-23 10:35:35.000	6	2	39484.900000000001	1037472		0	1
1012	1012	20191217	2019-12-17 11:07:09.000	6	2	39485.5	1023158		0	1
1013	1013	20200212	2020-02-12 10:11:27.000	6	2	39485.5	1031232		0	1
1014	1014	20201201	2020-12-01 16:05:32.000	6	2	39485.900000000001	1037508		0	1
1015	1015	20201202	2020-12-02 11:07:10.000	6	2	39486.900000000001	1037518		0	1
1016	1016	20201228	2020-12-28 13:32:47.000	6	2	39487.5	1037362		0	1
1017	1017	20201101	2020-11-01 10:12:00.000	6	2	39487.699999999997	1036444		0	1
1018	1018	20210310	2021-03-10 11:06:52.000	6	2	39488.0	1039194		0	1
1019	1019	20201021	2020-10-21 18:38:07.000	6	2	39488.5	1035939		0	1
1020	1020	20201028	2020-10-28 14:29:29.000	6	2	39488.900000000001	1036876		0	1
1021	1021	20210308	2021-03-08 11:23:38.000	6	2	39489.300000000003	1039175		0	1
1022	1022	20201221	2020-12-21 11:14:20.000	6	2	39491.099999999999	1037288		0	1
1023	1023	20210127	2021-01-27 12:48:23.000	6	2	39491.900000000001	1038274		0	1
1024	1024	20201225	2020-12-25 11:12:59.000	6	2	39493.300000000003	1037486		0	1
1025	1025	20201119	2020-11-19 08:58:21.000	6	2	39496.0	1037154		0	1
1026	1026	20200207	2020-02-07 11:07:16.000	6	2	39497.300000000003	1031198		0	1
1027	1027	20210218	2021-02-18 16:28:27.000	6	2	39499.199999999997	1038296		0	1
1028	1028	20201120	2020-11-20 10:31:56.000	6	2	39500.0	1037161		0	1
1029	1029	20210119	2021-01-19 15:28:00.000	6	2	39500.099999999999	1039102		0	1
1030	1030	20201024	2020-10-24 08:11:52.000	6	2	39501.699999999997	1035971		0	1
1031	1031	20201028	2020-10-28 12:26:41.000	6	2	39502.5	1036880		0	1
1032	1032	20201023	2020-10-23 11:50:35.000	6	2	39506.300000000003	1035957		0	1
1033	1033	20210101	2021-01-01 09:39:31.000	6	2	39507.099999999999	1037388		0	1
1034	1034	20201016	2020-10-16 10:29:54.000	6	2	39507.400000000001	1035348		0	1
1035	1035	20210208	2021-02-08 12:01:40.000	6	2	39510.0	1038528		0	1
1036	1036	20200216	2020-02-16 14:49:42.000	6	2	39510.5	1031875		0	1
1037	1037	20201024	2020-10-24 10:16:22.000	6	2	39510.699999999997	1035967		0	1
1038	1038	20200213	2020-02-13 10:58:24.000	6	2	39511.0	1031237		0	1
1039	1039	20201230	2020-12-30 09:13:13.000	6	2	39511.5	1037374		0	1
1040	1040	20210122	2021-01-22 13:20:56.000	6	2	39511.599999999999	1038234		0	1
1041	1041	20191202	2019-12-02 11:11:47.000	6	2	39513.800000000003	1021388		0	1
1042	1042	20200127	2020-01-27 11:52:25.000	6	2	39517.5	1028580		0	1
1043	1043	20201031	2020-10-31 10:41:41.000	6	2	39517.599999999999	1036432		0	1
1044	1044	20201129	2020-11-29 07:05:09.000	6	2	39518.400000000001	1037500		0	1
1045	1045	20210121	2021-01-21 11:26:05.000	6	2	39518.800000000003	1039119		0	1
1046	1046	20200118	2020-01-18 09:27:31.000	6	2	39519.800000000003	1028528		0	1
1047	1047	20201109	2020-11-09 17:15:31.000	6	2	39522.5	1037196		0	1
1048	1048	20201028	2020-10-28 11:14:53.000	6	2	39523.900000000001	1036882		0	1
1049	1049	20210121	2021-01-21 09:22:03.000	6	2	39525.199999999997	1039123		0	1
1050	1050	20201117	2020-11-17 08:41:31.000	6	2	39525.599999999999	1037144		0	1
1051	1051	20191224	2019-12-24 09:34:24.000	6	2	39528.0	1026297		0	1
1052	1052	20201222	2020-12-22 10:13:11.000	6	2	39529.199999999997	1037294		0	1
1053	1053	20201029	2020-10-29 16:02:16.000	6	2	39532.800000000003	1036888		0	1
1054	1054	20191208	2019-12-08 11:08:32.000	6	2	39533.400000000001	1022276		0	1
1055	1055	20201225	2020-12-25 12:07:46.000	6	2	39534.900000000001	1037484		0	1
1056	1056	20201125	2020-11-25 09:28:15.000	6	2	39536.599999999999	1040029		0	1
1057	1057	20210123	2021-01-23 15:33:20.000	6	2	39537.699999999997	1038244		0	1
1058	1058	20210121	2021-01-21 10:21:44.000	6	2	39538.300000000003	1039121		0	1
1059	1059	20191208	2019-12-08 09:22:17.000	6	2	39539.5	1022280		0	1
1060	1060	20200205	2020-02-05 14:34:49.000	6	2	39540.400000000001	1029023		0	1
1061	1061	20200223	2020-02-23 09:07:54.000	6	2	39541.800000000003	1027842		0	1
1062	1062	20210310	2021-03-10 12:09:25.000	6	2	39542.800000000003	1039192		0	1
1063	1063	20200222	2020-02-22 09:55:07.000	6	2	39543.800000000003	1027827		0	1
1064	1064	20210120	2021-01-20 14:51:33.000	6	2	39547.0	1039117		0	1
1065	1065	20200128	2020-01-28 14:55:06.000	6	2	39547.300000000003	1028593		0	1
1066	1066	20201028	2020-10-28 10:06:15.000	6	2	39547.5	1036884		0	1
1067	1067	20200203	2020-02-03 10:06:37.000	6	2	39547.699999999997	1028995		0	1
1068	1068	20191213	2019-12-13 09:55:04.000	6	2	39547.800000000003	1023131		0	1
1069	1069	20200124	2020-01-24 10:41:04.000	6	2	39548.400000000001	1028577		0	1
1070	1070	20191214	2019-12-14 13:13:30.000	6	2	39549.800000000003	1023140		0	1
1071	1071	20200215	2020-02-15 12:21:28.000	6	2	39551.699999999997	1031861		0	1
1072	1072	20200223	2020-02-23 10:05:28.000	6	2	39552.300000000003	1027840		0	1
1073	1073	20201227	2020-12-27 16:29:04.000	6	2	39554.599999999999	1037356		0	1
1074	1074	20210530	2021-05-30 09:50:09.000	6	2	39558.800000000003	1039630		0	1
1075	1075	20201229	2020-12-29 09:22:41.000	6	2	39560.599999999999	1037368		0	1
1076	1076	20200111	2020-01-11 13:33:09.000	6	2	39562.400000000001	1027207		0	1
1077	1077	20200125	2020-01-25 09:03:27.000	6	2	39564.599999999999	1028453		0	1
1078	1078	20210123	2021-01-23 08:45:56.000	6	2	39569.400000000001	1038240		0	1
1079	1079	20201025	2020-10-25 09:39:07.000	6	2	39571.099999999999	1035973		0	1
1080	1080	20191210	2019-12-10 12:51:33.000	6	2	39572.0	1022288		0	1
1081	1081	20191211	2019-12-11 10:48:44.000	6	2	39577.5	1023117		0	1
1082	1082	20200131	2020-01-31 12:47:56.000	6	2	39577.900000000001	1028979		0	1
1083	1083	20200208	2020-02-08 13:05:07.000	6	2	39583.5	1031204		0	1
1084	1084	20210123	2021-01-23 09:47:11.000	6	2	39583.5	1038238		0	1
1085	1085	20201223	2020-12-23 12:20:24.000	6	2	39583.800000000003	1037476		0	1
1086	1086	20201230	2020-12-30 15:50:23.000	6	2	39583.800000000003	1037378		0	1
1087	1087	20200218	2020-02-18 09:59:22.000	6	2	39588.800000000003	1031890		0	1
1088	1088	20200218	2020-02-18 09:59:22.000	6	2	39588.800000000003	1031894		0	1
1089	1089	20200106	2020-01-06 13:03:31.000	6	2	39589.800000000003	1026382		0	1
1090	1090	20191207	2019-12-07 09:20:13.000	6	2	39592.099999999999	1022266		0	1
1091	1091	20191223	2019-12-23 09:00:11.000	6	2	39593.900000000001	1026288		0	1
1092	1092	20200212	2020-02-12 12:10:40.000	6	2	39597.099999999999	1031228		0	1
1093	1093	20191229	2019-12-29 09:51:24.000	6	2	39598.199999999997	1026336		0	1
1094	1094	20201230	2020-12-30 10:12:09.000	6	2	39598.300000000003	1037372		0	1
1095	1095	20201230	2020-12-30 16:53:17.000	6	2	39599.800000000003	1037376		0	1
1096	1096	20201109	2020-11-09 07:54:29.000	6	2	39607.099999999999	1037192		0	1
1097	1097	20191219	2019-12-19 10:56:48.000	6	2	39607.199999999997	1024472		0	1
1098	1098	20200215	2020-02-15 14:13:02.000	6	2	39607.599999999999	1031247		0	1
1099	1099	20191202	2019-12-02 12:29:39.000	6	2	39609.599999999999	1021390		0	1
1100	1100	20191203	2019-12-03 11:31:37.000	6	2	39610.800000000003	1021401		0	1
1101	1101	20200218	2020-02-18 10:57:32.000	6	2	39621.800000000003	1031888		0	1
1102	1102	20200218	2020-02-18 10:57:32.000	6	2	39621.800000000003	1031892		0	1
1103	1103	20191230	2019-12-30 09:22:53.000	6	2	39624.800000000003	1026342		0	1
1104	1104	20210303	2021-03-03 14:50:35.000	6	2	39627.800000000003	1038840		0	1
1105	1105	20191214	2019-12-14 08:49:43.000	6	2	39628.300000000003	1023138		0	1
1106	1106	20200221	2020-02-21 12:08:37.000	6	2	39630.800000000003	1027823		0	1
1107	1107	20200224	2020-02-24 10:23:03.000	6	2	39632.699999999997	1027845		0	1
1108	1108	20200110	2020-01-10 08:24:24.000	6	2	39641.300000000003	1027181		0	1
1109	1109	20200210	2020-02-10 09:41:29.000	6	2	39645.099999999999	1031214		0	1
1110	1110	20200121	2020-01-21 15:41:52.000	6	2	39658.0	1028551		0	1
1111	1111	20200115	2020-01-15 12:40:56.000	6	2	39659.800000000003	1027926		0	1
1112	1112	20200113	2020-01-13 10:02:25.000	6	2	39660.0	1027213		0	1
1113	1113	20200124	2020-01-24 11:54:31.000	6	2	39660.599999999999	1028575		0	1
1114	1114	20191226	2019-12-26 09:59:08.000	6	2	39665.300000000003	1026312		0	1
1115	1115	20201231	2020-12-31 10:18:55.000	6	2	39666.599999999999	1037382		0	1
1116	1116	20191201	2019-12-01 09:56:05.000	6	2	39668.800000000003	1021382		0	1
1117	1117	20200102	2020-01-02 08:43:19.000	6	2	39671.599999999999	1026357		0	1
1118	1118	20200209	2020-02-09 11:56:02.000	6	2	39672.0	1031210		0	1
1119	1119	20200119	2020-01-19 11:04:34.000	6	2	39673.099999999999	1028532		0	1
1120	1120	20200129	2020-01-29 11:06:33.000	6	2	39673.699999999997	1028604		0	1
1121	1121	20200110	2020-01-10 09:17:16.000	6	2	39680.5	1027179		0	1
1122	1122	20200115	2020-01-15 11:43:55.000	6	2	39683.199999999997	1027928		0	1
1123	1123	20200119	2020-01-19 10:10:08.000	6	2	39686.699999999997	1028534		0	1
1124	1124	20200226	2020-02-26 09:43:44.000	6	2	39688.800000000003	1025415		0	1
1125	1125	20200322	2020-03-22 12:44:44.000	6	2	39689.0	1025553		0	1
1126	1126	20210403	2021-04-03 07:54:26.000	6	2	39691.199999999997	1038921		0	1
1127	1127	20200203	2020-02-03 10:59:54.000	6	2	39692.900000000001	1028993		0	1
1128	1128	20201021	2020-10-21 16:40:31.000	6	2	39695.800000000003	1035943		0	1
1129	1129	20191230	2019-12-30 08:27:02.000	6	2	39697.400000000001	1026344		0	1
1130	1130	20191211	2019-12-11 11:43:30.000	6	2	39700.099999999999	1023115		0	1
1131	1131	20191130	2019-11-30 12:22:23.000	6	2	39704.099999999999	1021375		0	1
1132	1132	20200121	2020-01-21 16:35:06.000	6	2	39704.300000000003	1028549		0	1
1133	1133	20200103	2020-01-03 09:04:43.000	6	2	39705.0	1026360		0	1
1134	1134	20191213	2019-12-13 09:01:19.000	6	2	39714.400000000001	1023133		0	1
1135	1135	20200210	2020-02-10 11:22:06.000	6	2	39716.300000000003	1031217		0	1
1136	1136	20200227	2020-02-27 10:06:11.000	6	2	39716.800000000003	1025421		0	1
1137	1137	20200208	2020-02-08 08:57:20.000	6	2	39719.400000000001	1031202		0	1
1138	1138	20200501	2020-05-01 09:27:59.000	6	2	39725.599999999999	1029082		0	1
1139	1139	20191223	2019-12-23 09:55:20.000	6	2	39729.599999999999	1026286		0	1
1140	1140	20191223	2019-12-23 09:55:20.000	6	2	39729.599999999999	1026290		0	1
1141	1141	20200109	2020-01-09 10:50:06.000	6	2	39738.599999999999	1027177		0	1
1142	1142	20200114	2020-01-14 10:57:58.000	6	2	39741.599999999999	1027197		0	1
1143	1143	20191220	2019-12-20 08:30:01.000	6	2	39743.5	1025393		0	1
1144	1144	20200111	2020-01-11 14:30:41.000	6	2	39746.300000000003	1027205		0	1
1145	1145	20191216	2019-12-16 10:40:17.000	6	2	39747.5	1023150		0	1
1146	1146	20191212	2019-12-12 10:06:21.000	6	2	39753.300000000003	1023127		0	1
1147	1147	20200220	2020-02-20 12:24:34.000	6	2	39762.300000000003	1027810		0	1
1148	1148	20200220	2020-02-20 12:24:34.000	6	2	39762.300000000003	1027812		0	1
1149	1149	20191215	2019-12-15 09:02:13.000	6	2	39762.800000000003	1023147		0	1
1150	1150	20191216	2019-12-16 09:41:06.000	6	2	39766.0	1023152		0	1
1151	1151	20200218	2020-02-18 08:01:23.000	6	2	39766.400000000001	1031882		0	1
1152	1152	20200218	2020-02-18 08:01:23.000	6	2	39766.400000000001	1031884		0	1
1153	1153	20191217	2019-12-17 15:33:30.000	6	2	39772.099999999999	1023162		0	1
1154	1154	20191230	2019-12-30 10:17:58.000	6	2	39774.400000000001	1026340		0	1
1155	1155	20200225	2020-02-25 10:39:49.000	6	2	39775.599999999999	1025405		0	1
1156	1156	20200101	2020-01-01 10:09:26.000	6	2	39780.699999999997	1026351		0	1
1157	1157	20191228	2019-12-28 10:43:28.000	6	2	39784.900000000001	1026326		0	1
1158	1158	20200122	2020-01-22 10:19:39.000	6	2	39785.900000000001	1028557		0	1
1159	1159	20200213	2020-02-13 14:23:37.000	6	2	39789.5	1031239		0	1
1160	1160	20191217	2019-12-17 16:26:21.000	6	2	39790.5	1023160		0	1
1161	1161	20191217	2019-12-17 16:26:21.000	6	2	39790.5	1023164		0	1
1162	1162	20200423	2020-04-23 12:18:54.000	6	2	39795.099999999999	1027897		0	1
1163	1163	20200131	2020-01-31 11:50:57.000	6	2	39803.0	1028981		0	1
1164	1164	20200214	2020-02-14 10:41:31.000	6	2	39804.800000000003	1031242		0	1
1165	1165	20200126	2020-01-26 11:08:08.000	6	2	39812.0	1027942		0	1
1166	1166	20200101	2020-01-01 09:12:26.000	6	2	39814.5	1026353		0	1
1167	1167	20210119	2021-01-19 13:58:49.000	6	2	39817.900000000001	1039104		0	1
1168	1168	20200113	2020-01-13 10:59:49.000	6	2	39820.699999999997	1027217		0	1
1169	1169	20200116	2020-01-16 11:48:55.000	6	2	39827.5	1027933		0	1
1170	1170	20200104	2020-01-04 09:18:40.000	6	2	39828.800000000003	1026369		0	1
1171	1171	20191222	2019-12-22 08:58:04.000	6	2	39829.099999999999	1026281		0	1
1172	1172	20200129	2020-01-29 10:08:20.000	6	2	39837.099999999999	1028606		0	1
1173	1173	20200131	2020-01-31 13:46:02.000	6	2	39859.5	1028977		0	1
1174	1174	20200217	2020-02-17 10:06:24.000	6	2	39867.699999999997	1031877		0	1
1175	1175	20200220	2020-02-20 13:20:38.000	6	2	39870.0	1027806		0	1
1176	1176	20200220	2020-02-20 13:20:38.000	6	2	39870.0	1027808		0	1
1177	1177	20200221	2020-02-21 13:12:00.000	6	2	39875.599999999999	1027821		0	1
1178	1178	20200123	2020-01-23 11:45:26.000	6	2	39876.099999999999	1027913		0	1
1179	1179	20200127	2020-01-27 10:53:25.000	6	2	39876.099999999999	1028582		0	1
1180	1180	20200127	2020-01-27 09:56:31.000	6	2	39877.300000000003	1028584		0	1
1181	1181	20191219	2019-12-19 10:02:28.000	6	2	39879.599999999999	1024474		0	1
1182	1182	20191216	2019-12-16 08:44:20.000	6	2	39881.300000000003	1023154		0	1
1183	1183	20200228	2020-02-28 10:51:42.000	6	2	39881.699999999997	1025430		0	1
1184	1184	20200321	2020-03-21 10:51:34.000	6	2	39883.5	1025545		0	1
1185	1185	20191221	2019-12-21 09:01:29.000	6	2	39884.199999999997	1025396		0	1
1186	1186	20201122	2020-11-22 07:44:38.000	6	2	39884.199999999997	1040008		0	1
1187	1187	20200123	2020-01-23 10:47:52.000	6	2	39901.900000000001	1027915		0	1
1188	1188	20200118	2020-01-18 08:29:58.000	6	2	39902.300000000003	1028530		0	1
1189	1189	20200202	2020-02-02 10:51:02.000	6	2	39903.099999999999	1028999		0	1
1190	1190	20200201	2020-02-01 15:00:47.000	6	2	39909.199999999997	1028987		0	1
1191	1191	20200103	2020-01-03 10:07:01.000	6	2	39925.199999999997	1026364		0	1
1192	1192	20200117	2020-01-17 16:21:36.000	6	2	39928.800000000003	1028463		0	1
1193	1193	20200205	2020-02-05 11:09:28.000	6	2	39932.599999999999	1029020		0	1
1194	1194	20200130	2020-01-30 14:34:43.000	6	2	39937.099999999999	1028615		0	1
1195	1195	20200106	2020-01-06 14:00:02.000	6	2	39947.699999999997	1026384		0	1
1196	1196	20200305	2020-03-05 10:11:34.000	6	2	39948.800000000003	1027231		0	1
1197	1197	20201108	2020-11-08 08:01:46.000	6	2	39948.800000000003	1037184		0	1
1198	1198	20191227	2019-12-27 08:48:11.000	6	2	39953.5	1026320		0	1
1199	1199	20191227	2019-12-27 09:47:17.000	6	2	39957.099999999999	1026318		0	1
1200	1200	20200117	2020-01-17 15:25:55.000	6	2	39968.0	1028465		0	1
1201	1201	20191225	2019-12-25 11:32:53.000	6	2	39978.400000000001	1026307		0	1
1202	1202	20200306	2020-03-06 14:53:17.000	6	2	39981.099999999999	1025460		0	1
1203	1203	20210331	2021-03-31 11:40:48.000	6	2	39992.5	1039853		0	1
1204	1204	20200108	2020-01-08 11:09:06.000	6	2	39993.699999999997	1027173		0	1
1205	1205	20201108	2020-11-08 09:01:41.000	6	2	40007.400000000001	1037186		0	1
1206	1206	20200323	2020-03-23 11:19:43.000	6	2	40015.800000000003	1026272		0	1
1207	1207	20200430	2020-04-30 11:02:03.000	6	2	40022.900000000001	1027856		0	1
1208	1208	20200509	2020-05-09 10:42:12.000	6	2	40024.699999999997	1033390		0	1
1209	1209	20200309	2020-03-09 11:32:56.000	6	2	40029.800000000003	1025474		0	1
1210	1210	20200430	2020-04-30 10:06:40.000	6	2	40031.699999999997	1027854		0	1
1211	1211	20200502	2020-05-02 10:28:24.000	6	2	40031.800000000003	1029090		0	1
1212	1212	20200317	2020-03-17 15:56:36.000	6	2	40036.900000000001	1039212		0	1
1213	1213	20210305	2021-03-05 12:52:40.000	6	2	40063.800000000003	1039155		0	1
1214	1214	20200318	2020-03-18 09:18:52.000	6	2	40068.800000000003	1039228		0	1
1215	1215	20200429	2020-04-29 15:43:40.000	6	2	40081.599999999999	1030735		0	1
1216	1216	20200502	2020-05-02 11:28:04.000	6	2	40091.0	1029088		0	1
1217	1217	20200303	2020-03-03 10:23:44.000	6	2	40102.599999999999	1025452		0	1
1218	1218	20200429	2020-04-29 17:00:10.000	6	2	40124.300000000003	1030733		0	1
1219	1219	20200303	2020-03-03 11:22:12.000	6	2	40130.400000000001	1025450		0	1
1220	1220	20200318	2020-03-18 10:29:07.000	6	2	40146.099999999999	1039226		0	1
1221	1221	20200420	2020-04-20 10:43:56.000	6	2	40146.699999999997	1027876		0	1
1222	1222	20200310	2020-03-10 12:36:51.000	6	2	40150.5	1025486		0	1
1223	1223	20200310	2020-03-10 12:36:51.000	6	2	40150.5	1025488		0	1
1224	1224	20210227	2021-02-27 08:04:50.000	6	2	40156.599999999999	1038663		0	1
1225	1225	20200510	2020-05-10 09:46:04.000	6	2	40167.199999999997	1033398		0	1
1226	1226	20200415	2020-04-15 09:15:58.000	6	2	40177.199999999997	1028498		0	1
1227	1227	20200415	2020-04-15 09:15:58.000	6	2	40177.199999999997	1028502		0	1
1228	1228	20200517	2020-05-17 09:56:08.000	6	2	40181.300000000003	1035287		0	1
1229	1229	20200107	2020-01-07 13:09:01.000	6	2	40185.199999999997	1026387		0	1
1230	1230	20200422	2020-04-22 13:13:55.000	6	2	40186.699999999997	1027892		0	1
1231	1231	20200419	2020-04-19 12:05:37.000	6	2	40207.199999999997	1027866		0	1
1232	1232	20200513	2020-05-13 10:55:28.000	6	2	40208.400000000001	1028518		0	1
1233	1233	20200310	2020-03-10 11:29:51.000	6	2	40215.300000000003	1025490		0	1
1234	1234	20200423	2020-04-23 11:13:08.000	6	2	40218.199999999997	1027899		0	1
1235	1235	20200311	2020-03-11 10:42:36.000	6	2	40242.599999999999	1025508		0	1
1236	1236	20200415	2020-04-15 11:13:49.000	6	2	40244.400000000001	1028492		0	1
1237	1237	20200415	2020-04-15 11:13:49.000	6	2	40244.400000000001	1028494		0	1
1238	1238	20200303	2020-03-03 13:19:22.000	6	2	40250.800000000003	1025446		0	1
1239	1239	20200314	2020-03-14 12:11:46.000	6	2	40255.0	1039069		0	1
1240	1240	20200417	2020-04-17 11:49:10.000	6	2	40256.5	1027165		0	1
1241	1241	20200415	2020-04-15 10:15:04.000	6	2	40256.599999999999	1028496		0	1
1242	1242	20200415	2020-04-15 10:15:04.000	6	2	40256.599999999999	1028500		0	1
1243	1243	20200420	2020-04-20 09:37:07.000	6	2	40261.5	1027878		0	1
1244	1244	20200503	2020-05-03 11:58:50.000	6	2	40262.5	1029097		0	1
1245	1245	20200314	2020-03-14 13:17:08.000	6	2	40268.699999999997	1039067		0	1
1246	1246	20200424	2020-04-24 12:03:45.000	6	2	40268.800000000003	1027905		0	1
1247	1247	20201016	2020-10-16 09:28:07.000	6	2	40273.099999999999	1035350		0	1
1248	1248	20210301	2021-03-01 10:38:00.000	6	2	40274.0	1038685		0	1
1249	1249	20200413	2020-04-13 10:18:06.000	6	2	40282.099999999999	1028480		0	1
1250	1250	20200424	2020-04-24 13:40:28.000	6	2	40288.5	1027907		0	1
1251	1251	20200508	2020-05-08 14:45:44.000	6	2	40296.099999999999	1033383		0	1
1252	1252	20200422	2020-04-22 14:12:22.000	6	2	40298.400000000001	1027890		0	1
1253	1253	20200412	2020-04-12 12:06:23.000	6	2	40305.300000000003	1028475		0	1
1254	1254	20200317	2020-03-17 14:47:07.000	6	2	40320.099999999999	1039214		0	1
1255	1255	20200419	2020-04-19 11:06:18.000	6	2	40321.800000000003	1027868		0	1
1256	1256	20200418	2020-04-18 12:02:41.000	6	2	40322.400000000001	1027860		0	1
1257	1257	20210310	2021-03-10 10:10:30.000	6	2	40324.0	1039196		0	1
1258	1258	20200319	2020-03-19 12:06:11.000	6	2	40325.699999999997	1039235		0	1
1259	1259	20200326	2020-03-26 11:17:15.000	6	2	40327.300000000003	1026424		0	1
1260	1260	20201010	2020-10-10 11:07:30.000	6	2	40330.699999999997	1038803		0	1
1261	1261	20200319	2020-03-19 10:11:55.000	6	2	40336.199999999997	1039239		0	1
1262	1262	20200425	2020-04-25 10:19:47.000	6	2	40339.599999999999	1030708		0	1
1263	1263	20200420	2020-04-20 13:07:15.000	6	2	40342.0	1027880		0	1
1264	1264	20200411	2020-04-11 10:06:11.000	6	2	40342.5	1028467		0	1
1265	1265	20200305	2020-03-05 13:17:35.000	6	2	40343.0	1027225		0	1
1266	1266	20200418	2020-04-18 13:00:45.000	6	2	40343.0	1027862		0	1
1267	1267	20200411	2020-04-11 09:04:28.000	6	2	40352.199999999997	1027797		0	1
1268	1268	20200412	2020-04-12 13:04:51.000	6	2	40352.199999999997	1028477		0	1
1269	1269	20200430	2020-04-30 12:13:25.000	6	2	40356.300000000003	1029072		0	1
1270	1270	20200430	2020-04-30 12:13:25.000	6	2	40356.300000000003	1029074		0	1
1271	1271	20200309	2020-03-09 10:26:24.000	6	2	40365.900000000001	1025476		0	1
1272	1272	20200323	2020-03-23 10:23:17.000	6	2	40367.300000000003	1026274		0	1
1273	1273	20200308	2020-03-08 11:16:10.000	6	2	40374.900000000001	1025468		0	1
1274	1274	20200304	2020-03-04 17:00:28.000	6	2	40376.300000000003	1025530		0	1
1275	1275	20210301	2021-03-01 09:41:26.000	6	2	40385.400000000001	1038687		0	1
1276	1276	20200303	2020-03-03 16:24:04.000	6	2	40385.699999999997	1025456		0	1
1277	1277	20200311	2020-03-11 09:41:58.000	6	2	40414.699999999997	1025510		0	1
1278	1278	20200407	2020-04-07 10:47:35.000	6	2	40425.5	1027779		0	1
1279	1279	20200511	2020-05-11 13:16:05.000	6	2	40429.199999999997	1033404		0	1
1280	1280	20200417	2020-04-17 10:50:53.000	6	2	40430.800000000003	1027167		0	1
1281	1281	20210403	2021-04-03 09:59:03.000	6	2	40430.800000000003	1038925		0	1
1282	1282	20200316	2020-03-16 12:12:34.000	6	2	40431.800000000003	1039088		0	1
1283	1283	20200325	2020-03-25 16:16:46.000	6	2	40433.099999999999	1026409		0	1
1284	1284	20200416	2020-04-16 09:44:56.000	6	2	40437.199999999997	1027160		0	1
1285	1285	20210331	2021-03-31 10:19:15.000	6	2	40437.199999999997	1039855		0	1
1286	1286	20200314	2020-03-14 09:58:41.000	6	2	40438.800000000003	1039064		0	1
1287	1287	20200311	2020-03-11 11:42:58.000	6	2	40442.599999999999	1025506		0	1
1288	1288	20200416	2020-04-16 10:53:26.000	6	2	40447.099999999999	1027158		0	1
1289	1289	20210308	2021-03-08 12:28:34.000	6	2	40455.0	1039173		0	1
1290	1290	20200411	2020-04-11 12:00:24.000	6	2	40456.300000000003	1028469		0	1
1291	1291	20200411	2020-04-11 12:00:24.000	6	2	40456.300000000003	1028471		0	1
1292	1292	20200319	2020-03-19 11:07:43.000	6	2	40459.099999999999	1039237		0	1
1293	1293	20210331	2021-03-31 08:12:23.000	6	2	40463.400000000001	1039859		0	1
1294	1294	20210305	2021-03-05 11:47:35.000	6	2	40463.900000000001	1039157		0	1
1295	1295	20200414	2020-04-14 09:54:56.000	6	2	40474.0	1028488		0	1
1296	1296	20200324	2020-03-24 10:57:33.000	6	2	40479.699999999997	1026400		0	1
1297	1297	20200321	2020-03-21 09:53:28.000	6	2	40484.599999999999	1025547		0	1
1298	1298	20200323	2020-03-23 12:14:42.000	6	2	40493.400000000001	1026270		0	1
1299	1299	20200324	2020-03-24 12:11:44.000	6	2	40494.0	1026402		0	1
1300	1300	20200305	2020-03-05 12:16:19.000	6	2	40496.699999999997	1027227		0	1
1301	1301	20200421	2020-04-21 14:29:35.000	6	2	40511.800000000003	1027883		0	1
1302	1302	20200423	2020-04-23 10:06:27.000	6	2	40513.199999999997	1027901		0	1
1303	1303	20200320	2020-03-20 15:05:53.000	6	2	40533.199999999997	1025539		0	1
1304	1304	20200312	2020-03-12 11:35:49.000	6	2	40539.400000000001	1039044		0	1
1305	1305	20201118	2020-11-18 09:20:32.000	6	2	40553.699999999997	1037148		0	1
1306	1306	20200414	2020-04-14 10:50:47.000	6	2	40558.0	1028486		0	1
1307	1307	20200312	2020-03-12 10:05:41.000	6	2	40563.099999999999	1039046		0	1
1308	1308	20210227	2021-02-27 14:39:36.000	6	2	40565.199999999997	1038665		0	1
1309	1309	20200320	2020-03-20 12:00:32.000	6	2	40578.599999999999	1025535		0	1
1310	1310	20200316	2020-03-16 11:03:27.000	6	2	40582.099999999999	1039090		0	1
1311	1311	20200425	2020-04-25 11:37:36.000	6	2	40591.800000000003	1030706		0	1
1312	1312	20200425	2020-04-25 11:37:36.000	6	2	40591.800000000003	1030710		0	1
1313	1313	20210303	2021-03-03 11:59:42.000	6	2	40594.599999999999	1038720		0	1
1314	1314	20210405	2021-04-05 08:39:15.000	6	2	40598.800000000003	1038953		0	1
1315	1315	20200315	2020-03-15 09:13:00.000	6	2	40602.900000000001	1039081		0	1
1316	1316	20201010	2020-10-10 12:18:41.000	6	2	40609.400000000001	1038801		0	1
1317	1317	20200320	2020-03-20 16:33:31.000	6	2	40612.0	1025541		0	1
1318	1318	20200308	2020-03-08 10:01:46.000	6	2	40617.199999999997	1025470		0	1
1319	1319	20200322	2020-03-22 11:43:36.000	6	2	40627.599999999999	1025555		0	1
1320	1320	20200314	2020-03-14 11:03:08.000	6	2	40628.800000000003	1039071		0	1
1321	1321	20200306	2020-03-06 13:45:53.000	6	2	40634.300000000003	1025462		0	1
1322	1322	20201010	2020-10-10 13:30:51.000	6	2	40645.5	1038799		0	1
1323	1323	20200325	2020-03-25 14:17:04.000	6	2	40649.900000000001	1026413		0	1
1324	1324	20200303	2020-03-03 17:19:14.000	6	2	40651.199999999997	1025454		0	1
1325	1325	20200326	2020-03-26 12:25:15.000	6	2	40652.099999999999	1026422		0	1
1326	1326	20200315	2020-03-15 12:52:09.000	6	2	40661.5	1039075		0	1
1327	1327	20200317	2020-03-17 17:03:11.000	6	2	40668.0	1039216		0	1
1328	1328	20200316	2020-03-16 14:11:39.000	6	2	40668.400000000001	1039208		0	1
1329	1329	20200309	2020-03-09 14:50:16.000	6	2	40670.5	1025479		0	1
1330	1330	20200312	2020-03-12 12:38:27.000	6	2	40698.599999999999	1039042		0	1
1331	1331	20200304	2020-03-04 16:03:24.000	6	2	40705.599999999999	1025528		0	1
1332	1332	20200305	2020-03-05 11:13:42.000	6	2	40708.0	1027229		0	1
1333	1333	20200309	2020-03-09 13:14:52.000	6	2	40717.800000000003	1025481		0	1
1334	1334	20200413	2020-04-13 09:22:53.000	6	2	40721.099999999999	1028482		0	1
1335	1335	20200326	2020-03-26 13:24:35.000	6	2	40722.5	1026420		0	1
1336	1336	20200315	2020-03-15 11:40:51.000	6	2	40727.699999999997	1039077		0	1
1337	1337	20200321	2020-03-21 11:47:31.000	6	2	40735.300000000003	1025543		0	1
1338	1338	20200308	2020-03-08 08:48:19.000	6	2	40759.0	1025466		0	1
1339	1339	20200315	2020-03-15 10:26:30.000	6	2	40782.099999999999	1039079		0	1
1340	1340	20200316	2020-03-16 09:53:15.000	6	2	40792.400000000001	1039086		0	1
1341	1341	20200325	2020-03-25 15:16:53.000	6	2	40810.0	1026411		0	1
1342	1342	20201211	2020-12-11 10:11:18.000	6	2	40962.900000000001	1037214		0	1
1343	1343	20210609	2021-06-09 11:26:14.000	6	2	41033.300000000003	1039735		0	1
1344	1344	20200428	2020-04-28 08:29:00.000	15	2	0.0	129890		0	1
1345	1345	20210515	2021-05-15 08:35:00.000	15	2	30005.0	883729		0	1
1346	1346	20210527	2021-05-27 08:00:00.000	15	2	38066.0	884818		0	1
1347	1347	20210520	2021-05-20 14:25:00.000	15	2	38427.0	884003		0	1
1348	1348	20210414	2021-04-14 10:00:00.000	15	2	38486.0	880807		0	1
1349	1349	20210611	2021-06-11 10:50:00.000	15	2	38660.0	886314		0	1
1350	1350	20210118	2021-01-18 10:00:00.000	15	2	38705.0	875941		0	1
1351	1351	20210608	2021-06-08 09:30:00.000	15	2	38725.0	885787		0	1
1352	1352	20210115	2021-01-15 10:00:00.000	15	2	38760.0	875829		0	1
1353	1353	20201112	2020-11-12 10:00:00.000	15	2	38793.0	872988		0	1
1354	1354	20210529	2021-05-29 11:10:00.000	15	2	38804.0	885099		0	1
1355	1355	20210702	2021-07-02 12:12:26.627	15	2	38853.0	1020214		0	1
1356	1356	20201116	2020-11-16 10:00:00.000	15	2	38854.0	873105		0	1
1357	1357	20210623	2021-06-23 13:36:00.000	15	2	38885.0	1019264		0	1
1358	1358	20210628	2021-06-28 10:20:00.000	15	2	38894.0	1019878		0	1
1359	1359	20201208	2020-12-08 10:00:00.000	15	2	38918.0	874701		0	1
1360	1360	20210428	2021-04-28 10:00:00.000	15	2	38924.0	881359		0	1
1361	1361	20210421	2021-04-21 10:00:00.000	15	2	38926.0	881313		0	1
1362	1362	20210511	2021-05-11 10:00:00.000	15	2	38928.0	883050		0	1
1363	1363	20210530	2021-05-30 15:55:00.000	15	2	38933.0	885101		0	1
1364	1364	20201013	2020-10-13 10:00:00.000	15	2	38934.0	872663		0	1
1365	1365	20210613	2021-06-13 12:37:00.000	15	2	38934.0	886417		0	1
1366	1366	20210605	2021-06-05 14:17:00.000	15	2	38938.0	885678		0	1
1367	1367	20210503	2021-05-03 10:00:00.000	15	2	38941.0	882430		0	1
1368	1368	20210515	2021-05-15 15:40:00.000	15	2	38943.0	883731		0	1
1369	1369	20210514	2021-05-14 11:40:00.000	15	2	38946.0	883513		0	1
1370	1370	20210516	2021-05-16 08:32:00.000	15	2	38953.0	883732		0	1
1371	1371	20210508	2021-05-08 10:00:00.000	15	2	38963.0	882816		0	1
1372	1372	20210520	2021-05-20 14:25:00.000	15	2	38964.0	884029		0	1
1373	1373	20210519	2021-05-19 13:07:00.000	15	2	38971.0	883982		0	1
1374	1374	20210514	2021-05-14 09:20:00.000	15	2	38976.0	883501		0	1
1375	1375	20210518	2021-05-18 10:50:00.000	15	2	38980.0	883900		0	1
1376	1376	20210606	2021-06-06 01:26:00.000	15	2	38982.0	885681		0	1
1377	1377	20210709	2021-07-09 23:00:00.000	15	2	38983.0	1043206		0	1
1378	1378	20210517	2021-05-17 08:56:00.000	15	2	38985.0	883796		0	1
1379	1379	20210705	2021-07-05 10:58:00.000	15	2	38987.0	1020736		0	1
1380	1380	20210708	2021-07-08 23:40:00.000	15	2	38989.0	1043075		0	1
1381	1381	20210517	2021-05-17 13:22:00.000	15	2	38990.0	883882		0	1
1382	1382	20210523	2021-05-23 19:29:27.767	15	2	38990.0	884127		0	1
1383	1383	20210624	2021-06-24 15:50:00.000	15	2	38990.0	1019438		0	1
1384	1384	20210627	2021-06-27 13:20:00.000	15	2	38991.0	1019748		0	1
1385	1385	20210628	2021-06-28 11:48:00.000	15	2	38991.0	1019879		0	1
1386	1386	20210702	2021-07-02 22:50:00.000	15	2	38991.0	1020215		0	1
1387	1387	20210707	2021-07-07 13:06:00.000	15	2	38991.0	1042935		0	1
1388	1388	20210615	2021-06-15 10:00:00.000	15	2	38992.0	886526		0	1
1389	1389	20210701	2021-07-01 08:48:00.000	15	2	38992.0	1020143		0	1
1390	1390	20210705	2021-07-05 09:28:00.000	15	2	38992.0	1020735		0	1
1391	1391	20210601	2021-06-01 15:16:00.000	15	2	38993.0	885263		0	1
1392	1392	20210525	2021-05-25 10:00:00.000	15	2	38995.0	884345		0	1
1393	1393	20210626	2021-06-26 16:25:00.000	15	2	38995.0	1019682		0	1
1394	1394	20210704	2021-07-04 09:28:00.000	15	2	38995.0	1020502		0	1
1395	1395	20210706	2021-07-06 15:30:00.000	15	2	38995.0	1042914		0	1
1396	1396	20210309	2021-03-09 10:00:00.000	15	2	38996.0	878012		0	1
1397	1397	20210606	2021-06-06 14:54:00.000	15	2	38996.0	885683		0	1
1398	1398	20210614	2021-06-14 13:29:00.000	15	2	38996.0	886512		0	1
1399	1399	20210621	2021-06-21 09:04:00.000	15	2	38996.0	921440		0	1
1400	1400	20210701	2021-07-01 10:10:00.000	15	2	38996.0	1020144		0	1
1401	1401	20210529	2021-05-29 09:45:00.000	15	2	38997.0	885097		0	1
1402	1402	20210607	2021-06-07 08:32:00.000	15	2	38997.0	885709		0	1
1403	1403	20210620	2021-06-20 13:50:00.000	15	2	38997.0	913466		0	1
1404	1404	20210703	2021-07-03 12:08:00.000	15	2	38997.0	1020500		0	1
1405	1405	20210317	2021-03-17 10:00:00.000	15	2	38998.0	878878		0	1
1406	1406	20210708	2021-07-08 10:15:00.000	15	2	38998.0	1043074		0	1
1407	1407	20210614	2021-06-14 08:48:00.000	15	2	38999.0	886418		0	1
1408	1408	20210616	2021-06-16 11:40:00.000	15	2	38999.0	886649		0	1
1409	1409	20210625	2021-06-25 15:50:00.000	15	2	38999.0	1019509		0	1
1410	1410	20210630	2021-06-30 09:00:00.000	15	2	38999.0	1020104		0	1
1411	1411	20210703	2021-07-03 10:31:00.000	15	2	38999.0	1020499		0	1
1412	1412	20210621	2021-06-21 10:30:00.000	15	2	39000.0	921441		0	1
1413	1413	20210629	2021-06-29 16:00:00.000	15	2	39000.0	1019992		0	1
1414	1414	20210530	2021-05-30 14:27:00.000	15	2	39001.0	885100		0	1
1415	1415	20210617	2021-06-17 10:00:00.000	15	2	39001.0	886758		0	1
1416	1416	20210627	2021-06-27 14:30:00.000	15	2	39001.0	1019749		0	1
1417	1417	20210709	2021-07-09 14:05:49.680	15	2	39001.0	1043207		0	1
1418	1418	20210225	2021-02-25 10:00:00.000	15	2	39002.0	877370		0	1
1419	1419	20210324	2021-03-24 10:00:00.000	15	2	39002.0	879421		0	1
1420	1420	20210406	2021-04-06 10:00:00.000	15	2	39002.0	880147		0	1
1421	1421	20210616	2021-06-16 09:05:00.000	15	2	39002.0	886647		0	1
1422	1422	20210704	2021-07-04 07:45:05.627	15	2	39002.0	1020503		0	1
1423	1423	20210604	2021-06-04 13:47:00.000	15	2	39003.0	885446		0	1
1424	1424	20210611	2021-06-11 13:15:00.000	15	2	39003.0	886315		0	1
1425	1425	20210612	2021-06-12 11:15:05.000	15	2	39003.0	886316		0	1
1426	1426	20210618	2021-06-18 11:35:00.000	15	2	39003.0	887065		0	1
1427	1427	20210318	2021-03-18 10:00:00.000	15	2	39005.0	878928		0	1
1428	1428	20201217	2020-12-17 10:00:00.000	15	2	39006.0	875051		0	1
1429	1429	20210412	2021-04-12 10:00:00.000	15	2	39006.0	880501		0	1
1430	1430	20210705	2021-07-05 12:52:00.000	15	2	39006.0	1020737		0	1
1431	1431	20210627	2021-06-27 16:00:00.000	15	2	39007.0	1019751		0	1
1432	1432	20210609	2021-06-09 09:00:00.000	15	2	39008.0	885892		0	1
1433	1433	20201219	2020-12-19 10:00:00.000	15	2	39009.0	875128		0	1
1434	1434	20210605	2021-06-05 13:00:00.000	15	2	39009.0	885676		0	1
1435	1435	20210624	2021-06-24 10:25:00.000	15	2	39012.0	1019435		0	1
1436	1436	20201015	2020-10-15 10:00:00.000	15	2	39021.0	872665		0	1
1437	1437	20210209	2021-02-09 10:00:00.000	15	2	39022.0	876665		0	1
1438	1438	20210604	2021-06-04 00:10:00.000	15	2	39026.0	885445		0	1
1439	1439	20201103	2020-11-03 10:00:00.000	15	2	39030.0	872779		0	1
1440	1440	20210601	2021-06-01 09:17:00.000	15	2	39030.0	885204		0	1
1441	1441	20210624	2021-06-24 09:05:00.000	15	2	39030.0	1019434		0	1
1442	1442	20210212	2021-02-12 10:00:00.000	15	2	39031.0	876787		0	1
1443	1443	20210621	2021-06-21 12:14:00.000	15	2	39041.0	921442		0	1
1444	1444	20210616	2021-06-16 10:23:00.000	15	2	39043.0	886648		0	1
1445	1445	20210601	2021-06-01 13:13:00.000	15	2	39054.0	885205		0	1
1446	1446	20210617	2021-06-17 11:58:00.000	15	2	39058.0	886759		0	1
1447	1447	20210531	2021-05-31 00:40:00.000	15	2	39064.0	885145		0	1
1448	1448	20210618	2021-06-18 13:13:00.000	15	2	39065.0	887066		0	1
1449	1449	20210506	2021-05-06 10:00:00.000	15	2	39068.0	882653		0	1
1450	1450	20210603	2021-06-03 10:20:00.000	15	2	39069.0	885410		0	1
1451	1451	20210610	2021-06-10 14:12:00.000	15	2	39082.0	886130		0	1
1452	1452	20210602	2021-06-02 01:17:00.000	15	2	39084.0	885316		0	1
1453	1453	20210609	2021-06-09 10:30:00.000	15	2	39089.0	885893		0	1
1454	1454	20210528	2021-05-28 09:17:00.000	15	2	39090.0	885077		0	1
1455	1455	20210610	2021-06-10 13:00:00.000	15	2	39090.0	886129		0	1
1456	1456	20210620	2021-06-20 12:30:00.000	15	2	39094.0	913465		0	1
1457	1457	20201201	2020-12-01 22:00:00.000	15	2	39097.0	874243		0	1
1458	1458	20210624	2021-06-24 11:50:00.000	15	2	39099.0	1019436		0	1
1459	1459	20210613	2021-06-13 10:05:00.000	15	2	39102.0	886416		0	1
1460	1460	20210527	2021-05-27 03:15:00.000	15	2	39103.0	884819		0	1
1461	1461	20210629	2021-06-29 13:59:00.000	15	2	39107.0	1019991		0	1
1462	1462	20210603	2021-06-03 14:10:00.000	15	2	39111.0	885411		0	1
1463	1463	20210619	2021-06-19 08:18:00.000	15	2	39118.0	916297		0	1
1464	1464	20210612	2021-06-12 12:34:00.000	15	2	39136.0	886408		0	1
1465	1465	20201118	2020-11-18 10:00:00.000	15	2	39138.0	873266		0	1
1466	1466	20201029	2020-10-29 10:00:00.000	15	2	39141.0	872751		0	1
1467	1467	20210608	2021-06-08 11:08:00.000	15	2	39143.0	885788		0	1
1468	1468	20191205	2019-12-05 10:45:00.000	15	2	39180.0	8472		0	1
1469	1469	20201019	2020-10-19 10:00:00.000	15	2	39212.0	872680		0	1
1470	1470	20201028	2020-10-28 10:00:00.000	15	2	39262.0	872742		0	1
1471	1471	20200225	2020-02-25 14:30:00.000	15	2	39505.0	11068		0	1
1472	1472	20210613	2021-06-13 08:32:00.000	15	2	39599.0	886415		0	1
1473	1473	20200303	2020-03-03 16:16:00.000	15	2	39912.0	11274		0	1
1474	1474	20191204	2019-12-04 13:20:00.000	15	2	73039.0	11078		0	1
1475	1475	20201105	2020-11-05 10:00:00.000	15	2	77102.0	872788		0	1
1476	1476	20200429	2020-04-29 13:21:00.000	15	2	77325.0	539476		0	1
1477	1477	20210513	2021-05-13 10:00:00.000	15	2	77468.0	883430		0	1
1478	1478	20201204	2020-12-04 10:00:00.000	15	2	77563.0	874697		0	1
1479	1479	20210107	2021-01-07 10:00:00.000	15	2	77599.0	875577		0	1
1480	1480	20210113	2021-01-13 10:00:00.000	15	2	77618.0	875786		0	1
1481	1481	20201111	2020-11-11 10:00:00.000	15	2	77704.0	872935		0	1
1482	1482	20201214	2020-12-14 10:00:00.000	15	2	77736.0	874935		0	1
1483	1483	20210429	2021-04-29 10:00:00.000	15	2	77814.0	882138		0	1
1484	1484	20210420	2021-04-20 10:00:00.000	15	2	77816.0	881201		0	1
1485	1485	20201117	2020-11-17 10:00:00.000	15	2	77824.0	873209		0	1
1486	1486	20210422	2021-04-22 10:00:00.000	15	2	77830.0	881878		0	1
1487	1487	20210208	2021-02-08 10:00:00.000	15	2	77865.0	876591		0	1
1488	1488	20201221	2020-12-21 10:40:02.270	15	2	77870.0	875298		0	1
1489	1489	20201209	2020-12-09 10:00:00.000	15	2	77883.0	874702		0	1
1490	1490	20210512	2021-05-12 10:00:00.000	15	2	77894.0	883075		0	1
1491	1491	20210419	2021-04-19 10:00:00.000	15	2	77900.0	881162		0	1
1492	1492	20210315	2021-03-15 10:00:00.000	15	2	77902.0	878774		0	1
1493	1493	20210408	2021-04-08 10:00:00.000	15	2	77903.0	880283		0	1
1494	1494	20201203	2020-12-03 10:00:00.000	15	2	77909.0	874385		0	1
1495	1495	20210507	2021-05-07 10:00:00.000	15	2	77917.0	882685		0	1
1496	1496	20210510	2021-05-10 10:00:00.000	15	2	77924.0	882904		0	1
1497	1497	20210509	2021-05-09 10:00:00.000	15	2	77931.0	882840		0	1
1498	1498	20210311	2021-03-11 10:00:00.000	15	2	77932.0	878515		0	1
1499	1499	20210526	2021-05-26 10:00:00.000	15	2	77939.0	884396		0	1
1500	1500	20210504	2021-05-04 10:00:00.000	15	2	77953.0	882501		0	1
1501	1501	20210415	2021-04-15 10:00:00.000	15	2	77973.0	880880		0	1
1502	1502	20210407	2021-04-07 10:00:00.000	15	2	77982.0	880193		0	1
1503	1503	20210310	2021-03-10 10:00:00.000	15	2	77993.0	878468		0	1
1504	1504	20210308	2021-03-08 10:00:00.000	15	2	77998.0	877936		0	1
1505	1505	20210127	2021-01-27 10:00:00.000	15	2	78007.0	876178		0	1
1506	1506	20201221	2020-12-21 10:00:00.000	15	2	78010.0	875159		0	1
1507	1507	20210210	2021-02-10 10:00:00.000	15	2	78010.0	876666		0	1
1508	1508	20201223	2020-12-23 10:41:20.653	15	2	78013.0	875299		0	1
1509	1509	20201215	2020-12-15 10:00:00.000	15	2	78016.0	875013		0	1
1510	1510	20210125	2021-01-25 10:00:00.000	15	2	78017.0	876129		0	1
1511	1511	20210119	2021-01-19 10:00:00.000	15	2	78018.0	875959		0	1
1512	1512	20210128	2021-01-28 10:00:00.000	15	2	78021.0	876201		0	1
1513	1513	20201226	2020-12-26 10:42:01.373	15	2	78030.0	875300		0	1
1514	1514	20210202	2021-02-02 10:00:00.000	15	2	78035.0	876351		0	1
1515	1515	20201207	2020-12-07 10:00:00.000	15	2	78053.0	874700		0	1
1516	1516	20210203	2021-02-03 10:00:00.000	15	2	78054.0	876372		0	1
1517	1517	20201210	2020-12-10 10:00:00.000	15	2	78170.0	874739		0	1
1518	1518	20210216	2021-02-16 10:00:00.000	15	2	78213.0	876916		0	1
1519	1519	20200224	2020-02-24 12:00:00.000	15	2	78260.0	11069		0	1
1520	1520	20201020	2020-10-20 10:00:00.000	15	2	78291.0	872700		0	1
1521	1521	20191208	2019-12-08 11:35:00.000	15	2	78295.0	8492		0	1
1522	1522	20191209	2019-12-09 11:35:00.000	15	2	78295.0	11076		0	1
1523	1523	20201027	2020-10-27 10:00:00.000	15	2	78309.0	872738		0	1
1524	1524	20201021	2020-10-21 10:00:00.000	15	2	78354.0	872714		0	1
1525	1525	20210304	2021-03-04 10:00:00.000	15	2	78563.0	877692		0	1
1526	1526	20200213	2020-02-13 09:15:00.000	15	2	78766.0	11074		0	1
1527	1527	20210316	2021-03-16 10:00:00.000	15	2	78858.0	878805		0	1
1528	1528	20200211	2020-02-11 10:24:00.000	15	2	78908.0	11073		0	1
1529	1529	20210325	2021-03-25 10:00:00.000	15	2	79298.0	879469		0	1
1530	1530	20200318	2020-03-18 09:37:00.000	15	2	79933.0	11369		0	1
1531	1531	20200317	2020-03-17 10:10:00.000	15	2	80349.0	11367		0	1
1532	1532	20210112	2021-01-12 10:00:00.000	15	2	116114.0	875767		0	1
1533	1533	20210121	2021-01-21 10:00:00.000	15	2	116633.0	876010		0	1
1534	1534	20201014	2020-10-14 10:00:00.000	15	2	116640.0	872664		0	1
1535	1535	20210413	2021-04-13 10:00:00.000	15	2	116664.0	880696		0	1
1536	1536	20201205	2020-12-05 10:00:00.000	15	2	116666.0	874698		0	1
1537	1537	20201206	2020-12-06 10:00:00.000	15	2	116687.0	874699		0	1
1538	1538	20201026	2020-10-26 10:00:00.000	15	2	116775.0	872731		0	1
1539	1539	20200228	2020-02-28 11:13:00.000	15	2	116905.0	11273		0	1
1540	1540	20210524	2021-05-24 10:00:00.000	15	2	116982.0	884251		0	1
1541	1541	20210505	2021-05-05 10:00:00.000	15	2	116993.0	882578		0	1
1542	1542	20210330	2021-03-30 22:00:00.000	15	2	116999.0	879820		0	1
1543	1543	20210212	2021-02-12 10:00:00.000	15	2	117010.0	876784		0	1
1544	1544	20201220	2020-12-20 10:00:00.000	15	2	117012.0	875129		0	1
1545	1545	20210120	2021-01-20 10:00:00.000	15	2	117019.0	875979		0	1
1546	1546	20210204	2021-02-04 10:00:00.000	15	2	117042.0	876426		0	1
1547	1547	20200219	2020-02-19 09:41:00.000	15	2	117286.0	11071		0	1
1548	1548	20201119	2020-11-19 10:00:00.000	15	2	117579.0	873616		0	1
1549	1549	20201102	2020-11-02 10:00:00.000	15	2	117619.0	872773		0	1
1550	1550	20210223	2021-02-23 10:00:00.000	15	2	118126.0	877311		0	1
1551	1551	20200423	2020-04-23 22:10:00.000	15	2	119155.0	396945		0	1
1552	1552	20200422	2020-04-22 11:12:00.000	15	2	119898.0	396944		0	1
1553	1553	20200417	2020-04-17 09:25:00.000	15	2	120425.0	47982		0	1
1554	1554	20200311	2020-03-11 16:30:00.000	15	2	120662.0	11364		0	1
1555	1555	20200304	2020-03-04 15:20:00.000	15	2	120749.0	11362		0	1
1556	1556	20200316	2020-03-16 10:08:00.000	15	2	121210.0	9336		0	1
1557	1557	20210427	2021-04-27 10:00:00.000	15	2	154828.0	881673		0	1
1558	1558	20210117	2021-01-17 10:00:00.000	15	2	154983.0	875911		0	1
1559	1559	20201108	2020-11-08 10:00:00.000	15	2	156008.0	872805		0	1
1560	1560	20210218	2021-02-18 10:00:00.000	15	2	156009.0	877018		0	1
1561	1561	20201211	2020-12-11 10:00:00.000	15	2	156053.0	874848		0	1
1562	1562	20200226	2020-02-26 12:20:00.000	15	2	156475.0	11235		0	1
1563	1563	20210111	2021-01-11 10:00:00.000	15	2	193949.0	875703		0	1
1564	1564	20210423	2021-04-23 10:00:00.000	15	2	194105.0	881581		0	1
1565	1565	20210312	2021-03-12 10:00:00.000	15	2	194284.0	878728		0	1
1566	1566	20210430	2021-04-30 10:00:00.000	15	2	194508.0	882358		0	1
1567	1567	20210205	2021-02-05 10:00:00.000	15	2	195027.0	876550		0	1
1568	1568	20210124	2021-01-24 10:00:00.000	15	2	195036.0	876080		0	1
1569	1569	20201023	2020-10-23 10:00:00.000	15	2	195565.0	872724		0	1
1570	1570	20210416	2021-04-16 10:00:00.000	15	2	233284.0	881123		0	1
1571	1571	20210521	2021-05-21 10:00:00.000	15	2	233882.0	884171		0	1
1572	1572	20201230	2020-12-30 10:00:00.000	15	2	234025.0	875349		0	1
1573	1573	20210129	2021-01-29 10:00:00.000	15	2	234094.0	876303		0	1
1574	1574	20201129	2020-11-29 10:00:00.000	15	2	234220.0	874199		0	1
1575	1575	20201126	2020-11-26 10:00:00.000	15	2	234725.0	873991		0	1
1576	1576	20210409	2021-04-09 10:00:00.000	15	2	272714.0	880444		0	1
1577	1577	20201101	2020-11-01 10:00:00.000	15	2	272796.0	872766		0	1
1578	1578	20210319	2021-03-19 10:00:00.000	15	2	272830.0	879255		0	1
1579	1579	20200223	2020-02-23 11:50:00.000	15	2	274538.0	11070		0	1
1580	1580	20210305	2021-03-05 10:00:00.000	15	2	275040.0	877858		0	1
1581	1581	20200315	2020-03-15 16:15:00.000	15	2	322277.0	11365		0	1
1582	1582	20201016	2020-10-16 10:00:00.000	15	2	346891.0	872674		0	1
1583	1583	20201120	2020-11-20 10:00:00.000	15	2	350643.0	873776		0	1
1584	1584	20210302	2021-03-02 10:00:00.000	15	2	350834.0	877580		0	1
1585	1585	20200215	2020-02-15 11:45:00.000	15	2	352713.0	11072		0	1
1586	1586	20210222	2021-02-22 10:00:00.000	15	2	389048.0	877191		0	1
1587	1587	20210326	2021-03-26 10:00:00.000	15	2	389629.0	879711		0	1
1588	1588	20200306	2020-03-06 11:11:00.000	15	2	402124.0	11363		0	1
1589	1589	20210401	2021-04-01 10:00:00.000	15	2	467653.0	880093		0	1
1590	1590	20210106	2021-01-06 10:00:00.000	15	2	622178.0	875541		0	1
1591	1591	20210801	2021-08-01 09:58:19.000	6	2	38809.400000000001	1046339		0	1
1592	1592	20210801	2021-08-01 08:31:00.000	6	2	38878.0	1046340		0	1
1593	1593	20210801	2021-08-01 11:45:53.000	6	2	38908.300000000003	1046338		0	1
1594	1594	20210801	2021-08-01 13:21:44.000	6	2	38972.199999999997	1046337		0	1
1595	1595	20210801	2021-08-01 14:56:46.000	6	2	38999.199999999997	1046336		0	1
1596	1596	20210802	2021-08-02 10:24:41.000	6	2	38823.199999999997	1046412		0	1
1597	1597	20210802	2021-08-02 08:51:49.000	6	2	38918.5	1046413		0	1
1598	1598	20210802	2021-08-02 08:51:49.000	6	2	38918.5	1046414		0	1
1599	1599	20210802	2021-08-02 11:57:26.000	6	2	38938.099999999999	1046438		0	1
1600	1600	20210802	2021-08-02 13:26:16.000	6	2	38955.0	1046437		0	1
1601	1601	20210802	2021-08-02 08:10:00.000	15	2	38998.0	1046415		0	1
1602	1602	20210802	2021-08-02 10:00:00.000	15	2	38998.0	1046416		0	1
1603	1603	20210803	2021-08-03 10:00:44.000	6	2	38946.599999999999	1046562		0	1
1604	1604	20210803	2021-08-03 11:31:40.000	6	2	39059.699999999997	1046560		0	1
1605	1605	20210803	2021-08-03 09:41:00.000	15	2	38998.0	1046555		0	1
1606	1606	20210804	2021-08-04 12:36:41.000	6	2	33929.099999999999	1046671		0	1
1607	1607	20210804	2021-08-04 09:12:31.000	6	2	38920.400000000001	1046635		0	1
1608	1608	20210804	2021-08-04 09:12:31.000	6	2	38920.400000000001	1046636		0	1
1609	1609	20210804	2021-08-04 10:57:15.000	6	2	38952.099999999999	1046672		0	1
1610	1610	20210804	2021-08-04 11:55:00.000	15	2	38998.0	1046665		0	1
1611	1611	20210804	2021-08-04 09:30:00.000	15	2	39000.0	1046637		0	1
1612	1612	20210805	2021-08-05 11:02:20.000	6	2	38933.5	1046763		0	1
1613	1613	20210805	2021-08-05 09:17:50.000	6	2	38939.099999999999	1046747		0	1
1614	1614	20210805	2021-08-05 09:30:00.000	15	2	38991.0	1046757		0	1
1615	1615	20210805	2021-08-05 11:12:00.000	15	2	38992.0	1046758		0	1
1616	1616	20210806	2021-08-06 10:20:42.000	6	2	38849.800000000003	1046891		0	1
1617	1617	20210806	2021-08-06 08:34:26.000	6	2	38928.699999999997	1046892		0	1
1618	1618	20210806	2021-08-06 11:53:58.000	6	2	39062.300000000003	1046890		0	1
1619	1619	20210807	2021-08-07 13:11:26.000	6	2	38918.300000000003	1046971		0	1
1620	1620	20210807	2021-08-07 11:16:47.000	6	2	39038.800000000003	1046972		0	1
1621	1621	20210807	2021-08-07 14:45:05.000	6	2	39138.199999999997	1046970		0	1
1622	1622	20210808	2021-08-08 11:55:19.000	6	2	38907.0	1047048		0	1
1623	1623	20210808	2021-08-08 08:38:15.000	6	2	38947.099999999999	1047050		0	1
1624	1624	20210808	2021-08-08 10:14:40.000	6	2	38975.699999999997	1047049		0	1
1625	1625	20210808	2021-08-08 13:29:02.000	6	2	39645.599999999999	1047047		0	1
1626	1626	20210809	2021-08-09 09:45:10.000	6	2	38749.400000000001	1047188		0	1
1627	1627	20210809	2021-08-09 11:28:42.000	6	2	38941.400000000001	1047187		0	1
1628	1628	20210809	2021-08-09 08:10:32.000	6	2	39025.300000000003	1047189		0	1
1629	1629	20210809	2021-08-09 13:10:42.000	6	2	39063.800000000003	1047186		0	1
1630	1630	20210818	2021-08-18 13:00:42.000	6	2	0.0	1049176		0	1
1631	1631	20210812	2021-08-12 09:33:04.000	6	2	26594.200000000001	1047626		0	1
1632	1632	20210813	2021-08-13 10:44:38.000	6	2	34000.900000000001	1047913		0	1
1633	1633	20210811	2021-08-11 12:20:05.000	6	2	38681.199999999997	1047539		0	1
1634	1634	20210816	2021-08-16 08:13:58.000	6	2	38782.0	1048869		0	1
1635	1635	20210811	2021-08-11 14:07:15.000	6	2	38801.599999999999	1047538		0	1
1636	1636	20210814	2021-08-14 08:16:06.000	6	2	38812.099999999999	1048532		0	1
1637	1637	20210815	2021-08-15 09:04:16.000	6	2	38826.099999999999	1048663		0	1
1638	1638	20210815	2021-08-15 10:53:12.000	6	2	38826.599999999999	1048662		0	1
1639	1639	20210815	2021-08-15 12:48:48.000	6	2	38837.0	1048661		0	1
1640	1640	20210814	2021-08-14 13:51:09.000	6	2	38854.199999999997	1048529		0	1
1641	1641	20210811	2021-08-11 10:37:48.000	6	2	38856.199999999997	1047540		0	1
1642	1642	20210816	2021-08-16 10:09:44.000	6	2	38864.199999999997	1048868		0	1
1643	1643	20210811	2021-08-11 08:54:02.000	6	2	38866.0	1047541		0	1
1644	1644	20210814	2021-08-14 11:57:11.000	6	2	38866.199999999997	1048530		0	1
1645	1645	20210816	2021-08-16 12:15:19.000	6	2	38870.699999999997	1048867		0	1
1646	1646	20210816	2021-08-16 15:54:59.000	6	2	38890.599999999999	1048865		0	1
1647	1647	20210817	2021-08-17 13:08:46.000	6	2	38895.0	1049029		0	1
1648	1648	20210812	2021-08-12 15:01:06.000	6	2	38899.900000000001	1047780		0	1
1649	1649	20210818	2021-08-18 11:46:19.000	6	2	38907.099999999999	1049177		0	1
1650	1650	20210817	2021-08-17 10:42:54.000	6	2	38919.400000000001	1049031		0	1
1651	1651	20210817	2021-08-17 09:29:38.000	6	2	38920.5	1049032		0	1
1652	1652	20210817	2021-08-17 11:54:41.000	6	2	38927.199999999997	1049030		0	1
1653	1653	20210818	2021-08-18 08:41:05.000	6	2	38931.599999999999	1049179		0	1
1654	1654	20210814	2021-08-14 10:06:51.000	6	2	38938.800000000003	1048531		0	1
1655	1655	20210816	2021-08-16 13:59:09.000	6	2	38968.800000000003	1048866		0	1
1656	1656	20210812	2021-08-12 13:15:21.000	6	2	38973.099999999999	1047781		0	1
1657	1657	20210812	2021-08-12 11:31:28.000	6	2	38976.699999999997	1047782		0	1
1658	1658	20210810	2021-08-10 11:24:51.000	6	2	38987.0	1047375		0	1
1659	1659	20210818	2021-08-18 10:04:05.000	6	2	39010.300000000003	1049178		0	1
1660	1660	20210813	2021-08-13 08:48:07.000	6	2	39063.599999999999	1047914		0	1
1661	1661	20210810	2021-08-10 09:48:17.000	6	2	39103.0	1047376		0	1
1662	1662	20210816	2021-08-16 08:37:00.000	15	2	38986.0	1048818		0	1
1663	1663	20210812	2021-08-12 11:10:00.000	15	2	38987.0	1047858		0	1
1664	1664	20210818	2021-08-18 08:25:00.000	15	2	38991.0	1049146		0	1
1665	1665	20210810	2021-08-10 10:38:00.000	15	2	38997.0	1047381		0	1
1666	1666	20210812	2021-08-12 09:40:00.000	15	2	38998.0	1047857		0	1
1667	1667	20210816	2021-08-16 09:51:00.000	15	2	38998.0	1048819		0	1
1668	1668	20210810	2021-08-10 09:28:00.000	15	2	38999.0	1047378		0	1
1669	1669	20210818	2021-08-18 12:00:00.000	15	2	38999.0	1049277		0	1
1670	1670	20210811	2021-08-11 08:43:00.000	15	2	39004.0	1047509		0	1
1671	1671	20210811	2021-08-11 10:20:00.000	15	2	39006.0	1047512		0	1
1672	1672	20210819	2021-08-19 09:20:52.000	6	2	39038.699999999997	1049346		0	1
1673	1673	20210819	2021-08-19 12:05:21.000	6	2	39039.199999999997	1049344		0	1
1674	1674	20210819	2021-08-19 10:34:11.000	6	2	39117.599999999999	1049345		0	1
1675	1675	20210819	2021-08-19 09:05:00.000	15	2	39011.0	1049341		0	1
1676	1676	20210820	2021-08-20 09:51:05.000	6	2	39028.300000000003	1049511		0	1
1677	1677	20210820	2021-08-20 12:35:34.000	6	2	39066.199999999997	1049509		0	1
1678	1678	20210820	2021-08-20 11:14:05.000	6	2	39087.0	1049510		0	1
1679	1679	20210820	2021-08-20 09:35:00.000	15	2	39002.0	1049482		0	1
1680	1680	20210821	2021-08-21 08:54:57.000	6	2	38881.599999999999	1049679		0	1
1681	1681	20210821	2021-08-21 10:20:55.000	6	2	38941.400000000001	1049678		0	1
1682	1682	20210821	2021-08-21 11:42:57.000	6	2	39129.599999999999	1049677		0	1
1683	1683	20210822	2021-08-22 13:01:49.000	6	2	11995.9	1049807		0	1
1684	1684	20210822	2021-08-22 09:08:35.000	6	2	39027.0	1049788		0	1
1685	1685	20210822	2021-08-22 10:20:45.000	6	2	39031.400000000001	1049787		0	1
1686	1686	20210822	2021-08-22 11:43:30.000	6	2	39061.900000000001	1049786		0	1
1687	1687	20210823	2021-08-23 08:17:08.000	6	2	12024.6	1049893		0	1
1688	1688	20210823	2021-08-23 09:41:12.000	6	2	38888.800000000003	1049912		0	1
1689	1689	20210823	2021-08-23 11:04:52.000	6	2	38972.300000000003	1049966		0	1
1690	1690	20210823	2021-08-23 08:00:00.000	15	2	39012.0	1049911		0	1
1691	1691	20210824	2021-08-24 15:00:20.000	6	2	1.3999999999999999	1050189		0	1
1692	1692	20210824	2021-08-24 11:00:04.000	6	2	38914.5	1050192		0	1
1693	1693	20210824	2021-08-24 13:42:19.000	6	2	38975.800000000003	1050190		0	1
1694	1694	20210824	2021-08-24 12:13:56.000	6	2	38999.199999999997	1050191		0	1
1695	1695	20210824	2021-08-24 09:39:00.000	6	2	39036.599999999999	1050111		0	1
1696	1696	20210824	2021-08-24 09:18:00.000	15	2	39009.0	1050109		0	1
1697	1697	20210825	2021-08-25 11:38:33.000	6	2	39048.400000000001	1050334		0	1
1698	1698	20210825	2021-08-25 09:05:18.000	6	2	39056.5	1050333		0	1
1699	1699	20210825	2021-08-25 10:21:37.000	6	2	39185.400000000001	1050335		0	1
1700	1700	20210825	2021-08-25 08:46:00.000	15	2	38994.0	1050322		0	1
1701	1701	20210825	2021-08-25 10:11:00.000	15	2	39000.0	1050323		0	1
1702	1702	20210826	2021-08-26 10:09:32.000	6	2	38724.5	1050481		0	1
1703	1703	20210826	2021-08-26 08:54:36.000	6	2	39080.699999999997	1050482		0	1
1704	1704	20210826	2021-08-26 08:40:00.000	15	2	39016.0	1050472		0	1
1705	1705	20210826	2021-08-26 10:05:00.000	15	2	39055.0	1050473		0	1
1706	1706	20210827	2021-08-27 09:02:42.000	6	2	38906.900000000001	1052525		0	1
1707	1707	20210827	2021-08-27 11:34:33.000	6	2	38977.400000000001	1052523		0	1
1708	1708	20210827	2021-08-27 12:56:25.000	6	2	39037.599999999999	1052522		0	1
1709	1709	20210827	2021-08-27 10:20:04.000	6	2	39189.199999999997	1052524		0	1
1710	1710	20210827	2021-08-27 08:47:00.000	15	2	38984.0	1052499		0	1
1711	1711	20210827	2021-08-27 10:01:00.000	15	2	38993.0	1052500		0	1
1712	1712	20210828	2021-08-28 11:37:38.000	6	2	5301.3999999999996	1052641		0	1
1713	1713	20210828	2021-08-28 10:31:10.000	6	2	33766.199999999997	1052642		0	1
1714	1714	20210828	2021-08-28 09:12:43.000	6	2	39160.099999999999	1052643		0	1
1715	1715	20210829	2021-08-29 10:34:43.000	6	2	38804.800000000003	1052766		0	1
1716	1716	20210829	2021-08-29 13:16:17.000	6	2	38871.400000000001	1052832		0	1
1717	1717	20210829	2021-08-29 09:15:21.000	6	2	38887.599999999999	1052767		0	1
1718	1718	20210829	2021-08-29 12:00:41.000	6	2	39019.099999999999	1052833		0	1
1719	1719	20210830	2021-08-30 09:27:58.000	6	2	38831.800000000003	1052967		0	1
1720	1720	20210830	2021-08-30 12:05:47.000	6	2	38989.699999999997	1052965		0	1
1721	1721	20210830	2021-08-30 10:48:20.000	6	2	39039.400000000001	1052966		0	1
1722	1722	20210830	2021-08-30 08:30:00.000	15	2	39006.0	1052959		0	1
1723	1723	20210831	2021-08-31 12:55:17.000	6	2	17186.400000000001	1053054		0	1
1724	1724	20210831	2021-08-31 09:58:07.000	6	2	38901.300000000003	1053056		0	1
1725	1725	20210831	2021-08-31 11:29:35.000	6	2	38958.900000000001	1053055		0	1
1726	1726	20210901	2021-09-01 12:57:36.000	6	2	39012.699999999997	1053204		0	1
1727	1727	20210901	2021-09-01 11:42:45.000	6	2	39051.0	1053205		0	1
1728	1728	20210901	2021-09-01 10:27:22.000	6	2	39094.599999999999	1053206		0	1
1729	1729	20210901	2021-09-01 14:07:21.000	6	2	39167.5	1053203		0	1
1730	1730	20210901	2021-09-01 13:35:53.490	15	2	39000.0	1053179		0	1
1731	1731	20210902	2021-09-02 11:17:12.000	6	2	11514.799999999999	1053313		0	1
1732	1732	20210902	2021-09-02 10:27:57.000	6	2	23480.700000000001	1053314		0	1
1733	1733	20210902	2021-09-02 14:36:24.000	6	2	38853.599999999999	1053325		0	1
1734	1734	20210902	2021-09-02 11:44:10.000	6	2	39007.800000000003	1053312		0	1
1735	1735	20210902	2021-09-02 09:05:23.000	6	2	39041.400000000001	1053315		0	1
1736	1736	20210902	2021-09-02 11:13:00.000	15	2	38995.0	1053336		0	1
1737	1737	20210902	2021-09-02 08:48:00.000	15	2	39022.0	1053335		0	1
1738	1738	20210903	2021-09-03 08:52:32.000	6	2	38889.300000000003	1053452		0	1
1739	1739	20210903	2021-09-03 11:29:53.000	6	2	38971.5	1053450		0	1
1740	1740	20210903	2021-09-03 10:18:34.000	6	2	39101.5	1053451		0	1
1741	1741	20210903	2021-09-03 15:45:32.000	6	2	39180.199999999997	1053481		0	1
1742	1742	20210903	2021-09-03 09:55:00.000	15	2	39014.0	1053457		0	1
1743	1743	20210903	2021-09-03 08:35:00.000	15	2	39015.0	1053456		0	1
1744	1744	20210904	2021-09-04 11:26:55.000	6	2	38896.699999999997	1053566		0	1
1745	1745	20210904	2021-09-04 10:07:14.000	6	2	38991.099999999999	1053567		0	1
1746	1746	20210904	2021-09-04 13:03:22.000	6	2	39030.300000000003	1053587		0	1
1747	1747	20210904	2021-09-04 08:50:52.000	6	2	39068.300000000003	1053568		0	1
1748	1748	20210905	2021-09-05 08:43:22.000	6	2	39130.800000000003	1053672		0	1
1749	1749	20210905	2021-09-05 13:00:54.000	6	2	39158.0	1053693		0	1
1750	1750	20210905	2021-09-05 11:42:17.000	6	2	39212.699999999997	1053681		0	1
1751	1751	20210906	2021-09-06 06:05:41.000	6	2	0.0	1053763		0	1
1752	1752	20210906	2021-09-06 08:58:33.000	6	2	39081.0	1053836		0	1
1753	1753	20210906	2021-09-06 10:24:16.000	6	2	39106.800000000003	1053835		0	1
1754	1754	20210906	2021-09-06 13:11:00.000	6	2	39117.800000000003	1053833		0	1
1755	1755	20210906	2021-09-06 11:48:36.000	6	2	39268.0	1053834		0	1
1756	1756	20210906	2021-09-06 10:10:00.000	15	2	38998.0	1053826		0	1
1757	1757	20210906	2021-09-06 11:45:00.000	15	2	38998.0	1053829		0	1
1758	1758	20210907	2021-09-07 10:47:19.000	6	2	39059.5	1053966		0	1
1759	1759	20210907	2021-09-07 09:32:26.000	6	2	39118.699999999997	1053967		0	1
1760	1760	20210907	2021-09-07 12:10:48.000	6	2	39140.099999999999	1053965		0	1
1761	1761	20210907	2021-09-07 09:00:00.000	15	2	38999.0	1053953		0	1
1762	1762	20210907	2021-09-07 10:25:00.000	15	2	38999.0	1053954		0	1
1763	1763	20210908	2021-09-08 10:10:48.000	6	2	39021.900000000001	1054106		0	1
1764	1764	20210908	2021-09-08 08:45:57.000	6	2	39101.400000000001	1054107		0	1
1765	1765	20210908	2021-09-08 09:00:00.000	15	2	38993.0	1054110		0	1
1766	1766	20210908	2021-09-08 10:30:00.000	15	2	39001.0	1054111		0	1
1767	1767	20210909	2021-09-09 08:52:00.000	6	2	38963.199999999997	1054251		0	1
1768	1768	20210909	2021-09-09 14:21:12.000	6	2	38977.900000000001	1054271		0	1
1769	1769	20210909	2021-09-09 10:16:06.000	6	2	39068.400000000001	1054250		0	1
1770	1770	20210909	2021-09-09 11:00:00.000	15	2	38994.0	1054279		0	1
1771	1771	20210909	2021-09-09 09:15:00.000	15	2	39013.0	1054278		0	1
1772	1772	20210910	2021-09-10 08:39:25.000	6	2	38854.5	1054365		0	1
1773	1773	20210910	2021-09-10 12:17:01.000	6	2	38952.099999999999	1054384		0	1
1774	1774	20210910	2021-09-10 09:55:42.000	6	2	39018.400000000001	1054364		0	1
1775	1775	20210911	2021-09-11 10:47:43.000	6	2	38675.0	1054481		0	1
1776	1776	20210911	2021-09-11 08:04:03.000	6	2	38927.800000000003	1054483		0	1
1777	1777	20210911	2021-09-11 09:22:07.000	6	2	38948.800000000003	1054482		0	1
1778	1778	20210911	2021-09-11 15:45:43.000	6	2	39071.300000000003	1054516		0	1
1779	1779	20210913	2021-09-13 09:39:47.000	6	2	33611.400000000001	1054864		0	1
1780	1780	20210912	2021-09-12 07:43:14.000	6	2	38853.699999999997	1054584		0	1
1781	1781	20210912	2021-09-12 09:07:07.000	6	2	38900.900000000001	1054583		0	1
1782	1782	20210912	2021-09-12 10:31:41.000	6	2	39013.0	1054582		0	1
1783	1783	20210913	2021-09-13 11:05:01.000	6	2	39018.699999999997	1054882		0	1
1784	1784	20210913	2021-09-13 13:02:40.000	6	2	39171.699999999997	1054911		0	1
1785	1785	20210918	2021-09-18 08:00:00.000	15	2	38983.0	1055688		0	1
1786	1786	20210923	2021-09-23 10:40:00.000	15	2	38988.0	1056458		0	1
1787	1787	20210920	2021-09-20 15:08:00.000	15	2	38992.0	1055830		0	1
1788	1788	20210914	2021-09-14 08:19:00.000	15	2	38994.0	1055049		0	1
1789	1789	20210915	2021-09-15 09:25:00.000	15	2	38994.0	1055240		0	1
1790	1790	20210921	2021-09-21 14:05:00.000	15	2	38994.0	1055923		0	1
1791	1791	20210927	2021-09-27 14:02:00.000	15	2	38994.0	1056705		0	1
1792	1792	20210917	2021-09-17 09:00:00.000	15	2	38995.0	1055391		0	1
1793	1793	20210927	2021-09-27 12:05:00.000	15	2	38995.0	1056704		0	1
1794	1794	20210915	2021-09-15 10:52:00.000	15	2	38996.0	1055241		0	1
1795	1795	20210916	2021-09-16 08:45:00.000	15	2	38997.0	1055277		0	1
1796	1796	20210922	2021-09-22 14:30:00.000	15	2	38997.0	1056121		0	1
1797	1797	20210924	2021-09-24 13:43:00.000	15	2	38997.0	1056460		0	1
1798	1798	20210925	2021-09-25 08:16:00.000	15	2	38997.0	1056568		0	1
1799	1799	20210917	2021-09-17 10:36:00.000	15	2	38999.0	1055392		0	1
1800	1800	20210924	2021-09-24 14:45:00.000	15	2	38999.0	1056461		0	1
1801	1801	20210916	2021-09-16 10:12:00.000	15	2	39000.0	1055278		0	1
1802	1802	20210918	2021-09-18 14:50:00.000	15	2	39000.0	1055689		0	1
1803	1803	20210920	2021-09-20 13:20:00.000	15	2	39000.0	1055829		0	1
1804	1804	20210926	2021-09-26 08:30:00.000	15	2	39000.0	1056569		0	1
1805	1805	20210927	2021-09-27 08:45:00.000	15	2	39000.0	1056703		0	1
1806	1806	20210922	2021-09-22 13:10:00.000	15	2	39001.0	1056120		0	1
1807	1807	20210913	2021-09-13 09:45:00.000	15	2	39002.0	1054872		0	1
1808	1808	20210916	2021-09-16 14:00:00.000	15	2	39003.0	1055295		0	1
1809	1809	20210921	2021-09-21 12:31:00.000	15	2	39003.0	1055900		0	1
1810	1810	20210923	2021-09-23 12:15:00.000	15	2	39004.0	1056459		0	1
1811	1811	20210919	2021-09-19 07:47:00.000	15	2	39097.0	1055692		0	1
1812	1812	20210928	2021-09-28 08:47:00.000	15	2	38998.0	1056774		0	1
1813	1813	20210929	2021-09-29 10:59:00.000	15	2	38995.0	1057012		0	1
1814	1814	20210929	2021-09-29 09:06:00.000	15	2	39004.0	1057011		0	1
1815	1815	20210930	2021-09-30 09:43:00.000	15	2	38913.0	1057135		0	1
1816	1816	20211001	2021-10-01 08:35:00.000	15	2	38886.0	1057189		0	1
1817	1817	20211001	2021-10-01 11:06:00.000	15	2	38996.0	1057190		0	1
1818	1818	20211004	2021-10-04 14:33:00.000	15	2	38996.0	1057625		0	1
1819	1819	20211006	2021-10-06 11:37:00.000	15	2	39000.0	1057844		0	1
1820	1820	20211006	2021-10-06 08:50:00.000	15	2	39007.0	1057824		0	1
1821	1821	20211011	2021-10-11 15:16:00.000	15	2	39002.0	1058571		0	1
1822	1822	20211012	2021-10-12 08:08:00.000	15	2	38989.0	1058720		0	1
1823	1823	20211012	2021-10-12 16:30:00.000	15	2	38995.0	1058722		0	1
1824	1824	20211012	2021-10-12 09:30:00.000	15	2	38997.0	1058719		0	1
1825	1825	20211012	2021-10-12 10:50:00.000	15	2	39000.0	1058721		0	1
1826	1826	20211014	2021-10-14 11:01:42.000	6	2	39269.0	1058899		0	1
1827	1827	20211014	2021-10-14 09:40:00.000	15	2	38911.0	1058909		0	1
1828	1828	20211014	2021-10-14 11:08:00.000	15	2	38999.0	1058910		0	1
1829	1829	20211015	2021-10-15 09:38:00.000	15	2	38996.0	1059042		0	1
1830	1830	20211018	2021-10-18 10:45:00.000	15	2	39000.0	1059395		0	1
1831	1831	20211018	2021-10-18 09:10:00.000	15	2	39002.0	1059394		0	1
1832	1832	20211019	2021-10-19 11:50:00.000	15	2	38856.0	1059541		0	1
1833	1833	20211019	2021-10-19 08:41:00.000	15	2	38858.0	1059504		0	1
1834	1834	20211020	2021-10-20 08:25:00.000	15	2	38446.0	1059654		0	1
1835	1835	20211021	2021-10-21 09:15:00.000	15	2	38849.0	1059861		0	1
1836	1836	20211021	2021-10-21 10:30:00.000	15	2	38905.0	1059862		0	1
1837	1837	20211026	2021-10-26 12:30:00.000	1	2	39000.0	1060201		0	1
1838	1838	20211028	2021-10-28 08:47:00.000	15	2	38984.0	1060505		0	1
1839	1839	20211028	2021-10-28 10:50:00.000	15	2	38996.0	1060506		0	1
1840	1840	20211028	2021-10-28 23:32:13.000	16	2	0.0	1060442		0	1
1841	1841	20211029	2021-10-29 13:45:57.000	16	2	0.0	1060443		0	1
1842	1842	20211029	2021-10-29 13:52:07.000	16	2	0.0	1060444		0	1
1843	1843	20211029	2021-10-29 14:01:03.000	16	2	0.0	1060446		0	1
1844	1844	20211029	2021-10-29 14:37:56.000	16	2	0.0	1060454		0	1
1845	1845	20211029	2021-10-29 14:42:56.000	16	2	0.0	1060455		0	1
1846	1846	20211029	2021-10-29 15:21:19.000	16	2	0.0	1060461		0	1
1847	1847	20211029	2021-10-29 21:40:07.000	16	2	0.0	1060487		0	1
1848	1848	20211029	2021-10-29 22:04:10.000	16	2	0.0	1060493		0	1
1849	1849	20211029	2021-10-29 22:16:03.000	16	2	0.0	1060494		0	1
1850	1850	20211029	2021-10-29 22:38:35.000	16	2	0.0	1060495		0	1
1851	1851	20211029	2021-10-29 23:37:20.000	16	2	0.0	1060500		0	1
1852	1852	20211030	2021-10-30 00:07:24.000	16	2	0.0	1060549		0	1
1853	1853	20211030	2021-10-30 14:24:19.000	16	2	0.0	1060553		0	1
1854	1854	20211030	2021-10-30 14:31:24.000	16	2	0.0	1060554		0	1
1855	1855	20211030	2021-10-30 15:39:39.000	16	2	0.0	1060555		0	1
1856	1856	20211030	2021-10-30 16:10:26.000	16	2	0.0	1060556		0	1
1857	1857	20211030	2021-10-30 16:11:23.000	16	2	0.0	1060557		0	1
1858	1858	20211030	2021-10-30 16:49:48.000	16	2	0.0	1060562		0	1
1859	1859	20211030	2021-10-30 22:02:49.000	16	2	0.0	1060574		0	1
1860	1860	20211030	2021-10-30 22:05:29.000	16	2	0.0	1060575		0	1
1861	1861	20211031	2021-10-31 00:10:59.000	16	2	0.0	1060577		0	1
1862	1862	20211031	2021-10-31 00:22:20.000	16	2	0.0	1060578		0	1
1863	1863	20211031	2021-10-31 02:47:32.000	16	2	0.0	1060580		0	1
1864	1864	20211101	2021-11-01 08:17:00.000	15	2	38992.0	1060724		0	1
1865	1865	20211102	2021-11-02 06:13:46.000	16	2	0.0	1060671		0	1
1866	1866	20211102	2021-11-02 06:22:55.000	16	2	0.0	1060672		0	1
1867	1867	20211102	2021-11-02 08:10:13.000	16	2	0.0	1060675		0	1
1868	1868	20211102	2021-11-02 08:45:28.000	16	2	0.0	1060676		0	1
1869	1869	20211102	2021-11-02 08:56:31.000	16	2	0.0	1060677		0	1
1870	1870	20211102	2021-11-02 08:58:24.000	16	2	0.0	1060679		0	1
1871	1871	20211102	2021-11-02 09:08:35.000	16	2	0.0	1060680		0	1
1872	1872	20211102	2021-11-02 09:34:53.000	16	2	0.0	1060681		0	1
1873	1873	20211102	2021-11-02 22:44:08.000	16	2	0.0	1060708		0	1
1874	1874	20211102	2021-11-02 23:04:01.000	16	2	0.0	1060709		0	1
1875	1875	20211102	2021-11-02 10:25:00.000	15	2	38988.0	1060787		0	1
1876	1876	20211102	2021-11-02 08:30:00.000	15	2	39005.0	1060786		0	1
1877	1877	20211103	2021-11-03 02:14:58.000	16	2	0.0	1060712		0	1
1878	1878	20211103	2021-11-03 02:32:06.000	16	2	0.0	1060713		0	1
1879	1879	20211103	2021-11-03 02:40:09.000	16	2	0.0	1060714		0	1
1880	1880	20211103	2021-11-03 02:47:57.000	16	2	0.0	1060715		0	1
1881	1881	20211103	2021-11-03 06:09:44.000	16	2	0.0	1060725		0	1
1882	1882	20211103	2021-11-03 06:26:27.000	16	2	0.0	1060726		0	1
1883	1883	20211103	2021-11-03 18:38:33.000	6	2	0.0	1060877		0	1
1884	1884	20211103	2021-11-03 18:58:34.000	6	2	0.0	1060876		0	1
1885	1885	20211103	2021-11-03 19:31:14.000	6	2	0.0	1060875		0	1
1886	1886	20211103	2021-11-03 21:13:44.000	6	2	0.0	1060885		0	1
1887	1887	20211104	2021-11-04 06:10:22.000	6	2	0.0	1060894		0	1
1888	1888	20211104	2021-11-04 09:55:08.000	6	2	0.0	1060957		0	1
1889	1889	20211104	2021-11-04 10:57:47.000	6	2	37418.0	1060955		0	1
1890	1890	20211104	2021-11-04 12:04:32.000	6	2	39514.599999999999	1060954		0	1
1891	1891	20211104	2021-11-04 13:04:09.000	6	2	39558.800000000003	1060953		0	1
1892	1892	20211104	2021-11-04 09:55:26.000	6	2	39580.400000000001	1060956		0	1
1893	1893	20211105	2021-11-05 09:38:01.000	6	2	39459.599999999999	1061029		0	1
1894	1894	20211105	2021-11-05 10:40:50.000	6	2	39475.599999999999	1061028		0	1
1895	1895	20211105	2021-11-05 11:38:29.000	6	2	39496.800000000003	1061027		0	1
1896	1896	20211105	2021-11-05 08:32:56.000	6	2	39497.699999999997	1061030		0	1
1897	1897	20211109	2021-11-09 09:00:00.000	15	2	39012.0	1061331		0	1
1898	1898	20211111	2021-11-11 14:32:00.000	15	2	38992.0	1061589		0	1
1899	1899	20211111	2021-11-11 14:24:00.000	15	2	38997.0	1061537		0	1
1900	1900	20211111	2021-11-11 13:09:00.000	15	2	39595.0	1061588		0	1
1901	1901	20211112	2021-11-12 08:50:00.000	15	2	39003.0	1061636		0	1
1902	1902	20211114	2021-11-14 08:30:00.000	15	2	38993.0	1061783		0	1
1903	1903	20211115	2021-11-15 08:16:00.000	15	2	38995.0	1061828		0	1
1904	1904	20211115	2021-11-15 09:42:00.000	15	2	38995.0	1061829		0	1
1905	1905	20211116	2021-11-16 10:00:00.000	15	2	38996.0	1061914		0	1
1906	1906	20211121	2021-11-21 09:37:00.000	15	2	38984.0	1062347		0	1
1907	1907	20211121	2021-11-21 08:00:00.000	15	2	39005.0	1062346		0	1
1908	1908	20211122	2021-11-22 15:18:00.000	15	2	38984.0	1062433		0	1
1909	1909	20211122	2021-11-22 08:35:00.000	15	2	38994.0	1062432		0	1
1910	1910	20211123	2021-11-23 22:28:43.000	16	2	0.0	1062417		0	1
1911	1911	20211125	2021-11-25 10:48:46.000	16	2	0.0	1062575		0	1
1912	1912	20211125	2021-11-25 12:46:54.000	16	2	0.0	1062583		0	1
1913	1913	20211125	2021-11-25 14:54:17.000	16	2	0.0	1062594		0	1
1914	1914	20211125	2021-11-25 15:19:02.000	16	2	0.0	1062598		0	1
1915	1915	20211125	2021-11-25 16:09:44.000	16	2	0.0	1062601		0	1
1916	1916	20211125	2021-11-25 16:14:12.000	16	2	0.0	1062602		0	1
1917	1917	20211125	2021-11-25 16:19:41.000	16	2	0.0	1062603		0	1
1918	1918	20211125	2021-11-25 17:06:26.000	16	2	0.0	1062608		0	1
1919	1919	20211125	2021-11-25 18:35:59.000	16	2	0.0	1062610		0	1
1920	1920	20211125	2021-11-25 19:38:05.000	16	2	0.0	1062625		0	1
1921	1921	20211125	2021-11-25 22:00:38.000	16	2	0.0	1062628		0	1
1922	1922	20211125	2021-11-25 22:28:18.000	16	2	0.0	1062631		0	1
1923	1923	20211125	2021-11-25 22:34:49.000	16	2	0.0	1062632		0	1
1924	1924	20211125	2021-11-25 22:41:09.000	16	2	0.0	1062634		0	1
1925	1925	20211125	2021-11-25 22:58:23.000	16	2	0.0	1062636		0	1
1926	1926	20211125	2021-11-25 23:18:10.000	16	2	0.0	1062638		0	1
1927	1927	20211125	2021-11-25 23:30:09.000	16	2	0.0	1062639		0	1
1928	1928	20211125	2021-11-25 23:51:28.000	16	2	0.0	1062644		0	1
1929	1929	20211126	2021-11-26 00:13:58.000	16	2	0.0	1062645		0	1
1930	1930	20211126	2021-11-26 00:27:16.000	16	2	0.0	1062646		0	1
1931	1931	20211126	2021-11-26 00:38:10.000	16	2	0.0	1062647		0	1
1932	1932	20211126	2021-11-26 00:57:28.000	16	2	0.0	1062648		0	1
1933	1933	20211126	2021-11-26 07:23:36.000	16	2	0.0	1062668		0	1
1934	1934	20211126	2021-11-26 07:42:48.000	16	2	0.0	1062671		0	1
1935	1935	20211126	2021-11-26 09:04:40.000	16	2	0.0	1062681		0	1
1936	1936	20211126	2021-11-26 16:00:32.000	16	2	0.0	1062728		0	1
1937	1937	20211126	2021-11-26 16:06:35.000	16	2	0.0	1062729		0	1
1938	1938	20211126	2021-11-26 16:37:15.000	16	2	0.0	1062730		0	1
1939	1939	20211126	2021-11-26 16:59:04.000	16	2	0.0	1062731		0	1
1940	1940	20211126	2021-11-26 17:19:17.000	16	2	0.0	1062732		0	1
1941	1941	20211126	2021-11-26 19:36:50.000	16	2	0.0	1062735		0	1
1942	1942	20211126	2021-11-26 19:54:09.000	16	2	0.0	1062736		0	1
1943	1943	20211126	2021-11-26 20:29:04.000	16	2	0.0	1062738		0	1
1944	1944	20211126	2021-11-26 22:03:58.000	16	2	0.0	1062742		0	1
1945	1945	20211126	2021-11-26 22:16:27.000	16	2	0.0	1062744		0	1
1946	1946	20211126	2021-11-26 22:31:56.000	16	2	0.0	1062746		0	1
1947	1947	20211126	2021-11-26 22:43:16.000	16	2	0.0	1062747		0	1
1948	1948	20211126	2021-11-26 23:01:59.000	16	2	0.0	1062749		0	1
1949	1949	20211126	2021-11-26 23:22:52.000	16	2	0.0	1062751		0	1
1950	1950	20211126	2021-11-26 23:36:59.000	16	2	0.0	1062755		0	1
1951	1951	20211126	2021-11-26 23:55:20.000	16	2	0.0	1062756		0	1
1952	1952	20211127	2021-11-27 00:01:45.000	16	2	0.0	1062757		0	1
1953	1953	20211127	2021-11-27 00:20:30.000	16	2	0.0	1062758		0	1
1954	1954	20211127	2021-11-27 00:28:15.000	16	2	0.0	1062759		0	1
1955	1955	20211127	2021-11-27 00:45:06.000	16	2	0.0	1062766		0	1
1956	1956	20211127	2021-11-27 09:21:38.000	16	2	0.0	1062781		0	1
1957	1957	20211127	2021-11-27 12:12:25.000	16	2	0.0	1062799		0	1
1958	1958	20211127	2021-11-27 18:24:46.000	16	2	0.0	1062835		0	1
1959	1959	20211127	2021-11-27 18:44:32.000	16	2	0.0	1062836		0	1
1960	1960	20211127	2021-11-27 19:01:45.000	16	2	0.0	1062839		0	1
1961	1961	20211127	2021-11-27 20:54:59.000	16	2	0.0	1062847		0	1
1962	1962	20211127	2021-11-27 21:01:21.000	16	2	0.0	1062848		0	1
1963	1963	20211127	2021-11-27 21:38:43.000	16	2	0.0	1062850		0	1
1964	1964	20211128	2021-11-28 01:53:42.000	16	2	0.0	1062854		0	1
1965	1965	20211128	2021-11-28 02:59:19.000	16	2	0.0	1062858		0	1
1966	1966	20211128	2021-11-28 13:34:28.000	16	2	0.0	1062888		0	1
1967	1967	20211128	2021-11-28 15:16:00.000	16	2	0.0	1062892		0	1
1968	1968	20211128	2021-11-28 17:47:16.000	16	2	0.0	1062895		0	1
1969	1969	20211128	2021-11-28 18:20:31.000	16	2	0.0	1062898		0	1
1970	1970	20211128	2021-11-28 18:30:31.000	16	2	0.0	1062899		0	1
1971	1971	20211128	2021-11-28 19:00:54.000	16	2	0.0	1062903		0	1
1972	1972	20211128	2021-11-28 19:27:22.000	16	2	0.0	1062904		0	1
1973	1973	20211128	2021-11-28 23:25:29.000	16	2	0.0	1062911		0	1
1974	1974	20211129	2021-11-29 01:12:03.000	16	2	0.0	1062918		0	1
1975	1975	20211129	2021-11-29 01:44:09.000	16	2	0.0	1062924		0	1
1976	1976	20211129	2021-11-29 03:06:06.000	16	2	0.0	1062925		0	1
1977	1977	20211129	2021-11-29 06:38:25.000	16	2	0.0	1062936		0	1
1978	1978	20211129	2021-11-29 07:38:24.000	16	2	0.0	1062939		0	1
1979	1979	20211129	2021-11-29 09:20:28.000	16	2	0.0	1062942		0	1
1980	1980	20211129	2021-11-29 09:32:35.000	16	2	0.0	1062943		0	1
1981	1981	20211129	2021-11-29 10:00:18.000	16	2	0.0	1062955		0	1
1982	1982	20211129	2021-11-29 10:07:56.000	16	2	0.0	1062956		0	1
1983	1983	20211129	2021-11-29 10:33:05.000	16	2	0.0	1062957		0	1
1984	1984	20211129	2021-11-29 12:06:44.000	16	2	0.0	1062959		0	1
1985	1985	20211129	2021-11-29 14:56:59.000	16	2	0.0	1062972		0	1
1986	1986	20211129	2021-11-29 18:14:52.000	16	2	0.0	1062977		0	1
1987	1987	20211129	2021-11-29 18:21:26.000	16	2	0.0	1062978		0	1
1988	1988	20211129	2021-11-29 18:41:06.000	16	2	0.0	1062979		0	1
1989	1989	20211129	2021-11-29 18:48:01.000	16	2	0.0	1062980		0	1
1990	1990	20211129	2021-11-29 19:15:19.000	16	2	0.0	1062982		0	1
1991	1991	20211129	2021-11-29 19:19:36.000	16	2	0.0	1062983		0	1
1992	1992	20211129	2021-11-29 19:24:23.000	16	2	0.0	1062984		0	1
1993	1993	20211129	2021-11-29 19:40:08.000	16	2	0.0	1062985		0	1
1994	1994	20211129	2021-11-29 20:12:21.000	16	2	0.0	1062986		0	1
1995	1995	20211129	2021-11-29 20:20:28.000	16	2	0.0	1062988		0	1
1996	1996	20211129	2021-11-29 20:37:01.000	16	2	0.0	1062992		0	1
1997	1997	20211129	2021-11-29 21:22:12.000	16	2	0.0	1062993		0	1
1998	1998	20211129	2021-11-29 21:29:54.000	16	2	0.0	1062995		0	1
1999	1999	20211129	2021-11-29 21:41:18.000	16	2	0.0	1062996		0	1
2000	2000	20211129	2021-11-29 21:58:31.000	16	2	0.0	1062997		0	1
2001	2001	20211129	2021-11-29 22:18:54.000	16	2	0.0	1063002		0	1
2002	2002	20211129	2021-11-29 22:34:04.000	16	2	0.0	1063003		0	1
2003	2003	20211129	2021-11-29 22:54:45.000	16	2	0.0	1063004		0	1
2004	2004	20211130	2021-11-30 06:43:18.000	16	2	0.0	1063027		0	1
2005	2005	20211130	2021-11-30 08:24:39.000	16	2	0.0	1063043		0	1
2006	2006	20211130	2021-11-30 08:47:28.000	16	2	0.0	1063053		0	1
2007	2007	20211130	2021-11-30 08:58:37.000	16	2	0.0	1063054		0	1
2008	2008	20211130	2021-11-30 09:04:43.000	16	2	0.0	1063055		0	1
2009	2009	20211130	2021-11-30 09:13:33.000	16	2	0.0	1063056		0	1
2010	2010	20211130	2021-11-30 09:51:01.000	16	2	0.0	1063057		0	1
2011	2011	20211130	2021-11-30 10:07:32.000	16	2	0.0	1063058		0	1
2012	2012	20211130	2021-11-30 10:29:57.000	16	2	0.0	1063059		0	1
2013	2013	20211130	2021-11-30 16:00:31.000	16	2	0.0	1063084		0	1
2014	2014	20211130	2021-11-30 17:53:34.000	16	2	0.0	1063086		0	1
2015	2015	20211130	2021-11-30 19:51:28.000	16	2	0.0	1063090		0	1
2016	2016	20211130	2021-11-30 20:10:40.000	16	2	0.0	1063096		0	1
2017	2017	20211130	2021-11-30 22:26:25.000	16	2	0.0	1063097		0	1
2018	2018	20211130	2021-11-30 22:46:38.000	16	2	0.0	1063098		0	1
2019	2019	20211130	2021-11-30 23:00:42.000	16	2	0.0	1063099		0	1
2020	2020	20211130	2021-11-30 23:22:36.000	16	2	0.0	1063100		0	1
2021	2021	20211130	2021-11-30 23:49:34.000	16	2	0.0	1063101		0	1
2022	2022	20211130	2021-11-30 23:59:32.000	16	2	0.0	1063102		0	1
2023	2023	20211201	2021-12-01 00:05:53.000	16	2	0.0	1063103		0	1
2024	2024	20211201	2021-12-01 00:18:44.000	16	2	0.0	1063104		0	1
2025	2025	20211201	2021-12-01 00:40:53.000	16	2	0.0	1063105		0	1
2026	2026	20211201	2021-12-01 01:21:50.000	16	2	0.0	1063106		0	1
2027	2027	20211201	2021-12-01 01:37:50.000	16	2	0.0	1063107		0	1
2028	2028	20211201	2021-12-01 04:31:57.000	16	2	0.0	1063110		0	1
2029	2029	20211201	2021-12-01 07:25:20.000	16	2	0.0	1063115		0	1
2030	2030	20211201	2021-12-01 09:12:32.000	16	2	0.0	1063137		0	1
2031	2031	20211201	2021-12-01 16:09:57.000	16	2	0.0	1063169		0	1
2032	2032	20211201	2021-12-01 17:57:13.000	16	2	0.0	1063172		0	1
2033	2033	20211201	2021-12-01 18:22:12.000	16	2	0.0	1063173		0	1
2034	2034	20211201	2021-12-01 22:10:52.000	16	2	0.0	1063178		0	1
2035	2035	20211201	2021-12-01 22:28:47.000	16	2	0.0	1063179		0	1
2036	2036	20211201	2021-12-01 22:38:19.000	16	2	0.0	1063180		0	1
2037	2037	20211201	2021-12-01 22:53:40.000	16	2	0.0	1063181		0	1
2038	2038	20211201	2021-12-01 22:57:43.000	16	2	0.0	1063182		0	1
2039	2039	20211201	2021-12-01 23:03:39.000	16	2	0.0	1063183		0	1
2040	2040	20211201	2021-12-01 23:11:45.000	16	2	0.0	1063185		0	1
2041	2041	20211201	2021-12-01 23:22:27.000	16	2	0.0	1063188		0	1
2042	2042	20211201	2021-12-01 23:40:40.000	16	2	0.0	1063189		0	1
2043	2043	20211202	2021-12-02 00:04:02.000	16	2	0.0	1063191		0	1
2044	2044	20211202	2021-12-02 01:09:38.000	16	2	0.0	1063196		0	1
2045	2045	20211202	2021-12-02 01:15:00.000	16	2	0.0	1063197		0	1
2046	2046	20211202	2021-12-02 01:27:54.000	16	2	0.0	1063198		0	1
2047	2047	20211202	2021-12-02 01:56:08.000	16	2	0.0	1063199		0	1
2048	2048	20211202	2021-12-02 02:10:36.000	16	2	0.0	1063200		0	1
2049	2049	20211202	2021-12-02 07:33:54.000	16	2	0.0	1063209		0	1
2050	2050	20211202	2021-12-02 08:13:40.000	16	2	0.0	1063210		0	1
2051	2051	20211202	2021-12-02 08:33:51.000	16	2	0.0	1063221		0	1
2052	2052	20211202	2021-12-02 08:46:20.000	16	2	0.0	1063222		0	1
2053	2053	20211202	2021-12-02 08:54:32.000	16	2	0.0	1063223		0	1
2054	2054	20211202	2021-12-02 09:16:22.000	16	2	0.0	1063224		0	1
2055	2055	20211202	2021-12-02 09:49:25.000	16	2	0.0	1063225		0	1
2056	2056	20211202	2021-12-02 10:08:07.000	16	2	0.0	1063226		0	1
2057	2057	20211202	2021-12-02 10:18:47.000	16	2	0.0	1063227		0	1
2058	2058	20211202	2021-12-02 10:25:27.000	16	2	0.0	1063228		0	1
2059	2059	20211202	2021-12-02 10:43:13.000	16	2	0.0	1063229		0	1
2060	2060	20211202	2021-12-02 11:16:52.000	16	2	0.0	1063233		0	1
2061	2061	20211202	2021-12-02 11:23:51.000	16	2	0.0	1063235		0	1
2062	2062	20211202	2021-12-02 12:28:12.000	16	2	0.0	1063239		0	1
2063	2063	20211202	2021-12-02 15:00:14.000	16	2	0.0	1063258		0	1
2064	2064	20211202	2021-12-02 15:06:32.000	16	2	0.0	1063259		0	1
2065	2065	20211202	2021-12-02 15:20:55.000	16	2	0.0	1063260		0	1
2066	2066	20211202	2021-12-02 15:32:56.000	16	2	0.0	1063265		0	1
2067	2067	20211202	2021-12-02 15:56:19.000	16	2	0.0	1063266		0	1
2068	2068	20211202	2021-12-02 16:06:52.000	16	2	0.0	1063267		0	1
2069	2069	20211202	2021-12-02 16:27:45.000	16	2	0.0	1063269		0	1
2070	2070	20211202	2021-12-02 17:08:51.000	16	2	0.0	1063271		0	1
2071	2071	20211202	2021-12-02 22:12:41.000	16	2	0.0	1063289		0	1
2072	2072	20211203	2021-12-03 00:04:28.000	16	2	0.0	1063291		0	1
2073	2073	20211203	2021-12-03 00:21:35.000	16	2	0.0	1063292		0	1
2074	2074	20211203	2021-12-03 00:43:50.000	16	2	0.0	1063293		0	1
2075	2075	20211203	2021-12-03 01:03:33.000	16	2	0.0	1063294		0	1
2076	2076	20211203	2021-12-03 01:11:17.000	16	2	0.0	1063295		0	1
2077	2077	20211203	2021-12-03 01:30:27.000	16	2	0.0	1063296		0	1
2078	2078	20211203	2021-12-03 01:51:43.000	16	2	0.0	1063297		0	1
2079	2079	20211203	2021-12-03 01:58:09.000	16	2	0.0	1063298		0	1
2080	2080	20211203	2021-12-03 11:08:04.000	16	2	0.0	1063325		0	1
2081	2081	20211203	2021-12-03 11:27:15.000	16	2	0.0	1063331		0	1
2082	2082	20211203	2021-12-03 11:48:49.000	16	2	0.0	1063332		0	1
2083	2083	20211203	2021-12-03 12:27:29.000	16	2	0.0	1063334		0	1
2084	2084	20211203	2021-12-03 12:39:11.000	16	2	0.0	1063335		0	1
2085	2085	20211203	2021-12-03 12:51:58.000	16	2	0.0	1063336		0	1
2086	2086	20211203	2021-12-03 13:00:14.000	16	2	0.0	1063339		0	1
2087	2087	20211203	2021-12-03 13:18:20.000	16	2	0.0	1063340		0	1
2088	2088	20211203	2021-12-03 15:36:18.000	16	2	0.0	1063345		0	1
2089	2089	20211203	2021-12-03 15:57:18.000	16	2	0.0	1063346		0	1
2090	2090	20211203	2021-12-03 16:23:09.000	16	2	0.0	1063348		0	1
2091	2091	20211203	2021-12-03 17:45:31.000	16	2	0.0	1063349		0	1
2092	2092	20211203	2021-12-03 18:16:09.000	16	2	0.0	1063351		0	1
2093	2093	20211203	2021-12-03 19:18:34.000	16	2	0.0	1063354		0	1
2094	2094	20211203	2021-12-03 19:46:30.000	16	2	0.0	1063355		0	1
2095	2095	20211203	2021-12-03 20:21:37.000	16	2	0.0	1063356		0	1
2096	2096	20211203	2021-12-03 22:35:29.000	16	2	0.0	1063358		0	1
2097	2097	20211203	2021-12-03 23:10:02.000	16	2	0.0	1063359		0	1
2098	2098	20211203	2021-12-03 23:21:22.000	16	2	0.0	1063360		0	1
2099	2099	20211203	2021-12-03 23:27:40.000	16	2	0.0	1063361		0	1
2100	2100	20211203	2021-12-03 23:35:13.000	16	2	0.0	1063362		0	1
2101	2101	20211203	2021-12-03 23:58:18.000	16	2	0.0	1063365		0	1
2102	2102	20211204	2021-12-04 00:11:41.000	16	2	0.0	1063366		0	1
2103	2103	20211204	2021-12-04 00:52:32.000	16	2	0.0	1063368		0	1
2104	2104	20211204	2021-12-04 02:22:02.000	16	2	0.0	1063369		0	1
2105	2105	20211204	2021-12-04 03:00:01.000	16	2	0.0	1063370		0	1
2106	2106	20211205	2021-12-05 08:19:00.000	15	2	38991.0	1063448		0	1
2107	2107	20211205	2021-12-05 10:19:00.000	15	2	38992.0	1063449		0	1
2108	2108	20211205	2021-12-05 11:45:00.000	15	2	39006.0	1063450		0	1
2109	2109	20211208	2021-12-08 09:52:00.000	15	2	38863.0	1063546		0	1
2110	2110	20211208	2021-12-08 08:30:00.000	15	2	38982.0	1063545		0	1
2111	2111	20211209	2021-12-09 13:47:00.000	15	2	38997.0	1063601		0	1
2112	2112	20211213	2021-12-13 08:05:00.000	15	2	38997.0	1063715		0	1
2113	2113	20211214	2021-12-14 14:30:00.000	15	2	38996.0	1063748		0	1
2114	2114	20211214	2021-12-14 15:45:00.000	15	2	38997.0	1063749		0	1
2115	2115	20211216	2021-12-16 13:55:00.000	15	2	39004.0	1063794		0	1
2116	2116	20211219	2021-12-19 09:53:00.000	15	2	38998.0	1063857		0	1
2117	2117	20211219	2021-12-19 08:20:00.000	15	2	39001.0	1063856		0	1
2118	2118	20211221	2021-12-21 11:57:00.000	15	2	38995.0	1063930		0	1
2119	2119	20211221	2021-12-21 09:30:00.000	15	2	39003.0	1063929		0	1
2120	2120	20211222	2021-12-22 08:13:00.000	15	2	39004.0	1063951		0	1
2121	2121	20211223	2021-12-23 09:00:00.000	15	2	38982.0	1063986		0	1
2122	2122	20211225	2021-12-25 08:35:00.000	15	2	38883.0	1064018		0	1
2123	2123	20211228	2021-12-28 09:56:00.000	15	2	38853.0	1064097		0	1
2124	2124	20211229	2021-12-29 10:48:00.000	15	2	38956.0	1064160		0	1
2125	2125	20211229	2021-12-29 08:30:00.000	15	2	39000.0	1064159		0	1
2126	2126	20211230	2021-12-30 14:00:00.000	15	2	38989.0	1064206		0	1
2127	2127	20220102	2022-01-02 12:17:00.000	15	2	38994.0	1064243		0	1
2128	2128	20220105	2022-01-05 11:15:00.000	15	2	38997.0	1064312		0	1
2129	2129	20220201	2022-02-01 09:51:00.000	15	2	38998.0	1065652		0	1
2130	2130	20220131	2022-01-31 08:48:00.000	15	2	39001.0	1065650		0	1
2131	2131	20220201	2022-02-01 08:28:00.000	15	2	39002.0	1065651		0	1
2132	2132	20220202	2022-02-02 10:30:00.000	15	2	39005.0	1065707		0	1
2133	2133	20220203	2022-02-03 09:50:00.000	15	2	39004.0	1065779		0	1
2134	2134	20220203	2022-02-03 08:23:00.000	15	2	39015.0	1065778		0	1
2135	2135	20220204	2022-02-04 13:05:31.113	15	2	38821.0	1065828		0	1
2136	2136	20220211	2022-02-11 21:40:00.000	15	2	38998.0	1066393		0	1
2137	2137	20220221	2022-02-21 15:30:00.000	15	2	39004.0	1066975		0	1
2138	2138	20220325	2022-03-25 10:56:00.000	15	2	38870.0	1068786		0	1
2139	2139	20220504	2022-05-04 14:30:00.000	15	2	39095.0	1073599		0	1
2140	2140	20220508	2022-05-08 08:01:00.000	15	2	38986.0	1073785		0	1
2141	2141	20220508	2022-05-08 09:50:00.000	15	2	38993.0	1073786		0	1
2142	2142	20220513	2022-05-13 15:30:00.000	15	2	38971.0	1074018		0	1
2143	2143	20220517	2022-05-17 14:15:00.000	15	2	38994.0	1074251		0	1
2144	2144	20220517	2022-05-17 15:40:00.000	15	2	38999.0	1074252		0	1
2145	2145	20220517	2022-05-17 11:35:00.000	15	2	39014.0	1074249		0	1
2146	2146	20220517	2022-05-17 13:00:00.000	15	2	39017.0	1074250		0	1
2147	2147	20220603	2022-06-03 08:35:00.000	15	2	38995.0	1075122		0	1
2148	2148	20220609	2022-06-09 09:35:00.000	15	2	39004.0	1075015		0	1
2149	2149	20220613	2022-06-13 13:01:00.000	15	2	39602.0	1075645		0	1
2150	2150	20220704	2022-07-04 08:39:00.000	15	2	38802.0	1076829		0	1
2151	2151	20220704	2022-07-04 10:32:00.000	15	2	38999.0	1076830		0	1
2152	2152	20220711	2022-07-11 20:10:00.000	15	2	38996.0	1077115		0	1
2153	2153	20220801	2022-08-01 20:55:00.000	15	2	39136.0	1078237		0	1
